customer_id,last_order_date,recency_days,frequency,monetary,r_score,f_score,m_score,rfm_total_score,rfm_segment,segment_label
14646,2011-12-08 12:12:00,1,73,280206.02,4,4,4,12,444,Champions
18102,2011-12-09 11:50:00,0,60,259657.3,4,4,4,12,444,Champions
17450,2011-12-01 13:29:00,8,46,194550.79,4,4,4,12,444,Champions
14911,2011-12-08 15:54:00,1,201,143825.06,4,4,4,12,444,Champions
14156,2011-11-30 10:54:00,9,55,117379.63,4,4,4,12,444,Champions
17511,2011-12-07 10:12:00,2,31,91062.38,4,4,4,12,444,Champions
16684,2011-12-05 14:06:00,4,28,66653.56,4,4,4,12,444,Champions
14096,2011-12-05 17:17:00,4,17,65164.79,4,4,4,12,444,Champions
13694,2011-12-06 09:32:00,3,50,65039.62,4,4,4,12,444,Champions
15311,2011-12-09 12:00:00,0,91,60767.9,4,4,4,12,444,Champions
13089,2011-12-07 09:02:00,2,97,58825.83,4,4,4,12,444,Champions
17949,2011-12-08 18:46:00,1,45,58510.48,4,4,4,12,444,Champions
15769,2011-12-02 13:52:00,7,26,56252.72,4,4,4,12,444,Champions
15061,2011-12-06 12:06:00,3,48,54534.14,4,4,4,12,444,Champions
14298,2011-12-01 13:12:00,8,44,51527.3,4,4,4,12,444,Champions
14088,2011-11-29 16:16:00,10,13,50491.81,4,4,4,12,444,Champions
17841,2011-12-08 12:07:00,1,124,40991.57,4,4,4,12,444,Champions
13798,2011-12-08 15:51:00,1,57,37153.85,4,4,4,12,444,Champions
16013,2011-12-06 10:36:00,3,47,37130.6,4,4,4,12,444,Champions
16422,2011-11-22 14:00:00,17,51,34684.4,4,4,4,12,444,Champions
12748,2011-12-09 12:20:00,0,209,33719.73,4,4,4,12,444,Champions
15838,2011-11-28 14:00:00,11,19,33643.08,4,4,4,12,444,Champions
17404,2011-12-05 16:26:00,4,15,31906.82,4,4,4,12,444,Champions
17389,2011-12-09 09:38:00,0,34,31833.68,4,4,4,12,444,Champions
13098,2011-12-08 14:14:00,1,28,28882.44,4,4,4,12,444,Champions
13081,2011-11-28 10:54:00,11,11,28337.38,4,4,4,12,444,Champions
13408,2011-12-08 09:05:00,1,62,28117.04,4,4,4,12,444,Champions
17857,2011-12-05 13:13:00,4,23,26879.04,4,4,4,12,444,Champions
16333,2011-12-02 12:19:00,7,22,26626.8,4,4,4,12,444,Champions
13777,2011-12-09 12:25:00,0,33,25977.16,4,4,4,12,444,Champions
16210,2011-12-08 12:36:00,1,18,21086.3,4,4,4,12,444,Champions
17675,2011-12-08 18:03:00,1,31,20374.28,4,4,4,12,444,Champions
17381,2011-12-01 11:59:00,8,29,20275.61,4,4,4,12,444,Champions
15039,2011-11-30 11:31:00,9,47,19914.44,4,4,4,12,444,Champions
12471,2011-12-07 15:43:00,2,30,19824.05,4,4,4,12,444,Champions
15159,2011-12-08 12:05:00,1,30,18641.01,4,4,4,12,444,Champions
12901,2011-12-01 10:07:00,8,28,17654.54,4,4,4,12,444,Champions
14031,2011-12-02 17:13:00,7,19,17286.86,4,4,4,12,444,Champions
17428,2011-12-09 09:45:00,0,28,17256.85,4,4,4,12,444,Champions
13767,2011-12-07 15:00:00,2,37,17220.36,4,4,4,12,444,Champions
13881,2011-12-06 12:50:00,3,20,17159.52,4,4,4,12,444,Champions
16839,2011-12-01 09:03:00,8,34,16594.35,4,4,4,12,444,Champions
12921,2011-11-30 16:22:00,9,37,16587.09,4,4,4,12,444,Champions
14607,2011-11-24 10:35:00,15,14,16569.5,4,4,4,12,444,Champions
15856,2011-12-05 17:09:00,4,27,16387.57,4,4,4,12,444,Champions
17677,2011-12-08 09:56:00,1,30,16363.23,4,4,4,12,444,Champions
15189,2011-12-08 13:22:00,1,41,16225.39,4,4,4,12,444,Champions
14051,2011-12-09 10:20:00,0,23,15610.39,4,4,4,12,444,Champions
16133,2011-12-06 11:24:00,3,33,14589.04,4,4,4,12,444,Champions
14866,2011-11-29 11:45:00,10,12,14389.9,4,4,4,12,444,Champions
16705,2011-12-09 12:08:00,0,20,14034.99,4,4,4,12,444,Champions
12681,2011-11-25 11:33:00,14,22,13787.54,4,4,4,12,444,Champions
12621,2011-12-08 11:25:00,1,20,13689.67,4,4,4,12,444,Champions
12433,2011-12-09 10:02:00,0,7,13375.87,4,4,4,12,444,Champions
15498,2011-12-07 12:48:00,2,27,13316.4,4,4,4,12,444,Champions
17735,2011-12-07 16:47:00,2,19,13110.02,4,4,4,12,444,Champions
16525,2011-12-07 15:07:00,2,26,13027.45,4,4,4,12,444,Champions
14258,2011-11-30 15:27:00,9,9,12669.98,4,4,4,12,444,Champions
13078,2011-12-06 15:36:00,3,26,12627.94,4,4,4,12,444,Champions
15640,2011-12-05 14:35:00,4,15,12515.66,4,4,4,12,444,Champions
12682,2011-12-06 10:00:00,3,31,12288.22,4,4,4,12,444,Champions
13113,2011-12-09 12:49:00,0,24,12245.96,4,4,4,12,444,Champions
14606,2011-12-08 19:28:00,1,93,12156.65,4,4,4,12,444,Champions
12557,2011-11-23 16:59:00,16,5,11990.96,4,4,4,12,444,Champions
14194,2011-12-05 10:38:00,4,21,11349.52,4,4,4,12,444,Champions
12971,2011-12-06 12:20:00,3,86,11189.91,4,4,4,12,444,Champions
14895,2011-12-02 09:23:00,7,20,11138.71,4,4,4,12,444,Champions
15482,2011-11-24 10:46:00,15,12,11054.96,4,4,4,12,444,Champions
17581,2011-12-09 12:21:00,0,25,11045.04,4,4,4,12,444,Champions
13319,2011-12-04 13:34:00,5,26,10845.55,4,4,4,12,444,Champions
14769,2011-12-07 10:24:00,2,8,10674.75,4,4,4,12,444,Champions
17139,2011-11-24 10:12:00,15,12,10668.47,4,4,4,12,444,Champions
16779,2011-12-07 14:54:00,2,22,10629.72,4,4,4,12,444,Champions
17706,2011-12-05 13:34:00,4,17,10504.49,4,4,4,12,444,Champions
15251,2011-11-30 15:02:00,9,11,10484.99,4,4,4,12,444,Champions
14062,2011-11-30 10:04:00,9,12,10464.85,4,4,4,12,444,Champions
15615,2011-11-29 14:42:00,10,23,10399.74,4,4,4,12,444,Champions
15502,2011-11-24 12:48:00,15,12,10384.93,4,4,4,12,444,Champions
13001,2011-12-05 14:51:00,4,13,9818.82,4,4,4,12,444,Champions
13199,2011-12-06 12:30:00,3,38,9817.12,4,4,4,12,444,Champions
15078,2011-12-02 15:41:00,7,32,9743.11,4,4,4,12,444,Champions
12709,2011-11-24 15:38:00,15,15,9736.52,4,4,4,12,444,Champions
13458,2011-12-02 15:29:00,7,14,9646.57,4,4,4,12,444,Champions
14733,2011-11-23 15:39:00,16,12,9585.91,4,4,4,12,444,Champions
16523,2011-12-08 09:06:00,1,21,9418.47,4,4,4,12,444,Champions
14367,2011-12-01 13:19:00,8,16,9261.52,4,4,4,12,444,Champions
14667,2011-11-29 11:30:00,10,25,9241.2,4,4,4,12,444,Champions
18092,2011-12-07 13:14:00,2,11,9068.26,4,4,4,12,444,Champions
13969,2011-12-02 15:11:00,7,18,9053.94,4,4,4,12,444,Champions
12451,2011-11-29 08:40:00,10,5,9035.52,4,4,4,12,444,Champions
13488,2011-11-22 14:41:00,17,13,8968.31,4,4,4,12,444,Champions
13090,2011-12-01 12:39:00,8,14,8910.82,4,4,4,12,444,Champions
16033,2011-12-04 12:44:00,5,20,8816.4,4,4,4,12,444,Champions
17017,2011-12-07 09:32:00,2,20,8694.26,4,4,4,12,444,Champions
17243,2011-12-08 13:26:00,1,26,8676.85,4,4,4,12,444,Champions
17306,2011-11-29 12:14:00,10,19,8631.31,4,4,4,12,444,Champions
14527,2011-12-07 12:19:00,2,55,8508.82,4,4,4,12,444,Champions
12683,2011-12-05 16:31:00,4,15,8476.57,4,4,4,12,444,Champions
18139,2011-11-22 10:44:00,17,6,8438.34,4,4,4,12,444,Champions
15358,2011-12-05 09:04:00,4,22,8347.2,4,4,4,12,444,Champions
16558,2011-12-09 10:20:00,0,20,8338.49,4,4,4,12,444,Champions
14056,2011-12-08 13:36:00,1,23,8214.65,4,4,4,12,444,Champions
16672,2011-12-07 16:29:00,2,20,8134.94,4,4,4,12,444,Champions
13854,2011-12-01 09:06:00,8,25,8109.52,4,4,4,12,444,Champions
18109,2011-12-08 11:36:00,1,26,8052.97,4,4,4,12,444,Champions
14796,2011-12-08 15:31:00,1,17,8022.49,4,4,4,12,444,Champions
15290,2011-12-05 11:39:00,4,18,7943.22,4,4,4,12,444,Champions
12757,2011-11-24 12:30:00,15,13,7857.1,4,4,4,12,444,Champions
17811,2011-12-05 13:46:00,4,39,7837.73,4,4,4,12,444,Champions
15194,2011-12-06 15:10:00,3,15,7616.53,4,4,4,12,444,Champions
18172,2011-11-25 11:12:00,14,20,7561.68,4,4,4,12,444,Champions
13263,2011-12-08 13:59:00,1,35,7454.07,4,4,4,12,444,Champions
12474,2011-11-22 14:39:00,17,18,7375.79,4,4,4,12,444,Champions
12583,2011-12-07 08:07:00,2,15,7281.38,4,4,4,12,444,Champions
13018,2011-11-23 13:28:00,16,28,7277.7,4,4,4,12,444,Champions
18229,2011-11-28 09:48:00,11,20,7276.9,4,4,4,12,444,Champions
16923,2011-11-27 13:00:00,12,19,7247.61,4,4,4,12,444,Champions
16873,2011-12-05 12:05:00,4,6,7123.62,4,4,4,12,444,Champions
13985,2011-12-05 17:06:00,4,15,7060.13,4,4,4,12,444,Champions
14961,2011-11-29 09:42:00,10,9,7044.68,4,4,4,12,444,Champions
12766,2011-12-06 08:46:00,3,7,6989.63,4,4,4,12,444,Champions
12989,2011-12-06 15:28:00,3,15,6924.11,4,4,4,12,444,Champions
12705,2011-11-24 13:17:00,15,9,6868.29,4,4,4,12,444,Champions
12476,2011-11-24 12:40:00,15,11,6816.42,4,4,4,12,444,Champions
15023,2011-12-06 17:23:00,3,11,6802.76,4,4,4,12,444,Champions
18055,2011-12-02 14:25:00,7,10,6784.19,4,4,4,12,444,Champions
15601,2011-11-28 15:15:00,11,14,6776.56,4,4,4,12,444,Champions
13576,2011-11-29 15:34:00,10,18,6717.34,4,4,4,12,444,Champions
16746,2011-12-05 12:33:00,4,18,6697.66,4,4,4,12,444,Champions
16353,2011-12-06 12:23:00,3,23,6675.71,4,4,4,12,444,Champions
17338,2011-11-22 14:23:00,17,8,6643.93,4,4,4,12,444,Champions
15144,2011-12-01 15:12:00,8,17,6580.44,4,4,4,12,444,Champions
16814,2011-11-25 13:27:00,14,21,6509.1,4,4,4,12,444,Champions
18223,2011-12-05 09:11:00,4,14,6484.54,4,4,4,12,444,Champions
15694,2011-12-09 09:44:00,0,14,6479.4,4,4,4,12,444,Champions
13225,2011-12-06 13:29:00,3,7,6463.84,4,4,4,12,444,Champions
13102,2011-12-08 12:52:00,1,24,6424.09,4,4,4,12,444,Champions
13668,2011-12-07 12:11:00,2,21,6363.59,4,4,4,12,444,Champions
13709,2011-12-06 10:28:00,3,13,6328.05,4,4,4,12,444,Champions
15005,2011-11-24 12:25:00,15,28,6316.57,4,4,4,12,444,Champions
17315,2011-12-08 12:15:00,1,38,6292.26,4,4,4,12,444,Champions
14060,2011-12-05 12:29:00,4,19,6140.42,4,4,4,12,444,Champions
13418,2011-11-28 10:23:00,11,18,6127.43,4,4,4,12,444,Champions
14735,2011-12-06 12:09:00,3,32,6065.69,4,4,4,12,444,Champions
15382,2011-11-25 10:58:00,14,6,5955.71,4,4,4,12,444,Champions
14505,2011-11-22 15:45:00,17,8,5905.64,4,4,4,12,444,Champions
14415,2011-12-08 14:38:00,1,13,5900.28,4,4,4,12,444,Champions
13534,2011-12-07 14:52:00,2,25,5870.08,4,4,4,12,444,Champions
13050,2011-11-25 09:18:00,14,17,5836.86,4,4,4,12,444,Champions
12720,2011-12-07 08:03:00,2,25,5781.73,4,4,4,12,444,Champions
15218,2011-11-29 11:48:00,10,11,5756.89,4,4,4,12,444,Champions
17686,2011-12-02 15:39:00,7,7,5739.46,4,4,4,12,444,Champions
13468,2011-12-08 10:39:00,1,37,5704.97,4,4,4,12,444,Champions
14110,2011-12-06 12:26:00,3,12,5683.15,4,4,4,12,444,Champions
17049,2011-12-07 10:48:00,2,9,5659.98,4,4,4,12,444,Champions
13004,2011-11-28 11:27:00,11,18,5655.91,4,4,4,12,444,Champions
18118,2011-11-29 11:32:00,10,26,5653.82,4,4,4,12,444,Champions
14688,2011-12-02 12:26:00,7,21,5630.87,4,4,4,12,444,Champions
17757,2011-12-08 15:31:00,1,30,5605.29,4,4,4,12,444,Champions
12839,2011-12-07 12:33:00,2,14,5591.42,4,4,4,12,444,Champions
16161,2011-12-08 12:10:00,1,19,5575.56,4,4,4,12,444,Champions
18225,2011-12-06 13:27:00,3,12,5509.12,4,4,4,12,444,Champions
16609,2011-11-24 13:32:00,15,7,5493.46,4,4,4,12,444,Champions
16985,2011-11-22 13:33:00,17,10,5464.12,4,4,4,12,444,Champions
16265,2011-11-30 16:41:00,9,9,5447.0,4,4,4,12,444,Champions
18198,2011-12-05 14:49:00,4,17,5425.56,4,4,4,12,444,Champions
12490,2011-12-04 16:07:00,5,10,5417.93,4,4,4,12,444,Champions
17809,2011-11-23 12:59:00,16,12,5411.91,4,4,4,12,444,Champions
16701,2011-12-01 11:10:00,8,13,5398.3,4,4,4,12,444,Champions
13269,2011-12-08 14:53:00,1,15,5346.23,4,4,4,12,444,Champions
15150,2011-11-22 12:52:00,17,10,5314.47,4,4,4,12,444,Champions
17730,2011-12-06 15:43:00,3,13,5298.48,4,4,4,12,444,Champions
12362,2011-12-06 15:40:00,3,10,5226.23,4,4,4,12,444,Champions
15046,2011-11-30 15:50:00,9,15,5213.77,4,4,4,12,444,Champions
13756,2011-12-07 16:44:00,2,14,5189.52,4,4,4,12,444,Champions
16191,2011-12-07 11:26:00,2,13,5180.52,4,4,4,12,444,Champions
15727,2011-11-23 12:36:00,16,7,5178.96,4,4,4,12,444,Champions
17858,2011-12-04 11:56:00,5,12,5155.66,4,4,4,12,444,Champions
13599,2011-12-08 16:10:00,1,21,5153.67,4,4,4,12,444,Champions
15903,2011-11-30 08:08:00,9,7,5126.76,4,4,4,12,444,Champions
17602,2011-12-07 13:53:00,2,6,5102.97,4,4,4,12,444,Champions
16700,2011-12-01 11:00:00,8,13,5076.55,4,4,4,12,444,Champions
14562,2011-12-06 11:05:00,3,18,5074.77,4,4,4,12,444,Champions
13139,2011-11-23 13:54:00,16,7,5064.94,4,4,4,12,444,Champions
17426,2011-12-01 18:07:00,8,6,5037.26,4,4,4,12,444,Champions
14329,2011-11-22 15:50:00,17,7,5014.84,4,4,4,12,444,Champions
14755,2011-11-30 11:24:00,9,11,5010.28,4,4,4,12,444,Champions
15547,2011-12-02 12:52:00,7,14,4954.84,4,4,4,12,444,Champions
12437,2011-12-08 11:35:00,1,18,4951.41,4,4,4,12,444,Champions
14709,2011-11-24 15:41:00,15,13,4921.04,4,4,4,12,444,Champions
17133,2011-11-24 12:27:00,15,7,4892.24,4,4,4,12,444,Champions
12664,2011-12-01 17:07:00,8,9,4881.88,4,4,4,12,444,Champions
14292,2011-12-02 11:50:00,7,9,4871.93,4,4,4,12,444,Champions
13013,2011-12-08 15:01:00,1,13,4810.94,4,4,4,12,444,Champions
15555,2011-11-27 16:19:00,12,16,4805.17,4,4,4,12,444,Champions
17365,2011-11-27 12:13:00,12,8,4801.56,4,4,4,12,444,Champions
15298,2011-12-07 17:17:00,2,12,4799.9,4,4,4,12,444,Champions
15187,2011-12-08 11:56:00,1,16,4777.18,4,4,4,12,444,Champions
12955,2011-12-08 16:29:00,1,11,4757.16,4,4,4,12,444,Champions
14180,2011-11-29 10:56:00,10,25,4748.52,4,4,4,12,444,Champions
15152,2011-11-30 12:32:00,9,13,4745.69,4,4,4,12,444,Champions
16722,2011-11-22 13:28:00,17,13,4730.81,4,4,4,12,444,Champions
12714,2011-11-30 15:43:00,9,5,4708.86,4,4,4,12,444,Champions
14135,2011-12-08 11:38:00,1,15,4690.31,4,4,4,12,444,Champions
14191,2011-12-08 09:23:00,1,13,4684.76,4,4,4,12,444,Champions
14189,2011-12-07 15:55:00,2,15,4654.08,4,4,4,12,444,Champions
14390,2011-11-29 13:49:00,10,9,4652.82,4,4,4,12,444,Champions
16931,2011-12-04 13:15:00,5,21,4604.22,4,4,4,12,444,Champions
17068,2011-11-27 13:14:00,12,21,4552.14,4,4,4,12,444,Champions
13267,2011-12-07 11:12:00,2,19,4521.49,4,4,4,12,444,Champions
17975,2011-11-24 13:27:00,15,13,4488.81,4,4,4,12,444,Champions
12524,2011-11-30 15:31:00,9,8,4485.72,4,4,4,12,444,Champions
17364,2011-12-09 09:00:00,0,11,4481.18,4,4,4,12,444,Champions
12627,2011-11-29 12:07:00,10,7,4478.53,4,4,4,12,444,Champions
14085,2011-12-07 13:46:00,2,18,4448.54,4,4,4,12,444,Champions
14534,2011-12-07 12:19:00,2,18,4447.05,4,4,4,12,444,Champions
13069,2011-12-09 08:39:00,0,24,4436.12,4,4,4,12,444,Champions
16626,2011-12-09 11:56:00,0,17,4413.1,4,4,4,12,444,Champions
17567,2011-12-02 15:48:00,7,8,4331.48,4,4,4,12,444,Champions
12347,2011-12-07 15:52:00,2,7,4310.0,4,4,4,12,444,Champions
15034,2011-11-24 12:11:00,15,8,4308.61,4,4,4,12,444,Champions
17937,2011-12-01 11:45:00,8,7,4301.22,4,4,4,12,444,Champions
14422,2011-12-09 11:26:00,0,6,4263.64,4,4,4,12,444,Champions
17419,2011-11-28 13:47:00,11,12,4226.57,4,4,4,12,444,Champions
15804,2011-12-09 12:31:00,0,13,4206.39,4,4,4,12,444,Champions
17920,2011-12-05 14:29:00,4,17,4204.1,4,4,4,12,444,Champions
15971,2011-11-22 12:50:00,17,12,4199.85,4,4,4,12,444,Champions
12747,2011-12-07 14:34:00,2,11,4196.01,4,4,4,12,444,Champions
14146,2011-12-01 10:18:00,8,5,4191.0,4,4,4,12,444,Champions
18041,2011-11-28 11:39:00,11,21,4183.39,4,4,4,12,444,Champions
15570,2011-12-02 14:47:00,7,12,4165.52,4,4,4,12,444,Champions
16549,2011-11-29 15:06:00,10,10,4154.64,4,4,4,12,444,Champions
15514,2011-11-27 14:40:00,12,11,4139.46,4,4,4,12,444,Champions
12569,2011-12-07 16:24:00,2,32,4124.69,4,4,4,12,444,Champions
16592,2011-12-05 13:49:00,4,16,4113.68,4,4,4,12,444,Champions
16401,2011-12-08 18:15:00,1,12,4098.32,4,4,4,12,444,Champions
16670,2011-11-23 09:34:00,16,11,4095.9,4,4,4,12,444,Champions
12749,2011-12-06 09:56:00,3,5,4090.88,4,4,4,12,444,Champions
14092,2011-12-02 12:13:00,7,14,4076.91,4,4,4,12,444,Champions
14401,2011-12-05 13:30:00,4,13,4051.48,4,4,4,12,444,Champions
12656,2011-11-22 13:42:00,17,5,4051.17,4,4,4,12,444,Champions
12841,2011-12-05 11:13:00,4,25,4022.35,4,4,4,12,444,Champions
12957,2011-11-30 09:53:00,9,8,4017.54,4,4,4,12,444,Champions
14547,2011-12-06 11:06:00,3,8,4007.54,4,4,4,12,444,Champions
17769,2011-11-27 11:18:00,12,10,3997.98,4,4,4,12,444,Champions
17001,2011-12-09 09:38:00,0,11,3989.57,4,4,4,12,444,Champions
17611,2011-12-02 13:29:00,7,15,3984.22,4,4,4,12,444,Champions
12727,2011-11-29 11:46:00,10,7,3980.7,4,4,4,12,444,Champions
14299,2011-12-01 16:05:00,8,9,3965.62,4,4,4,12,444,Champions
13183,2011-12-02 10:30:00,7,9,3957.78,4,4,4,12,444,Champions
17651,2011-11-28 10:29:00,11,10,3945.0,4,4,4,12,444,Champions
17593,2011-12-06 10:30:00,3,5,3927.34,4,4,4,12,444,Champions
14739,2011-12-05 16:54:00,4,7,3902.28,4,4,4,12,444,Champions
13999,2011-11-29 13:40:00,10,12,3901.81,4,4,4,12,444,Champions
14291,2011-12-08 10:26:00,1,11,3883.25,4,4,4,12,444,Champions
12662,2011-12-09 11:59:00,0,11,3849.78,4,4,4,12,444,Champions
16327,2011-11-25 13:23:00,14,6,3844.22,4,4,4,12,444,Champions
13266,2011-11-28 14:39:00,11,12,3834.26,4,4,4,12,444,Champions
17091,2011-12-07 10:43:00,2,9,3827.76,4,4,4,12,444,Champions
15867,2011-12-04 13:32:00,5,15,3812.64,4,4,4,12,444,Champions
13435,2011-12-04 14:45:00,5,7,3809.89,4,4,4,12,444,Champions
16145,2011-12-01 10:33:00,8,11,3799.49,4,4,4,12,444,Champions
16655,2011-11-22 11:25:00,17,6,3794.52,4,4,4,12,444,Champions
16168,2011-11-29 12:45:00,10,27,3787.6,4,4,4,12,444,Champions
12562,2011-12-01 17:20:00,8,7,3781.74,4,4,4,12,444,Champions
17173,2011-12-04 14:40:00,5,8,3766.6,4,4,4,12,444,Champions
16904,2011-12-05 13:10:00,4,16,3754.27,4,4,4,12,444,Champions
17238,2011-12-07 11:35:00,2,17,3744.65,4,4,4,12,444,Champions
16570,2011-11-24 17:02:00,15,10,3738.4,4,4,4,12,444,Champions
14282,2011-12-06 17:04:00,3,15,3729.34,4,4,4,12,444,Champions
15845,2011-11-22 09:42:00,17,8,3711.77,4,4,4,12,444,Champions
12553,2011-12-01 16:38:00,8,10,3692.28,4,4,4,12,444,Champions
13137,2011-11-29 12:09:00,10,8,3650.41,4,4,4,12,444,Champions
12417,2011-12-06 14:52:00,3,9,3649.1,4,4,4,12,444,Champions
16712,2011-11-30 13:48:00,9,11,3645.43,4,4,4,12,444,Champions
13426,2011-12-09 08:59:00,0,10,3641.32,4,4,4,12,444,Champions
12619,2011-11-23 14:52:00,16,9,3641.24,4,4,4,12,444,Champions
16440,2011-12-02 12:02:00,7,5,3640.67,4,4,4,12,444,Champions
17528,2011-12-08 13:27:00,1,8,3628.5,4,4,4,12,444,Champions
17576,2011-12-01 17:56:00,8,19,3622.68,4,4,4,12,444,Champions
16242,2011-12-01 15:12:00,8,7,3603.21,4,4,4,12,444,Champions
14132,2011-12-07 13:35:00,2,11,3586.03,4,4,4,12,444,Champions
17491,2011-12-08 16:18:00,1,10,3558.87,4,4,4,12,444,Champions
15544,2011-11-30 16:43:00,9,9,3546.71,4,4,4,12,444,Champions
14503,2011-12-06 13:30:00,3,6,3543.26,4,4,4,12,444,Champions
13448,2011-11-23 12:33:00,16,6,3539.37,4,4,4,12,444,Champions
13953,2011-12-02 16:04:00,7,7,3515.68,4,4,4,12,444,Champions
16360,2011-12-05 12:16:00,4,6,3512.53,4,4,4,12,444,Champions
14395,2011-12-07 14:34:00,2,9,3507.71,4,4,4,12,444,Champions
14907,2011-12-06 14:14:00,3,7,3501.1,4,4,4,12,444,Champions
16458,2011-12-07 09:34:00,2,18,3482.74,4,4,4,12,444,Champions
13014,2011-11-29 12:27:00,10,10,3466.28,4,4,4,12,444,Champions
13536,2011-12-08 16:38:00,1,7,3448.29,4,4,4,12,444,Champions
17725,2011-11-23 16:34:00,16,11,3439.08,4,4,4,12,444,Champions
13437,2011-11-25 14:00:00,14,7,3408.06,4,4,4,12,444,Champions
13198,2011-11-29 15:17:00,10,6,3401.24,4,4,4,12,444,Champions
16011,2011-12-01 16:31:00,8,16,3362.71,4,4,4,12,444,Champions
16818,2011-11-29 10:41:00,10,11,3349.57,4,4,4,12,444,Champions
16607,2011-11-22 10:24:00,17,14,3347.71,4,4,4,12,444,Champions
17183,2011-12-02 10:07:00,7,6,3347.31,4,4,4,12,444,Champions
14702,2011-12-08 19:29:00,1,17,3292.14,4,4,4,12,444,Champions
15632,2011-11-24 09:51:00,15,8,3285.31,4,4,4,12,444,Champions
15443,2011-12-08 10:40:00,1,7,3236.91,4,4,4,12,444,Champions
13268,2011-11-22 11:51:00,17,11,3214.69,4,4,4,12,444,Champions
14388,2011-11-29 13:32:00,10,8,3212.84,4,4,4,12,444,Champions
16107,2011-11-22 09:40:00,17,7,3204.16,4,4,4,12,444,Champions
17685,2011-11-23 11:36:00,16,7,3191.53,4,4,4,12,444,Champions
13758,2011-11-28 11:11:00,11,7,3190.55,4,4,4,12,444,Champions
17231,2011-11-27 15:18:00,12,10,3174.32,4,4,4,12,444,Champions
15861,2011-11-27 15:59:00,12,8,3165.36,4,4,4,12,444,Champions
13742,2011-11-23 11:07:00,16,12,3131.02,4,4,4,12,444,Champions
16156,2011-12-01 12:42:00,8,9,3122.04,4,4,4,12,444,Champions
13685,2011-12-07 11:41:00,2,7,3119.44,4,4,4,12,444,Champions
16326,2011-12-04 10:11:00,5,14,3110.96,4,4,4,12,444,Champions
16678,2011-12-07 12:17:00,2,12,3109.99,4,4,4,12,444,Champions
14099,2011-11-23 13:53:00,16,11,3104.17,4,4,4,12,444,Champions
16905,2011-12-04 14:01:00,5,7,3102.43,4,4,4,12,444,Champions
18272,2011-12-07 12:43:00,2,6,3078.58,4,4,4,12,444,Champions
14456,2011-12-04 13:59:00,5,9,3062.4,4,4,4,12,444,Champions
16393,2011-12-07 12:51:00,2,13,3046.21,4,4,4,12,444,Champions
12598,2011-11-30 12:18:00,9,8,3023.08,4,4,4,12,444,Champions
17659,2011-11-22 13:29:00,17,12,2999.46,4,4,4,12,444,Champions
12670,2011-11-29 15:23:00,10,5,2996.05,4,4,4,12,444,Champions
15687,2011-12-01 08:33:00,8,9,2993.1,4,4,4,12,444,Champions
14032,2011-12-07 15:23:00,2,11,2975.59,4,4,4,12,444,Champions
15854,2011-12-05 13:39:00,4,12,2974.65,4,4,4,12,444,Champions
17924,2011-11-28 09:11:00,11,7,2962.5,4,4,4,12,444,Champions
14868,2011-12-06 14:49:00,3,8,2953.59,4,4,4,12,444,Champions
12906,2011-11-28 09:55:00,11,5,2919.81,4,4,4,12,444,Champions
17644,2011-12-08 13:43:00,1,11,2895.64,4,4,4,12,444,Champions
18144,2011-12-02 12:46:00,7,12,2888.75,4,4,4,12,444,Champions
16633,2011-11-22 13:41:00,17,6,2883.1,4,4,4,12,444,Champions
14251,2011-12-08 08:32:00,1,5,2879.7,4,4,4,12,444,Champions
14005,2011-11-30 12:41:00,9,5,2874.72,4,4,4,12,444,Champions
15628,2011-12-05 10:24:00,4,9,2870.24,4,4,4,12,444,Champions
14711,2011-11-29 14:58:00,10,11,2868.8,4,4,4,12,444,Champions
15984,2011-12-07 12:16:00,2,10,2837.67,4,4,4,12,444,Champions
14572,2011-12-06 14:40:00,3,7,2832.84,4,4,4,12,444,Champions
18230,2011-11-30 13:22:00,9,7,2810.2,4,4,4,12,444,Champions
13230,2011-12-05 16:03:00,4,14,2806.97,4,4,4,12,444,Champions
16764,2011-12-06 11:41:00,3,13,2799.25,4,4,4,12,444,Champions
15993,2011-12-01 10:45:00,8,7,2797.57,4,4,4,12,444,Champions
13769,2011-12-07 15:08:00,2,10,2796.51,4,4,4,12,444,Champions
17739,2011-11-28 09:12:00,11,7,2791.35,4,4,4,12,444,Champions
12388,2011-11-24 12:30:00,15,6,2780.66,4,4,4,12,444,Champions
13870,2011-12-07 13:23:00,2,8,2770.94,4,4,4,12,444,Champions
15796,2011-12-08 19:55:00,1,8,2711.56,4,4,4,12,444,Champions
14732,2011-12-01 14:34:00,8,8,2702.49,4,4,4,12,444,Champions
18097,2011-12-02 11:16:00,7,6,2697.8,4,4,4,12,444,Champions
17386,2011-12-02 11:28:00,7,6,2686.42,4,4,4,12,444,Champions
17346,2011-12-06 12:18:00,3,15,2676.56,4,4,4,12,444,Champions
13883,2011-11-29 10:45:00,10,5,2674.48,4,4,4,12,444,Champions
14713,2011-11-30 16:26:00,9,11,2666.36,4,4,4,12,444,Champions
13658,2011-11-30 10:13:00,9,5,2639.17,4,4,4,12,444,Champions
17655,2011-11-29 11:34:00,10,7,2638.94,4,4,4,12,444,Champions
17402,2011-12-05 10:15:00,4,13,2633.85,4,4,4,12,444,Champions
18077,2011-12-01 13:32:00,8,11,2633.01,4,4,4,12,444,Champions
18210,2011-12-08 11:02:00,1,6,2621.38,4,4,4,12,444,Champions
16255,2011-11-23 12:40:00,16,8,2619.91,4,4,4,12,444,Champions
14262,2011-12-01 14:17:00,8,8,2618.23,4,4,4,12,444,Champions
13021,2011-12-05 16:37:00,4,9,2616.38,4,4,4,12,444,Champions
14397,2011-12-07 09:22:00,2,19,2612.96,4,4,4,12,444,Champions
16241,2011-11-30 11:08:00,9,13,2607.87,4,4,4,12,444,Champions
14408,2011-11-29 11:41:00,10,7,2606.53,4,4,4,12,444,Champions
14243,2011-12-01 11:12:00,8,10,2588.77,4,4,4,12,444,Champions
15033,2011-12-05 12:40:00,4,10,2586.67,4,4,4,12,444,Champions
14546,2011-12-04 13:00:00,5,5,2578.09,4,4,4,12,444,Champions
18245,2011-12-02 14:48:00,7,7,2567.06,4,4,4,12,444,Champions
15572,2011-12-05 10:09:00,4,7,2552.86,4,4,4,12,444,Champions
14334,2011-11-23 10:01:00,16,8,2552.21,4,4,4,12,444,Champions
14701,2011-11-29 12:38:00,10,9,2549.37,4,4,4,12,444,Champions
14659,2011-12-01 12:17:00,8,9,2529.93,4,4,4,12,444,Champions
17449,2011-12-07 16:56:00,2,7,2520.86,4,4,4,12,444,Champions
13394,2011-12-08 11:36:00,1,8,2520.02,4,4,4,12,444,Champions
15271,2011-12-02 14:11:00,7,15,2507.07,4,4,4,12,444,Champions
15932,2011-12-05 17:13:00,4,8,2495.87,4,4,4,12,444,Champions
12483,2011-11-22 17:02:00,17,8,2484.98,4,4,4,12,444,Champions
12913,2011-12-05 12:11:00,4,5,2483.63,4,4,4,12,444,Champions
13588,2011-11-24 10:42:00,15,9,2478.95,4,4,4,12,444,Champions
17682,2011-11-29 15:59:00,10,6,2474.33,4,4,4,12,444,Champions
17188,2011-11-28 13:53:00,11,7,2474.23,4,4,4,12,444,Champions
14766,2011-12-01 16:05:00,8,6,2473.37,4,4,4,12,444,Champions
15750,2011-12-07 12:34:00,2,8,2465.48,4,4,4,12,444,Champions
17131,2011-12-04 12:52:00,5,5,2463.17,4,4,4,12,444,Champions
13784,2011-11-30 09:33:00,9,11,2462.79,4,4,4,12,444,Champions
13949,2011-12-07 09:35:00,2,6,2427.32,4,4,4,12,444,Champions
16143,2011-12-06 14:13:00,3,6,2424.94,4,4,4,12,444,Champions
15089,2011-11-29 16:31:00,10,6,2420.84,4,4,4,12,444,Champions
15373,2011-12-01 15:05:00,8,12,2415.91,4,4,4,12,444,Champions
18065,2011-12-04 10:30:00,5,14,2392.83,4,4,4,12,444,Champions
17530,2011-12-08 18:42:00,1,10,2385.0,4,4,4,12,444,Champions
14493,2011-12-02 16:14:00,7,5,2383.24,4,4,4,12,444,Champions
15270,2011-11-24 09:24:00,15,7,2379.49,4,4,4,12,444,Champions
17434,2011-12-07 13:16:00,2,7,2373.82,4,4,4,12,444,Champions
15755,2011-11-29 14:57:00,10,6,2364.25,4,4,4,12,444,Champions
14440,2011-12-01 15:42:00,8,5,2357.68,4,4,4,12,444,Champions
14309,2011-12-01 13:33:00,8,9,2352.53,4,4,4,12,444,Champions
12704,2011-12-02 13:15:00,7,8,2340.84,4,4,4,12,444,Champions
12584,2011-12-06 09:35:00,3,9,2338.15,4,4,4,12,444,Champions
17954,2011-12-04 14:15:00,5,12,2332.72,4,4,4,12,444,Champions
12782,2011-12-05 09:16:00,4,5,2330.92,4,4,4,12,444,Champions
17744,2011-12-06 12:11:00,3,6,2322.4,4,4,4,12,444,Champions
14290,2011-11-28 14:02:00,11,5,2314.65,4,4,4,12,444,Champions
13994,2011-12-06 11:05:00,3,6,2313.14,4,4,4,12,444,Champions
13704,2011-12-04 15:13:00,5,9,2308.06,4,4,4,12,444,Champions
12684,2011-12-02 09:53:00,7,7,2283.63,4,4,4,12,444,Champions
16782,2011-11-29 13:20:00,10,13,2279.9,4,4,4,12,444,Champions
16057,2011-11-23 15:23:00,16,7,2263.12,4,4,4,12,444,Champions
14432,2011-11-30 08:04:00,9,6,2255.51,4,4,4,12,444,Champions
14560,2011-12-02 15:22:00,7,22,2237.77,4,4,4,12,444,Champions
16076,2011-12-06 14:59:00,3,10,2234.73,4,4,4,12,444,Champions
14825,2011-12-06 11:38:00,3,12,2226.91,4,4,4,12,444,Champions
12783,2011-12-07 15:56:00,2,6,2225.91,4,4,4,12,444,Champions
13831,2011-11-23 15:41:00,16,6,2202.99,4,4,4,12,444,Champions
12856,2011-12-02 10:52:00,7,6,2179.93,4,4,4,12,444,Champions
13755,2011-12-06 12:26:00,3,9,2161.35,4,4,4,12,444,Champions
12935,2011-12-07 17:25:00,2,7,2160.7,4,4,4,12,444,Champions
16966,2011-12-01 13:40:00,8,7,2154.97,4,4,4,12,444,Champions
16407,2011-11-27 11:05:00,12,10,2126.93,4,4,4,12,444,Champions
14515,2011-11-22 11:37:00,17,6,2102.09,4,4,4,12,444,Champions
17861,2011-12-06 16:21:00,3,8,2100.8,4,4,4,12,444,Champions
13126,2011-12-05 10:00:00,4,8,2099.64,4,4,4,12,444,Champions
18283,2011-12-06 12:02:00,3,16,2094.88,4,4,4,12,444,Champions
13571,2011-11-27 10:47:00,12,12,2092.32,4,4,4,12,444,Champions
17490,2011-12-09 09:08:00,0,7,2092.32,4,4,4,12,444,Champions
18044,2011-12-05 14:26:00,4,10,2088.6,4,4,4,12,444,Champions
16954,2011-12-09 09:46:00,0,9,2085.08,4,4,4,12,444,Champions
14696,2011-12-05 13:43:00,4,7,2078.95,4,4,4,12,444,Champions
14209,2011-11-29 10:18:00,10,6,2073.43,4,4,4,12,444,Champions
18241,2011-11-30 12:10:00,9,17,2073.09,4,4,4,12,444,Champions
18219,2011-12-07 11:43:00,2,10,2069.77,4,4,4,12,444,Champions
12948,2011-11-23 17:10:00,16,7,2064.95,4,4,4,12,444,Champions
12518,2011-12-09 10:13:00,0,5,2056.89,4,4,4,12,444,Champions
17086,2011-12-02 13:54:00,7,6,2050.08,4,4,4,12,444,Champions
13495,2011-12-02 11:21:00,7,5,2044.87,4,4,4,12,444,Champions
17090,2011-12-05 13:44:00,4,7,2043.95,4,4,4,12,444,Champions
13630,2011-12-04 15:16:00,5,7,2031.78,4,4,4,12,444,Champions
14506,2011-11-22 13:02:00,17,5,2012.17,4,4,4,12,444,Champions
14730,2011-12-08 14:39:00,1,8,2005.06,4,4,4,12,444,Champions
14217,2011-12-08 11:53:00,1,17,2004.98,4,4,4,12,444,Champions
13305,2011-12-05 15:15:00,4,10,2000.86,4,4,4,12,444,Champions
17827,2011-12-04 15:00:00,5,5,1995.46,4,4,4,12,444,Champions
13590,2011-11-28 12:54:00,11,6,1981.92,4,4,4,12,444,Champions
17422,2011-11-23 13:27:00,16,6,1979.37,4,4,4,12,444,Champions
17218,2011-12-05 13:52:00,4,10,1960.72,4,4,4,12,444,Champions
15351,2011-11-27 12:52:00,12,7,1960.11,4,4,4,12,444,Champions
17554,2011-12-08 14:15:00,1,5,1952.45,4,4,4,12,444,Champions
14653,2011-12-08 13:45:00,1,7,1947.55,4,4,4,12,444,Champions
12528,2011-11-30 14:40:00,9,6,1933.48,4,4,4,12,444,Champions
16983,2011-11-27 12:10:00,12,7,1931.25,4,4,4,12,444,Champions
16942,2011-11-27 12:40:00,12,9,1920.59,4,4,4,12,444,Champions
15021,2011-12-01 11:53:00,8,9,1914.82,4,4,4,12,444,Champions
16426,2011-12-07 14:01:00,2,10,1908.25,4,4,4,12,444,Champions
17228,2011-11-24 10:24:00,15,8,1906.09,4,4,4,12,444,Champions
17463,2011-11-23 13:40:00,16,5,1896.41,4,4,4,12,444,Champions
17870,2011-12-07 15:07:00,2,12,1894.35,4,4,4,12,444,Champions
13890,2011-12-08 15:36:00,1,10,1883.81,4,4,4,12,444,Champions
16128,2011-11-22 11:14:00,17,5,1880.22,4,4,4,12,444,Champions
17293,2011-12-01 14:37:00,8,9,1875.11,4,4,4,12,444,Champions
16474,2011-12-02 13:02:00,7,7,1871.5,4,4,4,12,444,Champions
17469,2011-11-23 13:15:00,16,5,1870.97,4,4,4,12,444,Champions
12423,2011-12-09 10:10:00,0,8,1859.31,4,4,4,12,444,Champions
12963,2011-12-01 12:55:00,8,8,1856.63,4,4,4,12,444,Champions
16979,2011-12-06 12:21:00,3,6,1852.0,4,4,4,12,444,Champions
12381,2011-12-05 12:44:00,4,5,1845.31,4,4,4,12,444,Champions
17519,2011-11-22 16:43:00,17,6,1844.02,4,4,4,12,444,Champions
18180,2011-12-05 08:39:00,4,6,1843.75,4,4,4,12,444,Champions
13924,2011-12-08 09:39:00,1,6,1838.85,4,4,4,12,444,Champions
13650,2011-11-23 12:22:00,16,6,1836.34,4,4,4,12,444,Champions
18122,2011-12-01 13:08:00,8,6,1826.21,4,4,4,12,444,Champions
17705,2011-12-06 13:45:00,3,9,1823.52,4,4,4,12,444,Champions
17629,2011-12-04 10:56:00,5,8,1814.12,4,4,4,12,444,Champions
17750,2011-12-04 14:09:00,5,9,1797.57,4,4,4,12,444,Champions
18179,2011-11-30 16:23:00,9,6,1793.17,4,4,4,12,444,Champions
16719,2011-11-25 09:27:00,14,7,1790.42,4,4,4,12,444,Champions
14215,2011-11-28 12:19:00,11,6,1789.72,4,4,4,12,444,Champions
14621,2011-12-08 16:22:00,1,5,1788.36,4,4,4,12,444,Champions
17754,2011-12-09 11:20:00,0,5,1772.26,4,4,4,12,444,Champions
15594,2011-11-24 08:53:00,15,5,1771.78,4,4,4,12,444,Champions
15473,2011-11-25 15:15:00,14,7,1771.2,4,4,4,12,444,Champions
17813,2011-11-25 16:13:00,14,5,1770.88,4,4,4,12,444,Champions
13456,2011-11-22 09:18:00,17,6,1766.72,4,4,4,12,444,Champions
16359,2011-12-02 17:04:00,7,9,1750.92,4,4,4,12,444,Champions
13808,2011-12-04 12:18:00,5,5,1747.66,4,4,4,12,444,Champions
14673,2011-12-06 14:31:00,3,5,1736.4,4,4,4,12,444,Champions
17451,2011-12-08 15:02:00,1,7,1721.4,4,4,4,12,444,Champions
14834,2011-11-22 10:30:00,17,6,1720.3,4,4,4,12,444,Champions
13184,2011-11-25 12:02:00,14,10,1701.29,4,4,4,12,444,Champions
16775,2011-11-29 15:22:00,10,11,1695.66,4,4,4,12,444,Champions
16813,2011-12-01 14:03:00,8,10,1692.98,4,4,4,12,444,Champions
15380,2011-12-01 12:13:00,8,5,1690.26,4,4,4,12,444,Champions
16115,2011-11-30 11:32:00,9,8,1667.97,4,4,4,12,444,Champions
12912,2011-12-07 08:55:00,2,5,1662.3,4,4,4,12,444,Champions
16446,2011-12-09 09:15:00,0,2,168472.5,4,3,4,11,434,Loyal Customers
12415,2011-11-15 14:22:00,24,21,124914.53,3,4,4,11,344,Loyal Customers
16029,2011-11-01 10:27:00,38,63,81024.84,3,4,4,11,344,Loyal Customers
12931,2011-11-18 12:39:00,21,15,42055.96,3,4,4,11,344,Loyal Customers
14680,2011-11-14 16:59:00,25,16,28754.11,3,4,4,11,344,Loyal Customers
12753,2011-11-17 10:52:00,22,6,21429.39,3,4,4,11,344,Loyal Customers
12731,2011-11-16 11:59:00,23,12,18895.91,3,4,4,11,344,Loyal Customers
12678,2011-10-28 13:04:00,42,12,17628.46,3,4,4,11,344,Loyal Customers
15513,2011-11-06 14:36:00,33,19,14758.22,3,4,4,11,344,Loyal Customers
12540,2011-11-20 11:31:00,19,17,13400.24,3,4,4,11,344,Loyal Customers
12477,2011-11-17 09:51:00,22,6,13219.74,3,4,4,11,344,Loyal Customers
16000,2011-12-07 12:17:00,2,3,12393.7,4,3,4,11,434,Loyal Customers
17340,2011-11-10 10:45:00,29,11,12353.29,3,4,4,11,344,Loyal Customers
15125,2011-11-14 13:57:00,25,15,11528.48,3,4,4,11,344,Loyal Customers
17107,2011-11-06 14:14:00,33,6,10815.43,3,4,4,11,344,Loyal Customers
13340,2011-10-25 13:15:00,45,7,10736.48,3,4,4,11,344,Loyal Customers
17865,2011-11-09 12:08:00,30,20,10526.32,3,4,4,11,344,Loyal Customers
16843,2011-10-28 09:06:00,42,16,10196.57,3,4,4,11,344,Loyal Customers
12567,2011-11-17 11:02:00,22,10,9401.28,3,4,4,11,344,Loyal Customers
16656,2011-11-17 14:43:00,22,15,8625.8,3,4,4,11,344,Loyal Customers
14936,2011-11-06 10:30:00,33,8,8137.02,3,4,4,11,344,Loyal Customers
12428,2011-11-14 08:22:00,25,9,7956.46,3,4,4,11,344,Loyal Customers
14849,2011-11-18 10:58:00,21,25,7930.54,3,4,4,11,344,Loyal Customers
13629,2011-11-16 13:21:00,23,11,7792.36,3,4,4,11,344,Loyal Customers
15044,2011-11-20 13:20:00,19,17,7700.23,3,4,4,11,344,Loyal Customers
15465,2011-11-20 10:11:00,19,18,7354.62,3,4,4,11,344,Loyal Customers
17396,2011-10-31 14:12:00,39,8,7330.8,3,4,4,11,344,Loyal Customers
16729,2011-11-01 14:29:00,38,21,7239.92,3,4,4,11,344,Loyal Customers
13324,2011-11-03 16:28:00,36,10,7121.95,3,4,4,11,344,Loyal Customers
12798,2011-11-29 15:52:00,10,3,6977.04,4,3,4,11,434,Loyal Customers
16713,2011-11-21 12:36:00,18,15,6923.13,3,4,4,11,344,Loyal Customers
16187,2011-11-08 09:50:00,31,15,6911.44,3,4,4,11,344,Loyal Customers
17416,2011-11-10 12:47:00,29,7,6893.42,3,4,4,11,344,Loyal Customers
12830,2011-11-02 11:54:00,37,6,6814.64,3,4,4,11,344,Loyal Customers
16532,2011-11-22 11:08:00,17,3,6748.8,4,3,4,11,434,Loyal Customers
15249,2011-11-08 11:45:00,31,13,6688.46,3,4,4,11,344,Loyal Customers
12626,2011-11-16 16:06:00,23,9,6620.48,3,4,4,11,344,Loyal Customers
12472,2011-11-07 14:01:00,32,7,6572.11,3,4,4,11,344,Loyal Customers
12431,2011-11-04 11:55:00,35,15,6487.45,3,4,4,11,344,Loyal Customers
13871,2011-11-17 10:49:00,22,13,6403.25,3,4,4,11,344,Loyal Customers
14057,2011-11-16 10:32:00,23,17,6217.96,3,4,4,11,344,Loyal Customers
13097,2011-11-07 10:43:00,32,10,6010.42,3,4,4,11,344,Loyal Customers
14944,2011-11-10 09:10:00,29,12,5900.25,3,4,4,11,344,Loyal Customers
13209,2011-11-09 13:54:00,30,8,5891.61,3,4,4,11,344,Loyal Customers
13178,2011-11-13 16:14:00,26,11,5725.47,3,4,4,11,344,Loyal Customers
14049,2011-11-23 12:20:00,16,4,5681.72,4,3,4,11,434,Loyal Customers
17716,2011-11-17 12:00:00,22,11,5655.99,3,4,4,11,344,Loyal Customers
12481,2011-11-17 08:29:00,22,10,5596.32,3,4,4,11,344,Loyal Customers
16767,2011-11-09 09:42:00,30,11,5580.6,3,4,4,11,344,Loyal Customers
15805,2011-11-16 16:32:00,23,17,5528.48,3,4,4,11,344,Loyal Customers
17719,2011-11-02 10:36:00,37,15,5396.04,3,4,4,11,344,Loyal Customers
18226,2011-10-26 13:36:00,44,11,5228.05,3,4,4,11,344,Loyal Customers
16258,2011-10-25 13:30:00,45,5,5203.51,3,4,4,11,344,Loyal Customers
13941,2011-11-18 09:43:00,21,5,5112.96,3,4,4,11,344,Loyal Customers
15301,2011-10-20 09:57:00,50,12,5070.35,3,4,4,11,344,Loyal Customers
12432,2011-10-28 11:43:00,42,5,5059.32,3,4,4,11,344,Loyal Customers
15719,2011-11-07 12:29:00,32,13,5045.61,3,4,4,11,344,Loyal Customers
12444,2011-11-18 13:23:00,21,5,5005.46,3,4,4,11,344,Loyal Customers
12700,2011-12-02 10:47:00,7,4,4939.99,4,3,4,11,434,Loyal Customers
17652,2011-11-14 12:55:00,25,12,4867.72,3,4,4,11,344,Loyal Customers
15738,2011-11-21 08:26:00,18,16,4812.42,3,4,4,11,344,Loyal Customers
17690,2011-11-09 15:17:00,30,15,4757.95,3,4,4,11,344,Loyal Customers
14159,2011-11-20 12:36:00,19,11,4693.01,3,4,4,11,344,Loyal Customers
15291,2011-11-14 11:02:00,25,15,4668.3,3,4,4,11,344,Loyal Customers
15093,2011-11-21 13:09:00,18,6,4597.02,3,4,4,11,344,Loyal Customers
14004,2011-10-27 14:40:00,43,7,4582.64,3,4,4,11,344,Loyal Customers
17613,2011-11-17 10:51:00,22,14,4559.15,3,4,4,11,344,Loyal Customers
12484,2011-11-07 11:37:00,32,6,4541.72,3,4,4,11,344,Loyal Customers
14426,2011-11-16 12:25:00,23,10,4481.67,3,4,4,11,344,Loyal Customers
15955,2011-11-15 14:15:00,24,14,4416.26,3,4,4,11,344,Loyal Customers
12712,2011-11-11 08:19:00,28,13,4396.13,3,4,4,11,344,Loyal Customers
16945,2011-11-18 11:39:00,21,19,4345.5,3,4,4,11,344,Loyal Customers
14800,2011-10-23 12:46:00,47,12,4339.74,3,4,4,11,344,Loyal Customers
14525,2011-11-20 11:37:00,19,9,4332.2,3,4,4,11,344,Loyal Customers
12500,2011-11-16 16:20:00,23,11,4257.82,3,4,4,11,344,Loyal Customers
14277,2011-11-24 15:01:00,15,3,4216.2,4,3,4,11,434,Loyal Customers
12949,2011-11-09 11:25:00,30,8,4167.22,3,4,4,11,344,Loyal Customers
13384,2011-11-09 11:04:00,30,7,4151.93,3,4,4,11,344,Loyal Customers
13988,2011-11-20 10:15:00,19,6,4147.96,3,4,4,11,344,Loyal Customers
17940,2011-10-21 13:27:00,49,10,4106.44,3,4,4,11,344,Loyal Customers
17377,2011-11-16 11:17:00,23,20,4100.92,3,4,4,11,344,Loyal Customers
12867,2011-11-13 15:30:00,26,7,4036.82,3,4,4,11,344,Loyal Customers
16186,2011-11-17 12:43:00,22,12,4006.94,3,4,4,11,344,Loyal Customers
15529,2011-11-17 11:29:00,22,11,3995.23,3,4,4,11,344,Loyal Customers
12779,2011-11-02 11:43:00,37,8,3981.36,3,4,4,11,344,Loyal Customers
13523,2011-11-06 15:11:00,33,5,3964.88,3,4,4,11,344,Loyal Customers
12473,2011-11-10 13:46:00,29,5,3938.55,3,4,4,11,344,Loyal Customers
16717,2011-11-16 12:16:00,23,6,3858.38,3,4,4,11,344,Loyal Customers
12668,2011-11-28 10:56:00,11,4,3807.15,4,3,4,11,434,Loyal Customers
16019,2011-10-24 11:51:00,46,9,3786.24,3,4,4,11,344,Loyal Customers
12429,2011-11-30 17:22:00,9,4,3750.4,4,3,4,11,434,Loyal Customers
12647,2011-11-17 12:56:00,22,12,3722.82,3,4,4,11,344,Loyal Customers
13680,2011-12-08 13:47:00,1,4,3722.42,4,3,4,11,434,Loyal Customers
15622,2011-10-27 16:44:00,43,9,3709.56,3,4,4,11,344,Loyal Customers
13148,2011-11-10 15:23:00,29,12,3707.12,3,4,4,11,344,Loyal Customers
15296,2011-10-20 11:47:00,50,6,3672.86,3,4,4,11,344,Loyal Customers
13381,2011-11-08 11:58:00,31,6,3639.31,3,4,4,11,344,Loyal Customers
14543,2011-11-11 12:45:00,28,16,3630.33,3,4,4,11,344,Loyal Customers
13327,2011-11-01 10:21:00,38,8,3627.77,3,4,4,11,344,Loyal Customers
14040,2011-10-30 12:42:00,40,12,3614.92,3,4,4,11,344,Loyal Customers
15113,2011-11-30 08:23:00,9,3,3609.33,4,3,4,11,434,Loyal Customers
15484,2011-12-08 15:03:00,1,4,3594.31,4,3,4,11,434,Loyal Customers
17203,2011-11-04 12:27:00,35,6,3563.85,3,4,4,11,344,Loyal Customers
17160,2011-11-08 14:05:00,31,6,3518.03,3,4,4,11,344,Loyal Customers
13993,2011-10-28 09:06:00,42,9,3466.36,3,4,4,11,344,Loyal Customers
17758,2011-11-20 14:45:00,19,8,3456.7,3,4,4,11,344,Loyal Customers
15129,2011-10-20 14:40:00,50,11,3447.4,3,4,4,11,344,Loyal Customers
15974,2011-10-31 13:13:00,39,7,3442.15,3,4,4,11,344,Loyal Customers
14221,2011-10-28 13:42:00,42,9,3432.8,3,4,4,11,344,Loyal Customers
15981,2011-11-15 08:00:00,24,8,3408.48,3,4,4,11,344,Loyal Customers
17669,2011-10-28 08:53:00,42,7,3406.72,3,4,4,11,344,Loyal Customers
15708,2011-10-30 10:54:00,40,7,3364.24,3,4,4,11,344,Loyal Customers
14227,2011-11-13 15:48:00,26,10,3350.96,3,4,4,11,344,Loyal Customers
12594,2011-11-02 12:20:00,37,10,3338.22,3,4,4,11,344,Loyal Customers
13047,2011-11-08 12:06:00,31,10,3237.54,3,4,4,11,344,Loyal Customers
13880,2011-11-18 13:44:00,21,13,3219.77,3,4,4,11,344,Loyal Customers
17220,2011-11-15 13:47:00,24,14,3198.25,3,4,4,11,344,Loyal Customers
13868,2011-12-02 16:32:00,7,2,3192.54,4,3,4,11,434,Loyal Customers
16837,2011-11-08 14:27:00,31,11,3170.98,3,4,4,11,344,Loyal Customers
17059,2011-11-10 12:27:00,29,5,3095.04,3,4,4,11,344,Loyal Customers
13362,2011-11-30 14:41:00,9,4,3090.74,4,3,4,11,434,Loyal Customers
15998,2011-11-03 12:45:00,36,5,3089.97,3,4,4,11,344,Loyal Customers
16218,2011-11-10 09:59:00,29,7,3084.68,3,4,4,11,344,Loyal Customers
12910,2011-11-16 14:28:00,23,8,3075.04,3,4,4,11,344,Loyal Customers
16686,2011-10-23 13:49:00,47,7,3062.83,3,4,4,11,344,Loyal Customers
17799,2011-11-17 15:16:00,22,10,3055.93,3,4,4,11,344,Loyal Customers
12395,2011-11-20 15:21:00,19,12,3018.63,3,4,4,11,344,Loyal Customers
15521,2011-10-30 13:42:00,40,8,3000.2,3,4,4,11,344,Loyal Customers
13451,2011-11-13 15:58:00,26,5,2976.15,3,4,4,11,344,Loyal Customers
16497,2011-10-21 10:55:00,49,6,2965.69,3,4,4,11,344,Loyal Customers
14530,2011-11-14 10:38:00,25,6,2925.91,3,4,4,11,344,Loyal Customers
17512,2011-11-11 12:11:00,28,10,2924.99,3,4,4,11,344,Loyal Customers
14112,2011-11-17 12:30:00,22,7,2915.15,3,4,4,11,344,Loyal Customers
12438,2011-11-25 13:28:00,14,2,2906.85,4,3,4,11,434,Loyal Customers
12408,2011-11-07 12:27:00,32,5,2888.55,3,4,4,11,344,Loyal Customers
17728,2011-12-06 08:52:00,3,3,2876.01,4,3,4,11,434,Loyal Customers
12685,2011-11-11 13:46:00,28,6,2863.08,3,4,4,11,344,Loyal Customers
18145,2011-11-27 11:22:00,12,4,2861.55,4,3,4,11,434,Loyal Customers
17596,2011-11-16 14:11:00,23,7,2827.93,3,4,4,11,344,Loyal Customers
13174,2011-11-23 14:35:00,16,3,2817.03,4,3,4,11,434,Loyal Customers
16871,2011-11-17 19:27:00,22,6,2812.34,3,4,4,11,344,Loyal Customers
14903,2011-11-18 16:07:00,21,5,2810.63,3,4,4,11,344,Loyal Customers
17213,2011-10-30 14:53:00,40,7,2781.23,3,4,4,11,344,Loyal Customers
14121,2011-12-06 12:19:00,3,4,2780.15,4,3,4,11,434,Loyal Customers
17838,2011-11-13 11:20:00,26,5,2779.3,3,4,4,11,344,Loyal Customers
15356,2011-11-08 13:11:00,31,10,2766.5,3,4,4,11,344,Loyal Customers
15114,2011-11-09 15:05:00,30,10,2760.56,3,4,4,11,344,Loyal Customers
13971,2011-11-21 12:06:00,18,8,2758.26,3,4,4,11,344,Loyal Customers
14808,2011-10-31 12:21:00,39,8,2741.17,3,4,4,11,344,Loyal Customers
14125,2011-11-29 12:47:00,10,3,2740.43,4,3,4,11,434,Loyal Customers
15696,2011-11-06 14:02:00,33,8,2736.46,3,4,4,11,344,Loyal Customers
16938,2011-12-01 10:20:00,8,4,2736.38,4,3,4,11,434,Loyal Customers
16003,2011-11-10 09:57:00,29,5,2735.37,3,4,4,11,344,Loyal Customers
12708,2011-11-10 09:52:00,29,10,2712.91,3,4,4,11,344,Loyal Customers
17069,2011-11-11 17:13:00,28,9,2709.7,3,4,4,11,344,Loyal Customers
13654,2011-10-27 16:24:00,43,6,2707.33,3,4,4,11,344,Loyal Customers
15671,2011-11-21 12:43:00,18,7,2657.13,3,4,4,11,344,Loyal Customers
12721,2011-11-08 12:13:00,31,6,2656.13,3,4,4,11,344,Loyal Customers
16618,2011-11-08 13:52:00,31,5,2647.59,3,4,4,11,344,Loyal Customers
15752,2011-10-31 11:37:00,39,7,2637.38,3,4,4,11,344,Loyal Customers
13804,2011-11-09 12:32:00,30,7,2635.79,3,4,4,11,344,Loyal Customers
13644,2011-11-23 14:07:00,16,4,2624.26,4,3,4,11,434,Loyal Customers
17965,2011-11-02 09:31:00,37,14,2622.57,3,4,4,11,344,Loyal Customers
15782,2011-11-30 10:49:00,9,3,2614.74,4,3,4,11,434,Loyal Customers
18075,2011-11-16 15:21:00,23,10,2611.75,3,4,4,11,344,Loyal Customers
12726,2011-11-11 13:35:00,28,7,2609.1,3,4,4,11,344,Loyal Customers
13983,2011-11-10 11:06:00,29,12,2603.43,3,4,4,11,344,Loyal Customers
12600,2011-11-11 10:29:00,28,10,2599.04,3,4,4,11,344,Loyal Customers
16912,2011-11-11 12:18:00,28,11,2575.38,3,4,4,11,344,Loyal Customers
14676,2011-11-08 13:29:00,31,6,2548.24,3,4,4,11,344,Loyal Customers
17700,2011-11-23 11:51:00,16,4,2534.64,4,3,4,11,434,Loyal Customers
13471,2011-12-08 15:44:00,1,4,2531.58,4,3,4,11,434,Loyal Customers
17314,2011-11-15 09:41:00,24,8,2527.92,3,4,4,11,344,Loyal Customers
13975,2011-11-08 13:19:00,31,6,2526.28,3,4,4,11,344,Loyal Customers
12352,2011-11-03 14:37:00,36,8,2506.04,3,4,4,11,344,Loyal Customers
13695,2011-11-08 14:26:00,31,15,2504.13,3,4,4,11,344,Loyal Customers
12517,2011-11-11 14:04:00,28,5,2502.84,3,4,4,11,344,Loyal Customers
16710,2011-11-20 14:50:00,19,10,2483.04,3,4,4,11,344,Loyal Customers
14315,2011-10-26 12:06:00,44,6,2481.13,3,4,4,11,344,Loyal Customers
13507,2011-12-06 13:13:00,3,4,2479.16,4,3,4,11,434,Loyal Customers
14502,2011-11-20 11:50:00,19,11,2470.67,3,4,4,11,344,Loyal Customers
17164,2011-11-07 09:14:00,32,7,2467.35,3,4,4,11,344,Loyal Customers
15527,2011-11-21 12:17:00,18,8,2429.78,3,4,4,11,344,Loyal Customers
17071,2011-11-11 16:31:00,28,9,2429.03,3,4,4,11,344,Loyal Customers
15370,2011-10-30 10:58:00,40,7,2386.05,3,4,4,11,344,Loyal Customers
14554,2011-11-29 16:44:00,10,4,2381.04,4,3,4,11,434,Loyal Customers
14239,2011-10-27 14:40:00,43,11,2380.85,3,4,4,11,344,Loyal Customers
17634,2011-11-03 13:09:00,36,9,2361.97,3,4,4,11,344,Loyal Customers
14030,2011-11-21 16:48:00,18,8,2360.09,3,4,4,11,344,Loyal Customers
18257,2011-10-31 14:48:00,39,8,2337.63,3,4,4,11,344,Loyal Customers
15785,2011-11-07 11:33:00,32,5,2328.97,3,4,4,11,344,Loyal Customers
17211,2011-11-13 12:03:00,26,8,2317.22,3,4,4,11,344,Loyal Customers
15365,2011-11-14 08:29:00,25,7,2314.32,3,4,4,11,344,Loyal Customers
15288,2011-10-27 16:58:00,43,5,2306.52,3,4,4,11,344,Loyal Customers
15105,2011-11-21 16:54:00,18,7,2298.93,3,4,4,11,344,Loyal Customers
13115,2011-11-28 12:38:00,11,4,2294.78,4,3,4,11,434,Loyal Customers
12615,2011-12-07 15:02:00,2,4,2291.19,4,3,4,11,434,Loyal Customers
13527,2011-11-06 12:04:00,33,7,2287.51,3,4,4,11,344,Loyal Customers
17696,2011-11-01 13:43:00,38,8,2285.71,3,4,4,11,344,Loyal Customers
17768,2011-12-01 13:22:00,8,3,2273.18,4,3,4,11,434,Loyal Customers
14466,2011-11-10 14:07:00,29,7,2272.4,3,4,4,11,344,Loyal Customers
13700,2011-11-13 13:00:00,26,10,2265.12,3,4,4,11,344,Loyal Customers
16293,2011-11-18 09:58:00,21,10,2248.99,3,4,4,11,344,Loyal Customers
17442,2011-11-03 09:17:00,36,6,2248.56,3,4,4,11,344,Loyal Customers
16771,2011-11-06 13:28:00,33,5,2246.81,3,4,4,11,344,Loyal Customers
16743,2011-11-10 13:13:00,29,7,2238.09,3,4,4,11,344,Loyal Customers
14226,2011-11-11 11:34:00,28,5,2232.19,3,4,4,11,344,Loyal Customers
15722,2011-11-04 11:43:00,35,5,2222.56,3,4,4,11,344,Loyal Customers
15811,2011-11-17 15:31:00,22,6,2218.62,3,4,4,11,344,Loyal Customers
13862,2011-11-21 16:24:00,18,8,2209.36,3,4,4,11,344,Loyal Customers
15179,2011-11-21 12:53:00,18,5,2206.95,3,4,4,11,344,Loyal Customers
15123,2011-12-02 13:12:00,7,2,2199.31,4,3,4,11,434,Loyal Customers
16628,2011-11-10 12:45:00,29,5,2188.05,3,4,4,11,344,Loyal Customers
15394,2011-11-30 11:49:00,9,4,2183.54,4,3,4,11,434,Loyal Customers
14341,2011-10-25 15:48:00,45,8,2182.28,3,4,4,11,344,Loyal Customers
12909,2011-10-31 12:43:00,39,5,2178.67,3,4,4,11,344,Loyal Customers
16379,2011-12-05 15:38:00,4,4,2157.4,4,3,4,11,434,Loyal Customers
12560,2011-12-04 13:54:00,5,3,2134.01,4,3,4,11,434,Loyal Customers
14640,2011-11-15 13:07:00,24,6,2125.08,3,4,4,11,344,Loyal Customers
15058,2011-11-14 14:57:00,25,11,2124.99,3,4,4,11,344,Loyal Customers
13632,2011-11-15 10:51:00,24,5,2121.27,3,4,4,11,344,Loyal Customers
18061,2011-11-18 11:20:00,21,10,2119.41,3,4,4,11,344,Loyal Customers
14691,2011-11-09 12:30:00,30,5,2114.33,3,4,4,11,344,Loyal Customers
12610,2011-11-17 09:34:00,22,5,2099.54,3,4,4,11,344,Loyal Customers
17191,2011-11-11 16:58:00,28,7,2095.13,3,4,4,11,344,Loyal Customers
13297,2011-12-02 09:32:00,7,4,2089.85,4,3,4,11,434,Loyal Customers
14810,2011-10-30 11:19:00,40,11,2087.88,3,4,4,11,344,Loyal Customers
14482,2011-11-21 13:14:00,18,6,2068.15,3,4,4,11,344,Loyal Customers
12928,2011-11-04 14:24:00,35,5,2062.7,3,4,4,11,344,Loyal Customers
14188,2011-11-09 12:45:00,30,6,2054.36,3,4,4,11,344,Loyal Customers
16150,2011-10-28 12:39:00,42,5,2053.02,3,4,4,11,344,Loyal Customers
14232,2011-10-28 11:09:00,42,5,2048.07,3,4,4,11,344,Loyal Customers
13450,2011-11-13 11:54:00,26,6,2043.72,3,4,4,11,344,Loyal Customers
18069,2011-11-13 16:03:00,26,5,2036.67,3,4,4,11,344,Loyal Customers
16409,2011-11-03 16:45:00,36,5,2028.88,3,4,4,11,344,Loyal Customers
16358,2011-12-08 15:09:00,1,4,2027.5,4,3,4,11,434,Loyal Customers
15531,2011-12-01 18:43:00,8,2,2007.44,4,3,4,11,434,Loyal Customers
15493,2011-11-07 12:04:00,32,5,2001.8,3,4,4,11,344,Loyal Customers
18188,2011-11-24 16:46:00,15,3,2001.04,4,3,4,11,434,Loyal Customers
13246,2011-11-21 16:50:00,18,6,1987.3,3,4,4,11,344,Loyal Customers
13725,2011-10-21 10:03:00,49,8,1980.56,3,4,4,11,344,Loyal Customers
17790,2011-11-13 11:30:00,26,14,1965.55,3,4,4,11,344,Loyal Customers
14498,2011-10-28 12:09:00,42,5,1957.32,3,4,4,11,344,Loyal Customers
14533,2011-11-15 12:05:00,24,7,1949.72,3,4,4,11,344,Loyal Customers
15814,2011-11-23 08:17:00,16,4,1945.33,4,3,4,11,434,Loyal Customers
14418,2011-12-06 11:39:00,3,3,1937.25,4,3,4,11,434,Loyal Customers
15864,2011-11-17 13:32:00,22,6,1936.32,3,4,4,11,344,Loyal Customers
15157,2011-12-06 11:28:00,3,3,1936.07,4,3,4,11,434,Loyal Customers
14655,2011-12-01 16:28:00,8,4,1932.23,4,3,4,11,434,Loyal Customers
13094,2011-11-18 14:07:00,21,12,1927.32,3,4,4,11,344,Loyal Customers
17368,2011-11-16 15:26:00,23,8,1912.67,3,4,4,11,344,Loyal Customers
14250,2011-12-02 14:30:00,7,3,1904.05,4,3,4,11,434,Loyal Customers
12762,2011-12-02 10:23:00,7,2,1898.52,4,3,4,11,434,Loyal Customers
16170,2011-10-20 08:21:00,50,6,1885.05,3,4,4,11,344,Loyal Customers
16841,2011-11-03 11:51:00,36,6,1869.82,3,4,4,11,344,Loyal Customers
14524,2011-11-08 12:29:00,31,9,1867.68,3,4,4,11,344,Loyal Customers
16201,2011-12-06 16:02:00,3,4,1863.47,4,3,4,11,434,Loyal Customers
12950,2011-12-07 13:17:00,2,3,1843.0,4,3,4,11,434,Loyal Customers
14113,2011-12-06 12:18:00,3,4,1840.42,4,3,4,11,434,Loyal Customers
14216,2011-12-06 14:56:00,3,4,1839.3,4,3,4,11,434,Loyal Customers
13048,2011-11-25 13:23:00,14,4,1835.91,4,3,4,11,434,Loyal Customers
15203,2011-11-14 08:16:00,25,6,1827.8,3,4,4,11,344,Loyal Customers
16153,2011-10-21 10:50:00,49,5,1824.23,3,4,4,11,344,Loyal Customers
16169,2011-12-01 15:28:00,8,4,1822.97,4,3,4,11,434,Loyal Customers
13481,2011-10-25 09:07:00,45,5,1804.56,3,4,4,11,344,Loyal Customers
17663,2011-11-14 08:56:00,25,7,1802.91,3,4,4,11,344,Loyal Customers
13196,2011-11-28 13:54:00,11,4,1797.78,4,3,4,11,434,Loyal Customers
13510,2011-12-08 13:46:00,1,4,1791.56,4,3,4,11,434,Loyal Customers
12523,2011-11-20 12:55:00,19,11,1789.77,3,4,4,11,344,Loyal Customers
14608,2011-12-05 16:52:00,4,4,1785.15,4,3,4,11,434,Loyal Customers
14595,2011-11-20 12:12:00,19,6,1740.6,3,4,4,11,344,Loyal Customers
17930,2011-11-04 10:23:00,35,5,1740.48,3,4,4,11,344,Loyal Customers
16791,2011-11-10 19:12:00,29,7,1721.78,3,4,4,11,344,Loyal Customers
15267,2011-11-17 15:59:00,22,5,1717.36,3,4,4,11,344,Loyal Customers
17162,2011-11-11 11:34:00,28,10,1715.46,3,4,4,11,344,Loyal Customers
14441,2011-12-09 09:07:00,0,4,1712.89,4,3,4,11,434,Loyal Customers
12407,2011-10-21 10:11:00,49,5,1708.12,3,4,4,11,344,Loyal Customers
15240,2011-10-26 09:50:00,44,5,1706.57,3,4,4,11,344,Loyal Customers
17193,2011-11-04 12:47:00,35,7,1699.3,3,4,4,11,344,Loyal Customers
13824,2011-11-07 12:41:00,32,5,1698.94,3,4,4,11,344,Loyal Customers
16638,2011-11-17 11:09:00,22,10,1680.72,3,4,4,11,344,Loyal Customers
13647,2011-11-30 12:00:00,9,4,1678.12,4,3,4,11,434,Loyal Customers
13149,2011-11-25 13:09:00,14,4,1676.06,4,3,4,11,434,Loyal Customers
13012,2011-11-30 13:05:00,9,8,1661.84,4,4,3,11,443,Loyal Customers
15214,2011-12-08 12:07:00,1,8,1661.44,4,4,3,11,443,Loyal Customers
15024,2011-11-30 12:06:00,9,10,1661.33,4,4,3,11,443,Loyal Customers
15953,2011-11-24 15:32:00,15,8,1659.38,4,4,3,11,443,Loyal Customers
16711,2011-12-06 16:32:00,3,5,1651.03,4,4,3,11,443,Loyal Customers
17673,2011-12-08 12:50:00,1,6,1629.12,4,4,3,11,443,Loyal Customers
16987,2011-12-06 17:26:00,3,7,1625.05,4,4,3,11,443,Loyal Customers
15172,2011-12-01 11:51:00,8,5,1624.05,4,4,3,11,443,Loyal Customers
14178,2011-12-01 12:01:00,8,7,1620.93,4,4,3,11,443,Loyal Customers
18161,2011-11-24 16:40:00,15,5,1618.69,4,4,3,11,443,Loyal Customers
16992,2011-11-29 11:50:00,10,5,1614.31,4,4,3,11,443,Loyal Customers
16817,2011-12-07 11:03:00,2,9,1604.75,4,4,3,11,443,Loyal Customers
14719,2011-12-08 12:43:00,1,5,1602.13,4,4,3,11,443,Loyal Customers
15611,2011-11-30 12:36:00,9,13,1591.45,4,4,3,11,443,Loyal Customers
16283,2011-12-04 12:08:00,5,5,1570.81,4,4,3,11,443,Loyal Customers
15117,2011-11-25 08:12:00,14,5,1551.78,4,4,3,11,443,Loyal Customers
14704,2011-11-28 12:51:00,11,9,1546.91,4,4,3,11,443,Loyal Customers
16790,2011-12-06 11:53:00,3,6,1545.62,4,4,3,11,443,Loyal Customers
16365,2011-11-22 11:24:00,17,9,1540.42,4,4,3,11,443,Loyal Customers
12877,2011-12-06 10:30:00,3,12,1535.77,4,4,3,11,443,Loyal Customers
14321,2011-11-29 09:47:00,10,5,1530.75,4,4,3,11,443,Loyal Customers
15916,2011-11-23 13:46:00,16,8,1528.09,4,4,3,11,443,Loyal Customers
16066,2011-11-23 11:54:00,16,5,1521.87,4,4,3,11,443,Loyal Customers
16748,2011-11-22 10:17:00,17,5,1515.9,4,4,3,11,443,Loyal Customers
16910,2011-12-05 12:51:00,4,8,1510.06,4,4,3,11,443,Loyal Customers
16016,2011-12-06 14:35:00,3,8,1508.76,4,4,3,11,443,Loyal Customers
14963,2011-11-30 12:16:00,9,5,1487.8,4,4,3,11,443,Loyal Customers
14878,2011-11-27 11:15:00,12,9,1485.54,4,4,3,11,443,Loyal Customers
12826,2011-12-07 10:25:00,2,7,1474.72,4,4,3,11,443,Loyal Customers
13309,2011-12-02 16:34:00,7,5,1456.79,4,4,3,11,443,Loyal Customers
15987,2011-11-27 15:38:00,12,7,1451.28,4,4,3,11,443,Loyal Customers
15858,2011-11-24 12:48:00,15,5,1438.85,4,4,3,11,443,Loyal Customers
14071,2011-12-06 12:27:00,3,8,1438.82,4,4,3,11,443,Loyal Customers
16103,2011-12-02 14:16:00,7,6,1429.64,4,4,3,11,443,Loyal Customers
16271,2011-12-07 12:45:00,2,5,1429.24,4,4,3,11,443,Loyal Customers
15106,2011-11-22 09:16:00,17,5,1422.52,4,4,3,11,443,Loyal Customers
14901,2011-11-28 17:09:00,11,9,1421.29,4,4,3,11,443,Loyal Customers
17288,2011-11-30 16:09:00,9,7,1419.73,4,4,3,11,443,Loyal Customers
16173,2011-11-24 10:53:00,15,6,1418.32,4,4,3,11,443,Loyal Customers
14741,2011-11-28 08:48:00,11,6,1400.34,4,4,3,11,443,Loyal Customers
13995,2011-11-24 14:22:00,15,5,1393.69,4,4,3,11,443,Loyal Customers
15898,2011-12-08 15:23:00,1,5,1388.88,4,4,3,11,443,Loyal Customers
15453,2011-12-08 10:59:00,1,7,1388.37,4,4,3,11,443,Loyal Customers
15134,2011-11-25 08:55:00,14,8,1387.99,4,4,3,11,443,Loyal Customers
17676,2011-12-05 15:16:00,4,6,1387.68,4,4,3,11,443,Loyal Customers
12775,2011-11-22 16:33:00,17,5,1386.04,4,4,3,11,443,Loyal Customers
14102,2011-12-04 15:38:00,5,5,1360.28,4,4,3,11,443,Loyal Customers
13232,2011-11-27 10:39:00,12,7,1357.6,4,4,3,11,443,Loyal Customers
13743,2011-12-07 10:09:00,2,7,1341.6,4,4,3,11,443,Loyal Customers
12919,2011-12-01 13:47:00,8,6,1335.19,4,4,3,11,443,Loyal Customers
14794,2011-12-07 10:11:00,2,7,1319.91,4,4,3,11,443,Loyal Customers
14511,2011-11-28 17:05:00,11,5,1314.81,4,4,3,11,443,Loyal Customers
14047,2011-12-01 11:43:00,8,5,1308.61,4,4,3,11,443,Loyal Customers
16744,2011-11-28 13:06:00,11,7,1304.76,4,4,3,11,443,Loyal Customers
15602,2011-12-01 14:14:00,8,9,1297.87,4,4,3,11,443,Loyal Customers
16929,2011-12-06 08:37:00,3,7,1295.39,4,4,3,11,443,Loyal Customers
16949,2011-12-06 11:07:00,3,6,1286.27,4,4,3,11,443,Loyal Customers
16899,2011-12-02 12:03:00,7,6,1281.56,4,4,3,11,443,Loyal Customers
17412,2011-12-07 11:36:00,2,7,1258.06,4,4,3,11,443,Loyal Customers
14931,2011-12-05 10:19:00,4,5,1257.68,4,4,3,11,443,Loyal Customers
14698,2011-12-08 12:26:00,1,5,1250.76,4,4,3,11,443,Loyal Customers
12494,2011-11-24 09:34:00,15,7,1246.1,4,4,3,11,443,Loyal Customers
13860,2011-12-08 12:57:00,1,5,1245.9,4,4,3,11,443,Loyal Customers
14428,2011-12-02 13:17:00,7,5,1244.83,4,4,3,11,443,Loyal Customers
15910,2011-12-09 10:51:00,0,8,1232.18,4,4,3,11,443,Loyal Customers
16794,2011-12-08 17:54:00,1,10,1222.71,4,4,3,11,443,Loyal Customers
17410,2011-11-23 15:46:00,16,5,1214.72,4,4,3,11,443,Loyal Customers
12464,2011-11-29 13:33:00,10,8,1212.05,4,4,3,11,443,Loyal Customers
15737,2011-11-25 11:21:00,14,8,1205.12,4,4,3,11,443,Loyal Customers
13882,2011-12-07 11:16:00,2,5,1191.13,4,4,3,11,443,Loyal Customers
17348,2011-11-25 11:25:00,14,5,1159.52,4,4,3,11,443,Loyal Customers
13499,2011-11-22 11:21:00,17,5,1159.11,4,4,3,11,443,Loyal Customers
14723,2011-11-29 15:23:00,10,6,1158.3,4,4,3,11,443,Loyal Customers
17135,2011-11-23 16:48:00,16,7,1139.73,4,4,3,11,443,Loyal Customers
17302,2011-11-25 09:36:00,14,5,1135.63,4,4,3,11,443,Loyal Customers
16989,2011-12-02 16:39:00,7,6,1133.25,4,4,3,11,443,Loyal Customers
13610,2011-11-27 15:38:00,12,7,1131.88,4,4,3,11,443,Loyal Customers
14129,2011-12-08 11:02:00,1,5,1123.86,4,4,3,11,443,Loyal Customers
17562,2011-11-25 14:21:00,14,7,1122.38,4,4,3,11,443,Loyal Customers
14744,2011-11-23 12:51:00,16,7,1099.98,4,4,3,11,443,Loyal Customers
13104,2011-12-06 13:10:00,3,6,1098.48,4,4,3,11,443,Loyal Customers
15712,2011-11-30 14:09:00,9,5,1072.36,4,4,3,11,443,Loyal Customers
17522,2011-12-08 12:31:00,1,5,1070.71,4,4,3,11,443,Loyal Customers
12951,2011-12-01 12:14:00,8,6,1064.07,4,4,3,11,443,Loyal Customers
14419,2011-11-29 11:22:00,10,6,1058.06,4,4,3,11,443,Loyal Customers
14583,2011-12-04 12:32:00,5,5,1052.55,4,4,3,11,443,Loyal Customers
17042,2011-12-07 12:26:00,2,5,1044.38,4,4,3,11,443,Loyal Customers
13719,2011-11-24 15:26:00,15,5,1041.68,4,4,3,11,443,Loyal Customers
15434,2011-12-01 13:33:00,8,5,1041.48,4,4,3,11,443,Loyal Customers
16682,2011-12-05 12:13:00,4,5,1028.0,4,4,3,11,443,Loyal Customers
13956,2011-12-04 13:20:00,5,5,1026.42,4,4,3,11,443,Loyal Customers
12828,2011-12-07 08:45:00,2,6,1018.71,4,4,3,11,443,Loyal Customers
14083,2011-12-05 13:14:00,4,9,1018.43,4,4,3,11,443,Loyal Customers
18237,2011-12-07 12:49:00,2,5,987.1,4,4,3,11,443,Loyal Customers
13509,2011-12-01 10:10:00,8,7,979.72,4,4,3,11,443,Loyal Customers
13026,2011-12-08 16:58:00,1,5,975.36,4,4,3,11,443,Loyal Customers
17097,2011-12-07 17:05:00,2,8,954.42,4,4,3,11,443,Loyal Customers
17323,2011-11-24 17:29:00,15,7,921.07,4,4,3,11,443,Loyal Customers
15253,2011-11-23 16:22:00,16,5,918.2,4,4,3,11,443,Loyal Customers
17236,2011-11-27 12:00:00,12,6,916.13,4,4,3,11,443,Loyal Customers
13782,2011-11-27 11:54:00,12,6,912.0,4,4,3,11,443,Loyal Customers
14289,2011-12-01 11:44:00,8,6,911.26,4,4,3,11,443,Loyal Customers
15511,2011-11-28 09:43:00,11,5,909.23,4,4,3,11,443,Loyal Customers
15208,2011-12-08 17:24:00,1,5,870.12,4,4,3,11,443,Loyal Customers
13991,2011-11-27 16:18:00,12,6,855.97,4,4,3,11,443,Loyal Customers
16877,2011-11-27 13:47:00,12,6,853.72,4,4,3,11,443,Loyal Customers
16600,2011-12-05 16:00:00,4,6,813.52,4,4,3,11,443,Loyal Customers
17114,2011-12-04 12:17:00,5,8,808.62,4,4,3,11,443,Loyal Customers
12744,2011-10-19 11:18:00,51,7,21279.29,2,4,4,10,244,At Risk (High Value)
12536,2011-10-27 14:20:00,43,3,12601.83,3,3,4,10,334,Loyal Customers
12939,2011-10-06 14:33:00,64,8,11581.8,2,4,4,10,244,At Risk (High Value)
16180,2011-08-31 16:28:00,100,8,10254.18,2,4,4,10,244,At Risk (High Value)
14952,2011-10-11 10:33:00,59,11,8099.49,2,4,4,10,244,At Risk (High Value)
16745,2011-09-14 11:58:00,86,17,7194.3,2,4,4,10,244,At Risk (High Value)
13027,2011-08-18 09:39:00,113,6,6912.0,2,4,4,10,244,At Risk (High Value)
16652,2011-10-12 09:38:00,58,7,6773.97,2,4,4,10,244,At Risk (High Value)
16126,2011-11-10 16:03:00,29,4,6287.77,3,3,4,10,334,Loyal Customers
17509,2011-10-13 10:26:00,57,8,6115.14,2,4,4,10,244,At Risk (High Value)
15939,2011-09-11 11:30:00,89,15,6115.01,2,4,4,10,244,At Risk (High Value)
12637,2011-10-03 13:46:00,67,8,6021.9,2,4,4,10,244,At Risk (High Value)
13316,2011-11-02 13:40:00,37,4,5977.73,3,3,4,10,334,Loyal Customers
14101,2011-09-27 12:28:00,73,6,5976.79,2,4,4,10,244,At Risk (High Value)
12539,2011-11-17 13:30:00,22,4,5568.35,3,3,4,10,334,Loyal Customers
16303,2011-11-14 10:49:00,25,3,5360.63,3,3,4,10,334,Loyal Customers
17061,2011-09-27 11:24:00,73,11,5232.23,2,4,4,10,244,At Risk (High Value)
15786,2011-10-24 14:13:00,46,3,4932.2,3,3,4,10,334,Loyal Customers
14286,2011-11-16 10:34:00,23,3,4628.75,3,3,4,10,334,Loyal Customers
15299,2011-10-03 14:19:00,67,7,4507.01,2,4,4,10,244,At Risk (High Value)
15874,2011-10-07 12:31:00,63,7,4405.88,2,4,4,10,244,At Risk (High Value)
12449,2011-11-17 13:46:00,22,4,4067.29,3,3,4,10,334,Loyal Customers
13815,2011-11-17 14:19:00,22,4,4027.36,3,3,4,10,334,Loyal Customers
18073,2011-08-17 14:02:00,114,12,3877.52,2,4,4,10,244,At Risk (High Value)
15195,2011-12-07 12:20:00,2,1,3861.0,4,2,4,10,424,High-Value Recent
12597,2011-11-20 13:33:00,19,4,3811.22,3,3,4,10,334,Loyal Customers
14145,2011-10-24 12:10:00,46,4,3742.2,3,3,4,10,334,Loyal Customers
13552,2011-10-04 15:19:00,66,12,3740.07,2,4,4,10,244,At Risk (High Value)
12502,2011-09-05 11:52:00,95,5,3723.87,2,4,4,10,244,At Risk (High Value)
16240,2011-11-15 14:30:00,24,2,3718.8,3,3,4,10,334,Loyal Customers
14364,2011-08-23 11:01:00,108,8,3717.35,2,4,4,10,244,At Risk (High Value)
17819,2011-09-29 10:52:00,71,7,3704.87,2,4,4,10,244,At Risk (High Value)
15581,2011-08-11 09:38:00,120,13,3679.97,2,4,4,10,244,At Risk (High Value)
18079,2011-10-25 15:27:00,45,4,3651.97,3,3,4,10,334,Loyal Customers
13520,2011-10-12 10:20:00,58,6,3624.35,2,4,4,10,244,At Risk (High Value)
13082,2011-08-05 16:16:00,126,9,3613.63,2,4,4,10,244,At Risk (High Value)
15505,2011-10-18 07:56:00,52,5,3610.96,2,4,4,10,244,At Risk (High Value)
16131,2011-10-19 11:53:00,51,6,3506.54,2,4,4,10,244,At Risk (High Value)
15410,2011-09-16 14:47:00,84,8,3450.84,2,4,4,10,244,At Risk (High Value)
15676,2011-11-21 12:40:00,18,3,3435.76,3,3,4,10,334,Loyal Customers
12406,2011-11-17 19:22:00,22,2,3415.3,3,3,4,10,334,Loyal Customers
13842,2011-10-12 10:51:00,58,9,3385.62,2,4,4,10,244,At Risk (High Value)
13015,2011-10-17 13:19:00,53,5,3346.28,2,4,4,10,244,At Risk (High Value)
12643,2011-08-03 12:56:00,128,6,3344.64,2,4,4,10,244,At Risk (High Value)
12613,2011-10-13 14:59:00,57,5,3344.38,2,4,4,10,244,At Risk (High Value)
16556,2011-10-04 11:36:00,66,7,3313.79,2,4,4,10,244,At Risk (High Value)
14841,2011-10-17 15:03:00,53,6,3295.76,2,4,4,10,244,At Risk (High Value)
12480,2011-11-11 14:52:00,28,4,3281.63,3,3,4,10,334,Loyal Customers
15764,2011-09-12 17:58:00,88,6,3279.97,2,4,4,10,244,At Risk (High Value)
17723,2011-08-04 18:37:00,127,6,3276.4,2,4,4,10,244,At Risk (High Value)
17050,2011-09-04 13:48:00,96,6,3228.84,2,4,4,10,244,At Risk (High Value)
12456,2011-10-26 14:41:00,44,3,3181.04,3,3,4,10,334,Loyal Customers
17672,2011-10-20 14:18:00,50,2,3178.17,3,3,4,10,334,Loyal Customers
16041,2011-11-09 12:25:00,30,3,3166.4,3,3,4,10,334,Loyal Customers
17863,2011-10-11 13:45:00,59,6,3160.0,2,4,4,10,244,At Risk (High Value)
15065,2011-11-02 09:45:00,37,4,3158.13,3,3,4,10,334,Loyal Customers
14235,2011-09-25 14:37:00,75,5,3144.86,2,4,4,10,244,At Risk (High Value)
15491,2011-09-05 15:56:00,95,6,3100.09,2,4,4,10,244,At Risk (High Value)
14257,2011-10-06 16:54:00,64,5,3099.72,2,4,4,10,244,At Risk (High Value)
13631,2011-09-01 09:57:00,99,11,3070.42,2,4,4,10,244,At Risk (High Value)
16709,2011-09-16 10:56:00,84,5,3029.87,2,4,4,10,244,At Risk (High Value)
18094,2011-09-19 09:28:00,81,7,3017.3,2,4,4,10,244,At Risk (High Value)
14307,2011-09-12 09:38:00,88,6,2995.72,2,4,4,10,244,At Risk (High Value)
14639,2011-10-18 15:06:00,52,6,2984.49,2,4,4,10,244,At Risk (High Value)
17084,2011-11-04 14:54:00,35,2,2949.75,3,3,4,10,334,Loyal Customers
16316,2011-10-06 13:48:00,64,8,2938.91,2,4,4,10,244,At Risk (High Value)
15606,2011-10-09 15:47:00,61,9,2920.16,2,4,4,10,244,At Risk (High Value)
13735,2011-11-15 11:14:00,24,4,2885.24,3,3,4,10,334,Loyal Customers
13901,2011-09-28 14:48:00,72,5,2867.2,2,4,4,10,244,At Risk (High Value)
16928,2011-09-20 15:10:00,80,17,2847.6,2,4,4,10,244,At Risk (High Value)
14852,2011-10-12 13:20:00,58,6,2836.69,2,4,4,10,244,At Risk (High Value)
14842,2011-10-27 12:37:00,43,4,2824.69,3,3,4,10,334,Loyal Customers
12356,2011-11-17 08:40:00,22,3,2811.43,3,3,4,10,334,Loyal Customers
16081,2011-10-14 13:06:00,56,5,2806.9,2,4,4,10,244,At Risk (High Value)
12578,2011-11-18 13:30:00,21,2,2794.51,3,3,4,10,334,Loyal Customers
14626,2011-11-16 10:37:00,23,4,2791.27,3,3,4,10,334,Loyal Customers
14854,2011-09-22 17:00:00,78,7,2759.83,2,4,4,10,244,At Risk (High Value)
12380,2011-11-18 11:27:00,21,4,2724.81,3,3,4,10,334,Loyal Customers
13285,2011-11-16 13:19:00,23,4,2709.12,3,3,4,10,334,Loyal Customers
14107,2011-10-19 12:12:00,51,7,2703.23,2,4,4,10,244,At Risk (High Value)
12520,2011-09-21 15:23:00,79,5,2634.26,2,4,4,10,244,At Risk (High Value)
13136,2011-10-14 13:41:00,56,5,2607.61,2,4,4,10,244,At Risk (High Value)
17317,2011-10-24 17:19:00,46,3,2600.34,3,3,4,10,334,Loyal Customers
13895,2011-11-11 16:57:00,28,4,2593.07,3,3,4,10,334,Loyal Customers
13911,2011-10-13 15:43:00,57,9,2580.91,2,4,4,10,244,At Risk (High Value)
15485,2011-11-09 14:31:00,30,3,2575.0,3,3,4,10,334,Loyal Customers
16308,2011-11-02 11:24:00,37,4,2560.0,3,3,4,10,334,Loyal Customers
14776,2011-10-19 15:34:00,51,11,2538.3,2,4,4,10,244,At Risk (High Value)
16477,2011-10-07 09:44:00,63,7,2494.46,2,4,4,10,244,At Risk (High Value)
12455,2011-09-27 15:31:00,73,6,2466.86,2,4,4,10,244,At Risk (High Value)
15674,2011-09-27 15:17:00,73,5,2446.6,2,4,4,10,244,At Risk (High Value)
12397,2011-11-04 09:52:00,35,2,2409.9,3,3,4,10,334,Loyal Customers
13141,2011-09-16 09:54:00,84,5,2388.75,2,4,4,10,244,At Risk (High Value)
12457,2011-10-04 13:13:00,66,7,2363.23,2,4,4,10,244,At Risk (High Value)
15140,2011-10-18 14:07:00,52,7,2354.25,2,4,4,10,244,At Risk (High Value)
18259,2011-11-15 12:34:00,24,3,2338.6,3,3,4,10,334,Loyal Customers
15281,2011-10-12 09:10:00,58,9,2332.15,2,4,4,10,244,At Risk (High Value)
16735,2011-09-22 11:49:00,78,5,2300.56,2,4,4,10,244,At Risk (High Value)
16550,2011-08-23 11:12:00,108,5,2298.97,2,4,4,10,244,At Risk (High Value)
13317,2011-10-04 13:35:00,66,6,2273.68,2,4,4,10,244,At Risk (High Value)
16209,2011-09-12 11:58:00,88,5,2262.62,2,4,4,10,244,At Risk (High Value)
14211,2011-10-17 13:23:00,53,9,2241.1,2,4,4,10,244,At Risk (High Value)
14700,2011-11-07 14:40:00,32,3,2235.3,3,3,4,10,334,Loyal Customers
17591,2011-09-27 13:42:00,73,7,2225.97,2,4,4,10,244,At Risk (High Value)
13365,2011-11-06 12:36:00,33,2,2225.37,3,3,4,10,334,Loyal Customers
16456,2011-09-01 13:50:00,99,5,2158.37,2,4,4,10,244,At Risk (High Value)
14407,2011-08-24 14:02:00,107,6,2157.73,2,4,4,10,244,At Risk (High Value)
17272,2011-10-28 16:37:00,42,4,2148.63,3,3,4,10,334,Loyal Customers
17400,2011-08-05 15:38:00,126,5,2129.96,2,4,4,10,244,At Risk (High Value)
14360,2011-11-08 09:12:00,31,4,2128.23,3,3,4,10,334,Loyal Customers
18008,2011-09-30 15:17:00,70,9,2116.19,2,4,4,10,244,At Risk (High Value)
13265,2011-10-17 15:02:00,53,5,2107.66,2,4,4,10,244,At Risk (High Value)
15815,2011-10-07 12:42:00,63,5,2100.6,2,4,4,10,244,At Risk (High Value)
16875,2011-10-03 13:39:00,67,5,2095.53,2,4,4,10,244,At Risk (High Value)
14409,2011-09-29 18:18:00,71,6,2059.45,2,4,4,10,244,At Risk (High Value)
17667,2011-10-04 14:32:00,66,5,2055.51,2,4,4,10,244,At Risk (High Value)
17612,2011-10-17 14:59:00,53,6,2048.45,2,4,4,10,244,At Risk (High Value)
17625,2011-11-21 13:36:00,18,4,2047.0,3,3,4,10,334,Loyal Customers
14001,2011-10-25 10:31:00,45,3,2043.08,3,3,4,10,334,Loyal Customers
13593,2011-08-23 13:35:00,108,5,2037.08,2,4,4,10,244,At Risk (High Value)
14544,2011-11-15 15:06:00,24,2,2024.45,3,3,4,10,334,Loyal Customers
16098,2011-09-13 09:59:00,87,7,2005.63,2,4,4,10,244,At Risk (High Value)
14462,2011-10-04 15:55:00,66,11,2004.02,2,4,4,10,244,At Risk (High Value)
17082,2011-11-06 15:17:00,33,2,2003.85,3,3,4,10,334,Loyal Customers
17088,2011-11-11 14:23:00,28,4,1991.01,3,3,4,10,334,Loyal Customers
16341,2011-11-15 09:12:00,24,4,1971.87,3,3,4,10,334,Loyal Customers
17997,2011-09-26 16:13:00,74,8,1970.67,2,4,4,10,244,At Risk (High Value)
12674,2011-11-01 12:12:00,38,4,1970.6,3,3,4,10,334,Loyal Customers
12853,2011-07-28 11:29:00,134,6,1957.1,2,4,4,10,244,At Risk (High Value)
15518,2011-10-06 13:05:00,64,8,1942.45,2,4,4,10,244,At Risk (High Value)
14472,2011-08-28 11:01:00,103,8,1936.84,2,4,4,10,244,At Risk (High Value)
14978,2011-09-28 13:07:00,72,5,1931.42,2,4,4,10,244,At Risk (High Value)
14285,2011-11-18 14:50:00,21,4,1910.01,3,3,4,10,334,Loyal Customers
14210,2011-08-26 12:36:00,105,6,1905.84,2,4,4,10,244,At Risk (High Value)
15819,2011-10-21 14:50:00,49,4,1905.45,3,3,4,10,334,Loyal Customers
12371,2011-10-26 10:16:00,44,2,1887.96,3,3,4,10,334,Loyal Customers
17738,2011-11-20 15:05:00,19,4,1879.05,3,3,4,10,334,Loyal Customers
16986,2011-11-10 11:55:00,29,2,1873.2,3,3,4,10,334,Loyal Customers
13982,2011-10-31 16:24:00,39,4,1871.81,3,3,4,10,334,Loyal Customers
17873,2011-09-20 16:41:00,80,5,1859.16,2,4,4,10,244,At Risk (High Value)
13421,2011-10-30 14:21:00,40,2,1851.08,3,3,4,10,334,Loyal Customers
17015,2011-11-11 10:45:00,28,3,1842.56,3,3,4,10,334,Loyal Customers
16102,2011-10-28 13:19:00,42,3,1842.14,3,3,4,10,334,Loyal Customers
16455,2011-10-07 12:17:00,63,7,1841.18,2,4,4,10,244,At Risk (High Value)
18287,2011-10-28 09:29:00,42,3,1837.28,3,3,4,10,334,Loyal Customers
15827,2011-09-27 15:35:00,73,14,1836.09,2,4,4,10,244,At Risk (High Value)
14665,2011-10-10 09:14:00,60,5,1835.7,2,4,4,10,244,At Risk (High Value)
17702,2011-11-09 16:03:00,30,4,1824.37,3,3,4,10,334,Loyal Customers
17828,2011-11-17 08:41:00,22,4,1820.09,3,3,4,10,334,Loyal Customers
15260,2011-08-31 13:55:00,100,7,1810.77,2,4,4,10,244,At Risk (High Value)
15812,2011-08-24 14:19:00,107,5,1801.14,2,4,4,10,244,At Risk (High Value)
16249,2011-10-18 10:07:00,52,5,1800.07,2,4,4,10,244,At Risk (High Value)
13875,2011-10-17 09:36:00,53,5,1786.79,2,4,4,10,244,At Risk (High Value)
15050,2011-11-14 16:17:00,25,3,1782.09,3,3,4,10,334,Loyal Customers
15220,2011-10-19 12:39:00,51,6,1778.96,2,4,4,10,244,At Risk (High Value)
17092,2011-10-20 19:51:00,50,4,1777.78,3,3,4,10,334,Loyal Customers
12645,2011-11-06 12:38:00,33,4,1775.18,3,3,4,10,334,Loyal Customers
14387,2011-11-07 12:29:00,32,3,1770.56,3,3,4,10,334,Loyal Customers
16681,2011-09-28 11:11:00,72,6,1770.34,2,4,4,10,244,At Risk (High Value)
15950,2011-11-08 11:09:00,31,4,1765.51,3,3,4,10,334,Loyal Customers
12823,2011-09-26 07:35:00,74,5,1759.5,2,4,4,10,244,At Risk (High Value)
15241,2011-10-04 09:05:00,66,8,1756.44,2,4,4,10,244,At Risk (High Value)
13157,2011-10-21 13:50:00,49,4,1741.22,3,3,4,10,334,Loyal Customers
17457,2011-08-05 12:48:00,126,5,1737.7,2,4,4,10,244,At Risk (High Value)
17043,2011-11-07 15:33:00,32,4,1735.18,3,3,4,10,334,Loyal Customers
17147,2011-11-17 12:32:00,22,4,1714.59,3,3,4,10,334,Loyal Customers
12843,2011-10-05 12:09:00,65,8,1702.26,2,4,4,10,244,At Risk (High Value)
16007,2011-10-23 11:05:00,47,4,1701.94,3,3,4,10,334,Loyal Customers
16671,2011-11-11 13:40:00,28,3,1692.27,3,3,4,10,334,Loyal Customers
13577,2011-11-14 15:19:00,25,4,1687.6,3,3,4,10,334,Loyal Customers
17656,2011-09-27 13:04:00,73,5,1674.69,2,4,4,10,244,At Risk (High Value)
12657,2011-11-28 15:47:00,11,4,1643.18,4,3,3,10,433,Loyal Customers
14759,2011-12-05 12:03:00,4,3,1625.97,4,3,3,10,433,Loyal Customers
17101,2011-11-29 13:57:00,10,4,1621.73,4,3,3,10,433,Loyal Customers
14336,2011-11-23 11:40:00,16,4,1614.91,4,3,3,10,433,Loyal Customers
14312,2011-10-24 09:46:00,46,6,1611.59,3,4,3,10,343,Loyal Customers
16466,2011-11-06 11:35:00,33,7,1603.46,3,4,3,10,343,Loyal Customers
14587,2011-11-21 11:34:00,18,9,1601.14,3,4,3,10,343,Loyal Customers
15660,2011-11-14 16:58:00,25,9,1600.86,3,4,3,10,343,Loyal Customers
16496,2011-12-01 10:31:00,8,3,1599.52,4,3,3,10,433,Loyal Customers
17837,2011-10-28 16:13:00,42,8,1593.38,3,4,3,10,343,Loyal Customers
16332,2011-11-11 14:22:00,28,7,1593.2,3,4,3,10,343,Loyal Customers
13634,2011-11-06 13:40:00,33,5,1575.16,3,4,3,10,343,Loyal Customers
17671,2011-11-24 12:21:00,15,4,1572.71,4,3,3,10,433,Loyal Customers
15906,2011-11-20 12:24:00,19,7,1567.69,3,4,3,10,343,Loyal Customers
13313,2011-11-17 16:48:00,22,5,1555.32,3,4,3,10,343,Loyal Customers
15701,2011-12-07 14:39:00,2,4,1542.14,4,3,3,10,433,Loyal Customers
15392,2011-12-05 11:01:00,4,4,1535.53,4,3,3,10,433,Loyal Customers
16434,2011-11-10 14:28:00,29,7,1522.25,3,4,3,10,343,Loyal Customers
16880,2011-11-09 11:33:00,30,7,1519.08,3,4,3,10,343,Loyal Customers
12937,2011-11-24 15:05:00,15,4,1504.27,4,3,3,10,433,Loyal Customers
13110,2011-11-08 14:30:00,31,7,1488.67,3,4,3,10,343,Loyal Customers
18016,2011-11-07 13:25:00,32,5,1483.56,3,4,3,10,343,Loyal Customers
17590,2011-12-07 12:55:00,2,3,1479.22,4,3,3,10,433,Loyal Customers
14404,2011-11-06 12:30:00,33,6,1474.32,3,4,3,10,343,Loyal Customers
16348,2011-11-07 15:44:00,32,7,1469.45,3,4,3,10,343,Loyal Customers
12882,2011-11-30 16:18:00,9,2,1463.04,4,3,3,10,433,Loyal Customers
17063,2011-11-18 16:19:00,21,7,1461.14,3,4,3,10,343,Loyal Customers
16996,2011-11-09 16:43:00,30,6,1456.96,3,4,3,10,343,Loyal Customers
13477,2011-11-02 12:04:00,37,6,1454.58,3,4,3,10,343,Loyal Customers
15426,2011-11-20 15:36:00,19,5,1447.39,3,4,3,10,343,Loyal Customers
14591,2011-11-24 13:57:00,15,4,1447.14,4,3,3,10,433,Loyal Customers
17073,2011-11-22 11:47:00,17,4,1446.09,4,3,3,10,433,Loyal Customers
13717,2011-11-07 14:13:00,32,6,1445.01,3,4,3,10,343,Loyal Customers
13159,2011-12-01 11:20:00,8,4,1437.85,4,3,3,10,433,Loyal Customers
14035,2011-11-11 10:03:00,28,5,1428.02,3,4,3,10,343,Loyal Customers
15681,2011-11-14 16:30:00,25,5,1426.16,3,4,3,10,343,Loyal Customers
15444,2011-11-30 17:37:00,9,2,1418.26,4,3,3,10,433,Loyal Customers
17856,2011-12-08 09:40:00,1,4,1418.03,4,3,3,10,433,Loyal Customers
14649,2011-12-05 12:30:00,4,4,1417.29,4,3,3,10,433,Loyal Customers
14748,2011-11-10 18:33:00,29,5,1415.75,3,4,3,10,343,Loyal Customers
15237,2011-12-08 09:46:00,1,4,1412.32,4,3,3,10,433,Loyal Customers
16539,2011-12-07 08:41:00,2,4,1388.81,4,3,3,10,433,Loyal Customers
12952,2011-12-04 10:35:00,5,4,1387.79,4,3,3,10,433,Loyal Customers
14507,2011-11-16 12:21:00,23,6,1383.18,3,4,3,10,343,Loyal Customers
14116,2011-11-20 10:29:00,19,5,1382.74,3,4,3,10,343,Loyal Customers
16726,2011-11-13 14:53:00,26,5,1382.02,3,4,3,10,343,Loyal Customers
14434,2011-11-18 08:56:00,21,6,1372.8,3,4,3,10,343,Loyal Customers
14897,2011-12-02 10:32:00,7,4,1366.38,4,3,3,10,433,Loyal Customers
17054,2011-11-11 12:56:00,28,5,1356.33,3,4,3,10,343,Loyal Customers
14064,2011-11-10 13:14:00,29,5,1353.74,3,4,3,10,343,Loyal Customers
14859,2011-11-27 11:18:00,12,4,1353.74,4,3,3,10,433,Loyal Customers
15116,2011-11-22 12:25:00,17,4,1352.75,4,3,3,10,433,Loyal Customers
16079,2011-11-23 12:48:00,16,3,1352.0,4,3,3,10,433,Loyal Customers
12646,2011-12-05 10:14:00,4,2,1346.97,4,3,3,10,433,Loyal Customers
15398,2011-11-23 16:47:00,16,2,1345.53,4,3,3,10,433,Loyal Customers
17372,2011-10-30 11:37:00,40,8,1342.68,3,4,3,10,343,Loyal Customers
18177,2011-11-08 14:44:00,31,6,1341.42,3,4,3,10,343,Loyal Customers
12620,2011-11-25 10:20:00,14,3,1339.41,4,3,3,10,433,Loyal Customers
15059,2011-10-30 11:35:00,40,9,1337.72,3,4,3,10,343,Loyal Customers
15680,2011-11-30 13:46:00,9,3,1333.68,4,3,3,10,433,Loyal Customers
12676,2011-11-15 12:25:00,24,6,1331.39,3,4,3,10,343,Loyal Customers
16295,2011-11-30 08:17:00,9,4,1328.55,4,3,3,10,433,Loyal Customers
12526,2011-12-09 12:09:00,0,3,1316.66,4,3,3,10,433,Loyal Customers
12576,2011-11-04 10:11:00,35,5,1315.83,3,4,3,10,343,Loyal Customers
14738,2011-10-28 08:56:00,42,7,1314.45,3,4,3,10,343,Loyal Customers
12364,2011-12-02 10:22:00,7,4,1313.1,4,3,3,10,433,Loyal Customers
14297,2011-11-22 09:06:00,17,4,1305.33,4,3,3,10,433,Loyal Customers
14898,2011-11-16 14:54:00,23,6,1303.52,3,4,3,10,343,Loyal Customers
12488,2011-11-30 08:50:00,9,3,1298.66,4,3,3,10,433,Loyal Customers
17961,2011-11-18 16:55:00,21,39,1296.44,3,4,3,10,343,Loyal Customers
15621,2011-12-05 14:01:00,4,4,1293.03,4,3,3,10,433,Loyal Customers
15136,2011-12-07 12:26:00,2,4,1286.7,4,3,3,10,433,Loyal Customers
17350,2011-12-01 15:47:00,8,4,1286.07,4,3,3,10,433,Loyal Customers
13538,2011-10-27 16:34:00,43,7,1280.85,3,4,3,10,343,Loyal Customers
17019,2011-11-28 13:06:00,11,4,1272.61,4,3,3,10,433,Loyal Customers
12630,2011-11-30 10:48:00,9,2,1270.88,4,3,3,10,433,Loyal Customers
16660,2011-11-23 14:53:00,16,4,1267.65,4,3,3,10,433,Loyal Customers
15497,2011-11-22 11:51:00,17,2,1262.2,4,3,3,10,433,Loyal Customers
15009,2011-11-27 13:35:00,12,3,1261.78,4,3,3,10,433,Loyal Customers
16688,2011-12-08 15:24:00,1,4,1260.86,4,3,3,10,433,Loyal Customers
17481,2011-12-06 12:28:00,3,4,1255.59,4,3,3,10,433,Loyal Customers
16531,2011-11-17 16:29:00,22,7,1244.59,3,4,3,10,343,Loyal Customers
17584,2011-12-02 17:12:00,7,2,1242.3,4,3,3,10,433,Loyal Customers
12985,2011-12-09 10:46:00,0,2,1239.38,4,3,3,10,433,Loyal Customers
14893,2011-11-30 12:31:00,9,2,1237.85,4,3,3,10,433,Loyal Customers
14684,2011-11-14 11:33:00,25,5,1236.28,3,4,3,10,343,Loyal Customers
15227,2011-11-03 11:59:00,36,5,1219.4,3,4,3,10,343,Loyal Customers
16653,2011-11-23 14:51:00,16,2,1212.66,4,3,3,10,433,Loyal Customers
17800,2011-11-02 12:57:00,37,9,1199.01,3,4,3,10,343,Loyal Customers
15605,2011-11-03 14:17:00,36,5,1198.23,3,4,3,10,343,Loyal Customers
13118,2011-11-20 12:46:00,19,5,1197.81,3,4,3,10,343,Loyal Customers
13211,2011-11-29 14:43:00,10,3,1197.42,4,3,3,10,433,Loyal Customers
16042,2011-11-17 17:50:00,22,5,1197.27,3,4,3,10,343,Loyal Customers
17867,2011-11-09 14:15:00,30,6,1197.1,3,4,3,10,343,Loyal Customers
14487,2011-11-13 12:17:00,26,6,1196.33,3,4,3,10,343,Loyal Customers
17526,2011-12-05 11:05:00,4,4,1195.9,4,3,3,10,433,Loyal Customers
15145,2011-12-05 17:21:00,4,4,1194.73,4,3,3,10,433,Loyal Customers
12358,2011-12-08 10:26:00,1,2,1168.06,4,3,3,10,433,Loyal Customers
14737,2011-12-06 10:16:00,3,3,1164.55,4,3,3,10,433,Loyal Customers
14447,2011-11-21 08:28:00,18,5,1163.23,3,4,3,10,343,Loyal Customers
16062,2011-11-30 12:15:00,9,4,1153.62,4,3,3,10,433,Loyal Customers
17500,2011-11-22 14:25:00,17,3,1138.0,4,3,3,10,433,Loyal Customers
15500,2011-12-01 13:47:00,8,4,1131.56,4,3,3,10,433,Loyal Customers
14824,2011-11-29 14:20:00,10,4,1127.71,4,3,3,10,433,Loyal Customers
14708,2011-12-07 08:21:00,2,3,1126.37,4,3,3,10,433,Loyal Customers
17470,2011-10-26 12:42:00,44,5,1125.07,3,4,3,10,343,Loyal Customers
15436,2011-11-27 16:05:00,12,3,1122.53,4,3,3,10,433,Loyal Customers
13064,2011-11-27 12:31:00,12,4,1119.49,4,3,3,10,433,Loyal Customers
17609,2011-10-30 12:28:00,40,5,1112.22,3,4,3,10,343,Loyal Customers
16833,2011-12-08 14:39:00,1,4,1106.53,4,3,3,10,433,Loyal Customers
14948,2011-11-16 17:16:00,23,6,1101.97,3,4,3,10,343,Loyal Customers
17966,2011-11-02 10:26:00,37,5,1098.43,3,4,3,10,343,Loyal Customers
16225,2011-10-26 08:30:00,44,5,1096.32,3,4,3,10,343,Loyal Customers
13521,2011-12-08 13:50:00,1,3,1093.65,4,3,3,10,433,Loyal Customers
13467,2011-11-29 10:01:00,10,2,1083.71,4,3,3,10,433,Loyal Customers
16200,2011-12-05 14:40:00,4,2,1080.62,4,3,3,10,433,Loyal Customers
15197,2011-11-29 10:00:00,10,3,1079.61,4,3,3,10,433,Loyal Customers
16094,2011-11-28 12:45:00,11,4,1078.23,4,3,3,10,433,Loyal Customers
16918,2011-10-21 12:50:00,49,6,1068.82,3,4,3,10,343,Loyal Customers
17287,2011-11-13 13:27:00,26,7,1064.11,3,4,3,10,343,Loyal Customers
12936,2011-11-22 17:32:00,17,4,1063.9,4,3,3,10,433,Loyal Customers
18130,2011-11-24 14:40:00,15,3,1059.39,4,3,3,10,433,Loyal Customers
15977,2011-11-22 13:29:00,17,2,1054.73,4,3,3,10,433,Loyal Customers
12716,2011-12-06 08:55:00,3,2,1053.49,4,3,3,10,433,Loyal Customers
14293,2011-12-06 15:17:00,3,4,1046.56,4,3,3,10,433,Loyal Customers
15073,2011-11-30 10:44:00,9,3,1043.41,4,3,3,10,433,Loyal Customers
18221,2011-11-17 14:40:00,22,5,1041.61,3,4,3,10,343,Loyal Customers
14446,2011-12-09 11:34:00,0,4,1039.58,4,3,3,10,433,Loyal Customers
12691,2011-11-11 16:49:00,28,6,1035.8,3,4,3,10,343,Loyal Customers
12599,2011-11-10 13:34:00,29,7,1032.58,3,4,3,10,343,Loyal Customers
12724,2011-12-04 16:02:00,5,4,1031.41,4,3,3,10,433,Loyal Customers
17405,2011-12-08 17:12:00,1,3,1031.41,4,3,3,10,433,Loyal Customers
14904,2011-12-07 12:55:00,2,2,1025.44,4,3,3,10,433,Loyal Customers
17096,2011-11-24 15:01:00,15,4,1022.13,4,3,3,10,433,Loyal Customers
12572,2011-12-01 09:20:00,8,2,1020.42,4,3,3,10,433,Loyal Customers
13728,2011-11-03 10:49:00,36,6,1016.14,3,4,3,10,343,Loyal Customers
13429,2011-11-29 09:10:00,10,4,1006.8,4,3,3,10,433,Loyal Customers
14214,2011-11-09 10:31:00,30,5,1004.38,3,4,3,10,343,Loyal Customers
13410,2011-11-15 15:33:00,24,5,1003.06,3,4,3,10,343,Loyal Customers
14540,2011-11-30 10:15:00,9,3,996.26,4,3,3,10,433,Loyal Customers
13363,2011-11-22 12:40:00,17,2,992.5,4,3,3,10,433,Loyal Customers
17324,2011-11-22 10:34:00,17,4,990.23,4,3,3,10,433,Loyal Customers
16376,2011-12-01 11:38:00,8,2,987.01,4,3,3,10,433,Loyal Customers
13117,2011-11-18 12:02:00,21,8,984.91,3,4,3,10,343,Loyal Customers
17144,2011-12-08 17:57:00,1,2,984.57,4,3,3,10,433,Loyal Customers
14138,2011-12-08 12:44:00,1,2,982.38,4,3,3,10,433,Loyal Customers
16907,2011-11-10 18:04:00,29,5,981.65,3,4,3,10,343,Loyal Customers
16085,2011-11-16 13:24:00,23,5,981.51,3,4,3,10,343,Loyal Customers
13350,2011-11-23 16:33:00,16,2,979.12,4,3,3,10,433,Loyal Customers
15132,2011-11-21 17:10:00,18,5,977.93,3,4,3,10,343,Loyal Customers
15860,2011-10-30 11:25:00,40,8,977.21,3,4,3,10,343,Loyal Customers
12994,2011-12-05 15:43:00,4,3,974.42,4,3,3,10,433,Loyal Customers
15747,2011-11-27 12:26:00,12,3,974.04,4,3,3,10,433,Loyal Customers
17618,2011-12-04 11:50:00,5,3,971.58,4,3,3,10,433,Loyal Customers
15907,2011-12-06 12:21:00,3,3,967.45,4,3,3,10,433,Loyal Customers
15793,2011-11-25 09:31:00,14,3,965.61,4,3,3,10,433,Loyal Customers
13138,2011-11-17 16:51:00,22,6,962.39,3,4,3,10,343,Loyal Customers
15156,2011-12-08 18:22:00,1,3,961.49,4,3,3,10,433,Loyal Customers
14629,2011-12-05 16:55:00,4,2,959.01,4,3,3,10,433,Loyal Customers
15948,2011-12-01 15:32:00,8,2,955.24,4,3,3,10,433,Loyal Customers
13636,2011-11-03 10:30:00,36,5,949.12,3,4,3,10,343,Loyal Customers
12820,2011-12-06 15:12:00,3,4,942.34,4,3,3,10,433,Loyal Customers
14075,2011-12-05 08:38:00,4,3,942.26,4,3,3,10,433,Loyal Customers
17227,2011-11-21 10:51:00,18,6,939.32,3,4,3,10,343,Loyal Customers
14140,2011-12-06 09:05:00,3,2,935.05,4,3,3,10,433,Loyal Customers
16657,2011-11-30 11:48:00,9,4,933.62,4,3,3,10,433,Loyal Customers
13984,2011-11-13 12:38:00,26,5,920.51,3,4,3,10,343,Loyal Customers
13549,2011-11-14 09:20:00,25,7,918.2,3,4,3,10,343,Loyal Customers
14141,2011-12-07 09:53:00,2,4,915.13,4,3,3,10,433,Loyal Customers
16809,2011-11-16 15:45:00,23,5,914.69,3,4,3,10,343,Loyal Customers
18096,2011-11-28 12:44:00,11,3,911.15,4,3,3,10,433,Loyal Customers
15022,2011-11-28 12:35:00,11,4,905.04,4,3,3,10,433,Loyal Customers
16361,2011-11-30 12:32:00,9,4,896.66,4,3,3,10,433,Loyal Customers
17007,2011-10-20 10:47:00,50,6,889.93,3,4,3,10,343,Loyal Customers
14623,2011-11-07 13:56:00,32,5,889.25,3,4,3,10,343,Loyal Customers
16900,2011-11-23 10:32:00,16,3,887.11,4,3,3,10,433,Loyal Customers
17109,2011-11-10 16:59:00,29,6,885.04,3,4,3,10,343,Loyal Customers
18236,2011-11-10 08:06:00,29,6,882.24,3,4,3,10,343,Loyal Customers
16513,2011-12-05 10:18:00,4,4,874.59,4,3,3,10,433,Loyal Customers
13203,2011-11-30 10:45:00,9,4,869.46,4,3,3,10,433,Loyal Customers
16235,2011-10-30 10:56:00,40,5,867.31,3,4,3,10,343,Loyal Customers
12680,2011-12-09 12:50:00,0,4,862.81,4,3,3,10,433,Loyal Customers
14577,2011-11-27 12:47:00,12,4,859.71,4,3,3,10,433,Loyal Customers
14553,2011-11-20 13:20:00,19,5,859.27,3,4,3,10,343,Loyal Customers
16020,2011-11-23 11:18:00,16,3,851.01,4,3,3,10,433,Loyal Customers
14657,2011-11-22 12:47:00,17,4,848.22,4,3,3,10,433,Loyal Customers
15965,2011-11-22 16:44:00,17,4,845.64,4,3,3,10,433,Loyal Customers
17929,2011-11-28 16:01:00,11,4,843.0,4,3,3,10,433,Loyal Customers
13940,2011-11-22 15:15:00,17,4,839.14,4,3,3,10,433,Loyal Customers
17115,2011-12-01 14:30:00,8,3,837.5,4,3,3,10,433,Loyal Customers
17759,2011-11-22 16:02:00,17,3,834.99,4,3,3,10,433,Loyal Customers
17075,2011-11-22 11:58:00,17,4,834.12,4,3,3,10,433,Loyal Customers
15862,2011-12-01 13:28:00,8,4,832.88,4,3,3,10,433,Loyal Customers
13681,2011-11-22 11:13:00,17,4,827.83,4,3,3,10,433,Loyal Customers
15525,2011-12-07 14:43:00,2,3,825.92,4,3,3,10,433,Loyal Customers
16164,2011-11-22 15:04:00,17,3,822.48,4,3,3,10,433,Loyal Customers
12778,2011-11-20 11:30:00,19,6,822.23,3,4,3,10,343,Loyal Customers
15399,2011-12-08 13:04:00,1,3,815.77,4,3,3,10,433,Loyal Customers
16891,2011-12-08 11:15:00,1,5,809.7,4,3,3,10,433,Loyal Customers
12421,2011-11-24 09:07:00,15,4,807.04,4,3,3,10,433,Loyal Customers
15561,2011-11-28 11:07:00,11,4,800.59,4,3,3,10,433,Loyal Customers
16438,2011-12-04 10:51:00,5,5,798.35,4,3,3,10,433,Loyal Customers
13389,2011-11-28 14:01:00,11,3,797.96,4,3,3,10,433,Loyal Customers
16759,2011-12-02 12:42:00,7,3,789.79,4,3,3,10,433,Loyal Customers
13323,2011-12-06 17:12:00,3,5,787.85,4,3,3,10,433,Loyal Customers
13884,2011-12-02 16:30:00,7,5,787.6,4,3,3,10,433,Loyal Customers
12628,2011-12-05 13:15:00,4,3,786.46,4,3,3,10,433,Loyal Customers
15743,2011-11-23 17:19:00,16,4,784.46,4,3,3,10,433,Loyal Customers
17006,2011-12-05 12:09:00,4,4,781.78,4,3,3,10,433,Loyal Customers
17411,2011-11-27 14:25:00,12,3,778.94,4,3,3,10,433,Loyal Customers
13314,2011-12-08 12:29:00,1,3,775.94,4,3,3,10,433,Loyal Customers
15414,2011-11-30 09:50:00,9,3,774.9,4,3,3,10,433,Loyal Customers
17516,2011-11-24 16:51:00,15,5,768.08,4,3,3,10,433,Loyal Customers
14883,2011-11-21 10:23:00,18,6,761.59,3,4,3,10,343,Loyal Customers
15568,2011-12-07 11:27:00,2,3,758.29,4,3,3,10,433,Loyal Customers
16261,2011-11-22 17:23:00,17,4,746.83,4,3,3,10,433,Loyal Customers
17034,2011-11-23 15:14:00,16,3,745.52,4,3,3,10,433,Loyal Customers
14790,2011-11-23 09:28:00,16,4,745.06,4,3,3,10,433,Loyal Customers
13950,2011-11-28 14:44:00,11,4,745.06,4,3,3,10,433,Loyal Customers
17812,2011-11-27 11:47:00,12,4,732.16,4,3,3,10,433,Loyal Customers
13077,2011-12-08 19:24:00,1,4,729.27,4,3,3,10,433,Loyal Customers
17888,2011-11-18 13:45:00,21,8,726.05,3,4,3,10,343,Loyal Customers
12723,2011-12-06 10:19:00,3,5,725.07,4,3,3,10,433,Loyal Customers
17884,2011-12-06 11:33:00,3,4,717.45,4,3,3,10,433,Loyal Customers
13147,2011-11-29 13:59:00,10,4,712.8,4,3,3,10,433,Loyal Customers
13705,2011-12-02 12:32:00,7,3,711.86,4,3,3,10,433,Loyal Customers
14126,2011-12-02 11:45:00,7,3,706.13,4,3,3,10,433,Loyal Customers
16015,2011-12-06 10:58:00,3,3,705.39,4,3,3,10,433,Loyal Customers
13238,2011-11-22 15:37:00,17,4,700.73,4,3,3,10,433,Loyal Customers
13258,2011-11-28 09:31:00,11,3,698.58,4,3,3,10,433,Loyal Customers
15053,2011-12-05 12:08:00,4,3,697.79,4,3,3,10,433,Loyal Customers
14111,2011-11-25 13:44:00,14,4,692.85,4,3,3,10,433,Loyal Customers
13838,2011-12-04 11:00:00,5,4,691.73,4,3,3,10,433,Loyal Customers
17502,2011-11-30 13:13:00,9,4,689.1,4,3,3,10,433,Loyal Customers
16495,2011-12-06 13:20:00,3,3,684.41,4,3,3,10,433,Loyal Customers
16915,2011-11-30 16:39:00,9,6,621.68,4,4,2,10,442,Active Buyers
16500,2011-12-05 12:04:00,4,6,400.86,4,4,2,10,442,Active Buyers
12409,2011-09-22 10:38:00,78,3,11072.67,2,3,4,9,234,At Risk (High Value)
13093,2011-03-09 12:14:00,275,8,7832.47,1,4,4,9,144,At Risk (High Value)
12435,2011-09-21 09:06:00,79,2,7829.89,2,3,4,9,234,At Risk (High Value)
12980,2011-07-05 09:34:00,157,9,7374.9,1,4,4,9,144,At Risk (High Value)
16182,2011-09-28 13:23:00,72,4,6617.65,2,3,4,9,234,At Risk (High Value)
12359,2011-10-13 12:47:00,57,4,6372.58,2,3,4,9,234,At Risk (High Value)
12357,2011-11-06 16:07:00,33,1,6207.67,3,2,4,9,324,High-Value Recent
16553,2011-06-29 15:42:00,163,12,5719.82,1,4,4,9,144,At Risk (High Value)
17850,2010-12-02 15:27:00,372,34,5391.21,1,4,4,9,144,At Risk (High Value)
13802,2011-07-24 10:54:00,138,3,4599.42,2,3,4,9,234,At Risk (High Value)
16984,2011-09-12 13:43:00,88,2,4481.35,2,3,4,9,234,At Risk (High Value)
13505,2011-09-28 11:56:00,72,4,4393.63,2,3,4,9,234,At Risk (High Value)
13555,2011-09-27 12:36:00,73,4,4149.28,2,3,4,9,234,At Risk (High Value)
18087,2011-09-02 15:12:00,98,2,4055.72,2,3,4,9,234,At Risk (High Value)
15416,2011-10-06 09:38:00,64,4,3984.32,2,3,4,9,234,At Risk (High Value)
13124,2011-09-11 12:45:00,89,3,3866.33,2,3,4,9,234,At Risk (High Value)
15379,2011-06-23 13:13:00,169,7,3703.29,1,4,4,9,144,At Risk (High Value)
16253,2011-10-04 09:09:00,66,2,3683.86,2,3,4,9,234,At Risk (High Value)
17230,2011-03-20 16:12:00,264,8,3638.41,1,4,4,9,144,At Risk (High Value)
12370,2011-10-19 14:51:00,51,4,3545.69,2,3,4,9,234,At Risk (High Value)
13334,2011-09-18 15:21:00,82,3,3536.82,2,3,4,9,234,At Risk (High Value)
15228,2011-10-04 13:56:00,66,4,3386.71,2,3,4,9,234,At Risk (High Value)
13373,2011-10-10 10:51:00,60,3,3312.25,2,3,4,9,234,At Risk (High Value)
14175,2011-10-11 11:55:00,59,3,3222.3,2,3,4,9,234,At Risk (High Value)
14844,2011-10-07 10:41:00,63,4,3189.81,2,3,4,9,234,At Risk (High Value)
13869,2011-08-08 13:53:00,123,4,3104.95,2,3,4,9,234,At Risk (High Value)
14565,2011-09-05 09:07:00,95,4,3099.12,2,3,4,9,234,At Risk (High Value)
16940,2011-10-18 13:15:00,52,3,3049.88,2,3,4,9,234,At Risk (High Value)
12916,2011-07-24 10:35:00,138,4,3006.15,2,3,4,9,234,At Risk (High Value)
17504,2011-05-17 12:59:00,206,9,2997.03,1,4,4,9,144,At Risk (High Value)
15673,2011-09-12 16:12:00,88,4,2881.02,2,3,4,9,234,At Risk (High Value)
14535,2011-10-10 15:39:00,60,3,2864.19,2,3,4,9,234,At Risk (High Value)
12758,2011-08-15 10:22:00,116,2,2791.59,2,3,4,9,234,At Risk (High Value)
15321,2011-09-30 09:40:00,70,3,2748.31,2,3,4,9,234,At Risk (High Value)
12360,2011-10-18 15:22:00,52,3,2662.06,2,3,4,9,234,At Risk (High Value)
13851,2011-09-05 12:36:00,95,3,2651.46,2,3,4,9,234,At Risk (High Value)
18260,2011-06-20 12:37:00,172,6,2643.2,1,4,4,9,144,At Risk (High Value)
13771,2011-10-06 14:18:00,64,4,2634.45,2,3,4,9,234,At Risk (High Value)
12836,2011-10-11 15:10:00,59,4,2612.86,2,3,4,9,234,At Risk (High Value)
16919,2011-07-06 13:35:00,156,11,2596.45,1,4,4,9,144,At Risk (High Value)
13344,2011-10-03 09:45:00,67,3,2543.72,2,3,4,9,234,At Risk (High Value)
15245,2011-07-28 18:56:00,134,3,2515.84,2,3,4,9,234,At Risk (High Value)
14163,2011-09-13 15:18:00,87,4,2445.91,2,3,4,9,234,At Risk (High Value)
17722,2011-09-04 15:22:00,96,4,2424.04,2,3,4,9,234,At Risk (High Value)
17589,2011-10-10 16:58:00,60,4,2404.17,2,3,4,9,234,At Risk (High Value)
15980,2011-09-12 09:41:00,88,3,2398.86,2,3,4,9,234,At Risk (High Value)
13722,2011-07-31 12:44:00,131,3,2375.41,2,3,4,9,234,At Risk (High Value)
14930,2011-08-23 10:31:00,108,3,2372.86,2,3,4,9,234,At Risk (High Value)
13908,2011-09-21 11:49:00,79,4,2369.55,2,3,4,9,234,At Risk (High Value)
17313,2011-11-08 15:45:00,31,1,2328.84,3,2,4,9,324,High-Value Recent
15704,2011-07-22 13:35:00,140,4,2293.62,2,3,4,9,234,At Risk (High Value)
15235,2011-05-06 09:44:00,217,12,2247.51,1,4,4,9,144,At Risk (High Value)
15834,2011-09-30 14:41:00,70,4,2233.75,2,3,4,9,234,At Risk (High Value)
18242,2011-09-28 13:43:00,72,4,2232.49,2,3,4,9,234,At Risk (High Value)
12876,2011-10-13 12:26:00,57,2,2218.02,2,3,4,9,234,At Risk (High Value)
15797,2011-08-18 17:04:00,113,4,2207.4,2,3,4,9,234,At Risk (High Value)
12633,2011-10-12 11:40:00,58,4,2163.98,2,3,4,9,234,At Risk (High Value)
13224,2011-10-10 14:55:00,60,2,2155.95,2,3,4,9,234,At Risk (High Value)
13517,2011-10-11 11:43:00,59,3,2128.42,2,3,4,9,234,At Risk (High Value)
18173,2011-09-14 11:26:00,86,4,2106.84,2,3,4,9,234,At Risk (High Value)
18093,2011-09-07 15:43:00,93,4,2106.52,2,3,4,9,234,At Risk (High Value)
14306,2011-10-19 13:23:00,51,2,2093.32,2,3,4,9,234,At Risk (High Value)
18231,2011-05-31 14:18:00,192,5,2083.27,1,4,4,9,144,At Risk (High Value)
18204,2011-09-29 16:44:00,71,3,1993.7,2,3,4,9,234,At Risk (High Value)
17679,2011-10-18 07:43:00,52,2,1992.11,2,3,4,9,234,At Risk (High Value)
14934,2011-09-19 10:10:00,81,2,1890.94,2,3,4,9,234,At Risk (High Value)
15641,2011-08-26 14:04:00,105,4,1887.2,2,3,4,9,234,At Risk (High Value)
15367,2011-10-13 14:13:00,57,4,1877.59,2,3,4,9,234,At Risk (High Value)
14305,2011-09-29 15:29:00,71,3,1858.96,2,3,4,9,234,At Risk (High Value)
12383,2011-06-08 08:02:00,184,5,1850.56,1,4,4,9,144,At Risk (High Value)
13562,2011-09-19 10:51:00,81,3,1799.33,2,3,4,9,234,At Risk (High Value)
17648,2011-10-10 09:41:00,60,4,1797.5,2,3,4,9,234,At Risk (High Value)
12348,2011-09-25 13:13:00,75,4,1797.24,2,3,4,9,234,At Risk (High Value)
18235,2011-09-29 08:27:00,71,3,1796.48,2,3,4,9,234,At Risk (High Value)
13134,2011-09-15 10:35:00,85,4,1793.58,2,3,4,9,234,At Risk (High Value)
16751,2011-11-09 10:48:00,30,1,1764.72,3,2,4,9,324,High-Value Recent
12349,2011-11-21 09:51:00,18,1,1757.55,3,2,4,9,324,High-Value Recent
15067,2011-09-22 13:20:00,78,3,1744.76,2,3,4,9,234,At Risk (High Value)
17353,2011-08-02 17:19:00,129,2,1740.0,2,3,4,9,234,At Risk (High Value)
17282,2011-08-01 14:29:00,130,3,1703.41,2,3,4,9,234,At Risk (High Value)
15549,2011-09-23 16:22:00,77,3,1693.26,2,3,4,9,234,At Risk (High Value)
12635,2011-09-11 11:04:00,89,2,1689.18,2,3,4,9,234,At Risk (High Value)
13162,2011-08-09 15:59:00,122,4,1688.29,2,3,4,9,234,At Risk (High Value)
12530,2011-10-11 12:34:00,59,4,1662.28,2,3,4,9,234,At Risk (High Value)
17284,2011-10-10 14:38:00,60,6,1652.58,2,4,3,9,243,At Risk (High Value)
13750,2011-10-17 12:16:00,53,5,1647.26,2,4,3,9,243,At Risk (High Value)
13627,2011-10-11 14:20:00,59,5,1638.47,2,4,3,9,243,At Risk (High Value)
16515,2011-10-18 13:10:00,52,5,1627.13,2,4,3,9,243,At Risk (High Value)
15791,2011-10-27 10:14:00,43,2,1612.69,3,3,3,9,333,Loyal Customers
13614,2011-11-15 14:47:00,24,4,1610.46,3,3,3,9,333,Loyal Customers
16676,2011-11-06 12:01:00,33,4,1592.12,3,3,3,9,333,Loyal Customers
15532,2011-11-14 14:51:00,25,4,1580.93,3,3,3,9,333,Loyal Customers
13186,2011-10-31 11:40:00,39,3,1575.89,3,3,3,9,333,Loyal Customers
12865,2011-11-13 14:31:00,26,2,1568.23,3,3,3,9,333,Loyal Customers
15111,2011-11-10 16:58:00,29,3,1567.48,3,3,3,9,333,Loyal Customers
17085,2011-08-08 14:15:00,123,5,1566.65,2,4,3,9,243,At Risk (High Value)
16394,2011-10-14 09:48:00,56,5,1555.34,2,4,3,9,243,At Risk (High Value)
16369,2011-11-21 16:25:00,18,3,1553.66,3,3,3,9,333,Loyal Customers
13397,2011-09-28 10:56:00,72,5,1544.13,2,4,3,9,243,At Risk (High Value)
17159,2011-11-18 10:52:00,21,3,1538.88,3,3,3,9,333,Loyal Customers
13107,2011-10-26 14:52:00,44,4,1531.62,3,3,3,9,333,Loyal Customers
13213,2011-10-14 11:42:00,56,5,1520.58,2,4,3,9,243,At Risk (High Value)
16053,2011-11-07 11:21:00,32,2,1511.95,3,3,3,9,333,Loyal Customers
16279,2011-11-18 15:00:00,21,3,1509.58,3,3,3,9,333,Loyal Customers
15530,2011-11-18 12:25:00,21,4,1502.35,3,3,3,9,333,Loyal Customers
16762,2011-11-20 11:43:00,19,3,1501.38,3,3,3,9,333,Loyal Customers
13810,2011-11-11 08:33:00,28,3,1499.01,3,3,3,9,333,Loyal Customers
17571,2011-10-20 15:57:00,50,4,1498.51,3,3,3,9,333,Loyal Customers
14414,2011-09-09 12:09:00,91,7,1496.98,2,4,3,9,243,At Risk (High Value)
13692,2011-11-15 11:17:00,24,3,1488.32,3,3,3,9,333,Loyal Customers
16395,2011-10-10 12:50:00,60,5,1486.9,2,4,3,9,243,At Risk (High Value)
15427,2011-11-06 14:29:00,33,3,1483.14,3,3,3,9,333,Loyal Customers
15983,2011-11-17 17:34:00,22,4,1475.02,3,3,3,9,333,Loyal Customers
14233,2011-10-21 15:54:00,49,4,1462.72,3,3,3,9,333,Loyal Customers
14541,2011-10-12 10:08:00,58,8,1461.65,2,4,3,9,243,At Risk (High Value)
16059,2011-10-05 09:56:00,65,6,1459.86,2,4,3,9,243,At Risk (High Value)
13461,2011-11-01 09:01:00,38,3,1445.0,3,3,3,9,333,Loyal Customers
17175,2011-10-26 15:31:00,44,4,1443.69,3,3,3,9,333,Loyal Customers
15478,2011-10-30 14:19:00,40,2,1441.42,3,3,3,9,333,Loyal Customers
16463,2011-11-18 14:01:00,21,4,1422.4,3,3,3,9,333,Loyal Customers
16571,2011-11-13 11:46:00,26,3,1421.69,3,3,3,9,333,Loyal Customers
14019,2011-10-24 10:13:00,46,3,1421.61,3,3,3,9,333,Loyal Customers
18116,2011-10-03 11:00:00,67,8,1418.03,2,4,3,9,243,At Risk (High Value)
16012,2011-11-04 13:25:00,35,3,1415.29,3,3,3,9,333,Loyal Customers
16245,2011-11-16 10:14:00,23,3,1413.66,3,3,3,9,333,Loyal Customers
17004,2011-10-24 14:25:00,46,2,1412.94,3,3,3,9,333,Loyal Customers
15596,2011-08-31 10:55:00,100,5,1406.59,2,4,3,9,243,At Risk (High Value)
15563,2011-11-17 14:50:00,22,4,1400.44,3,3,3,9,333,Loyal Customers
15051,2011-11-16 15:38:00,23,3,1391.61,3,3,3,9,333,Loyal Customers
13516,2011-11-18 13:15:00,21,3,1389.41,3,3,3,9,333,Loyal Customers
13308,2011-11-17 09:31:00,22,3,1385.51,3,3,3,9,333,Loyal Customers
18167,2011-11-16 15:56:00,23,3,1384.86,3,3,3,9,333,Loyal Customers
17621,2011-11-18 17:11:00,21,3,1379.9,3,3,3,9,333,Loyal Customers
15569,2011-08-28 10:15:00,103,5,1375.71,2,4,3,9,243,At Risk (High Value)
16669,2011-11-16 12:26:00,23,3,1374.87,3,3,3,9,333,Loyal Customers
13813,2011-10-31 10:38:00,39,4,1366.86,3,3,3,9,333,Loyal Customers
13396,2011-11-10 16:59:00,29,2,1360.99,3,3,3,9,333,Loyal Customers
15411,2011-11-13 15:19:00,26,4,1358.88,3,3,3,9,333,Loyal Customers
16110,2011-10-25 14:35:00,45,3,1337.48,3,3,3,9,333,Loyal Customers
17932,2011-11-10 19:49:00,29,3,1331.57,3,3,3,9,333,Loyal Customers
17633,2011-11-08 13:25:00,31,4,1324.84,3,3,3,9,333,Loyal Customers
17095,2011-11-17 12:21:00,22,3,1324.16,3,3,3,9,333,Loyal Customers
13168,2011-11-03 12:56:00,36,4,1319.19,3,3,3,9,333,Loyal Customers
14921,2011-11-09 13:17:00,30,2,1316.07,3,3,3,9,333,Loyal Customers
16464,2011-11-20 12:11:00,19,3,1314.68,3,3,3,9,333,Loyal Customers
14856,2011-11-03 14:53:00,36,3,1311.38,3,3,3,9,333,Loyal Customers
14477,2011-11-20 11:11:00,19,4,1309.6,3,3,3,9,333,Loyal Customers
15494,2011-11-18 14:51:00,21,2,1299.23,3,3,3,9,333,Loyal Customers
17158,2011-11-07 15:15:00,32,3,1266.97,3,3,3,9,333,Loyal Customers
16639,2011-11-08 13:20:00,31,3,1257.51,3,3,3,9,333,Loyal Customers
17262,2011-10-18 12:56:00,52,5,1253.36,2,4,3,9,243,At Risk (High Value)
14383,2011-11-01 15:53:00,38,3,1247.69,3,3,3,9,333,Loyal Customers
12689,2011-11-14 08:31:00,25,2,1247.61,3,3,3,9,333,Loyal Customers
13029,2011-11-09 09:13:00,30,3,1247.5,3,3,3,9,333,Loyal Customers
15201,2011-09-13 14:53:00,87,5,1236.54,2,4,3,9,243,At Risk (High Value)
15376,2011-10-30 15:04:00,40,3,1233.36,3,3,3,9,333,Loyal Customers
18080,2011-11-21 08:02:00,18,2,1231.5,3,3,3,9,333,Loyal Customers
18171,2011-10-12 09:13:00,58,5,1231.31,2,4,3,9,243,At Risk (High Value)
14913,2011-11-04 08:29:00,35,4,1227.43,3,3,3,9,333,Loyal Customers
12997,2011-11-17 15:47:00,22,4,1226.89,3,3,3,9,333,Loyal Customers
13208,2011-10-12 09:54:00,58,6,1223.9,2,4,3,9,243,At Risk (High Value)
14745,2011-08-19 10:05:00,112,5,1220.26,2,4,3,9,243,At Risk (High Value)
13491,2011-10-19 08:32:00,51,10,1215.82,2,4,3,9,243,At Risk (High Value)
18263,2011-11-14 09:00:00,25,3,1213.16,3,3,3,9,333,Loyal Customers
13918,2011-10-21 12:25:00,49,2,1212.84,3,3,3,9,333,Loyal Customers
17653,2011-11-03 12:46:00,36,4,1207.56,3,3,3,9,333,Loyal Customers
16800,2011-11-28 14:06:00,11,1,1201.49,4,2,3,9,423,High-Value Recent
17720,2011-11-13 15:04:00,26,4,1195.94,3,3,3,9,333,Loyal Customers
12462,2011-11-21 09:11:00,18,2,1189.59,3,3,3,9,333,Loyal Customers
16612,2011-11-07 07:38:00,32,4,1187.66,3,3,3,9,333,Loyal Customers
15630,2011-10-25 15:36:00,45,2,1186.35,3,3,3,9,333,Loyal Customers
13752,2011-08-07 14:16:00,124,6,1186.28,2,4,3,9,243,At Risk (High Value)
12640,2011-11-16 11:52:00,23,3,1174.58,3,3,3,9,333,Loyal Customers
13500,2011-11-16 15:35:00,23,3,1166.77,3,3,3,9,333,Loyal Customers
14261,2011-10-20 10:04:00,50,2,1163.45,3,3,3,9,333,Loyal Customers
12546,2011-10-24 12:09:00,46,2,1161.5,3,3,3,9,333,Loyal Customers
15088,2011-11-18 13:14:00,21,2,1160.07,3,3,3,9,333,Loyal Customers
16184,2011-10-06 17:43:00,64,6,1158.79,2,4,3,9,243,At Risk (High Value)
16637,2011-11-07 13:17:00,32,4,1154.47,3,3,3,9,333,Loyal Customers
18125,2011-11-10 12:29:00,29,4,1142.99,3,3,3,9,333,Loyal Customers
16172,2011-09-05 13:22:00,95,5,1140.21,2,4,3,9,243,At Risk (High Value)
15489,2011-11-17 08:53:00,22,3,1134.28,3,3,3,9,333,Loyal Customers
13282,2011-11-21 15:33:00,18,3,1132.14,3,3,3,9,333,Loyal Customers
13772,2011-11-06 11:43:00,33,3,1132.13,3,3,3,9,333,Loyal Customers
13310,2011-11-11 17:23:00,28,3,1132.03,3,3,3,9,333,Loyal Customers
13447,2011-11-16 13:38:00,23,3,1129.14,3,3,3,9,333,Loyal Customers
16086,2011-10-11 13:09:00,59,5,1121.39,2,4,3,9,243,At Risk (High Value)
17894,2011-09-29 09:23:00,71,8,1119.81,2,4,3,9,243,At Risk (High Value)
14971,2011-11-04 17:07:00,35,3,1116.57,3,3,3,9,333,Loyal Customers
16350,2011-11-18 15:53:00,21,4,1116.47,3,3,3,9,333,Loyal Customers
16049,2011-10-30 13:19:00,40,3,1111.79,3,3,3,9,333,Loyal Customers
15933,2011-11-18 13:14:00,21,3,1107.46,3,3,3,9,333,Loyal Customers
14410,2011-09-08 15:08:00,92,9,1105.07,2,4,3,9,243,At Risk (High Value)
16533,2011-11-20 13:08:00,19,3,1095.56,3,3,3,9,333,Loyal Customers
13652,2011-10-25 08:51:00,45,3,1095.08,3,3,3,9,333,Loyal Customers
15745,2011-11-20 13:45:00,19,4,1094.59,3,3,3,9,333,Loyal Customers
15608,2011-11-11 13:20:00,28,4,1093.68,3,3,3,9,333,Loyal Customers
15763,2011-11-08 09:44:00,31,2,1086.92,3,3,3,9,333,Loyal Customers
17041,2011-11-13 11:21:00,26,3,1081.57,3,3,3,9,333,Loyal Customers
13726,2011-11-01 10:49:00,38,2,1079.66,3,3,3,9,333,Loyal Customers
13131,2011-11-16 13:21:00,23,3,1073.3,3,3,3,9,333,Loyal Customers
15238,2011-11-10 14:28:00,29,3,1071.99,3,3,3,9,333,Loyal Customers
13761,2011-10-20 14:01:00,50,2,1070.65,3,3,3,9,333,Loyal Customers
17214,2011-10-10 13:17:00,60,6,1069.12,2,4,3,9,243,At Risk (High Value)
15027,2011-11-09 10:16:00,30,4,1066.15,3,3,3,9,333,Loyal Customers
15801,2011-10-24 13:52:00,46,3,1063.95,3,3,3,9,333,Loyal Customers
15996,2011-09-12 15:14:00,88,6,1060.68,2,4,3,9,243,At Risk (High Value)
17727,2011-11-24 17:06:00,15,1,1060.25,4,2,3,9,423,High-Value Recent
13455,2011-11-15 11:21:00,24,2,1058.34,3,3,3,9,333,Loyal Customers
15407,2011-11-06 11:55:00,33,4,1056.44,3,3,3,9,333,Loyal Customers
16728,2011-10-24 14:36:00,46,4,1054.67,3,3,3,9,333,Loyal Customers
16416,2011-11-13 12:50:00,26,3,1051.4,3,3,3,9,333,Loyal Customers
12849,2011-11-08 13:41:00,31,2,1050.89,3,3,3,9,333,Loyal Customers
15329,2011-10-31 15:36:00,39,3,1049.7,3,3,3,9,333,Loyal Customers
14078,2011-08-30 12:16:00,101,6,1049.37,2,4,3,9,243,At Risk (High Value)
15839,2011-11-06 13:54:00,33,3,1048.49,3,3,3,9,333,Loyal Customers
13165,2011-10-24 15:05:00,46,2,1021.48,3,3,3,9,333,Loyal Customers
13867,2011-11-08 15:48:00,31,3,1015.29,3,3,3,9,333,Loyal Customers
12642,2011-11-14 15:03:00,25,3,1013.26,3,3,3,9,333,Loyal Customers
17951,2011-10-31 12:30:00,39,3,1008.54,3,3,3,9,333,Loyal Customers
14631,2011-10-20 11:17:00,50,3,1006.98,3,3,3,9,333,Loyal Customers
15110,2011-11-16 11:16:00,23,4,996.1,3,3,3,9,333,Loyal Customers
16009,2011-11-17 16:51:00,22,4,992.71,3,3,3,9,333,Loyal Customers
16232,2011-10-27 12:16:00,43,4,990.88,3,3,3,9,333,Loyal Customers
16188,2011-10-26 12:19:00,44,4,981.86,3,3,3,9,333,Loyal Customers
12541,2011-11-10 10:40:00,29,3,981.18,3,3,3,9,333,Loyal Customers
18170,2011-11-06 14:35:00,33,3,980.31,3,3,3,9,333,Loyal Customers
15506,2011-11-17 12:11:00,22,3,979.26,3,3,3,9,333,Loyal Customers
14522,2011-11-15 13:24:00,24,4,974.54,3,3,3,9,333,Loyal Customers
15449,2011-11-13 15:02:00,26,3,974.52,3,3,3,9,333,Loyal Customers
16419,2011-08-19 12:33:00,112,6,972.23,2,4,3,9,243,At Risk (High Value)
13155,2011-11-06 15:41:00,33,4,971.76,3,3,3,9,333,Loyal Customers
17100,2011-11-21 16:36:00,18,2,971.74,3,3,3,9,333,Loyal Customers
13823,2011-11-21 10:22:00,18,2,957.66,3,3,3,9,333,Loyal Customers
12697,2011-11-11 08:47:00,28,3,957.59,3,3,3,9,333,Loyal Customers
15835,2011-10-26 15:47:00,44,4,954.09,3,3,3,9,333,Loyal Customers
16511,2011-11-18 10:41:00,21,3,950.26,3,3,3,9,333,Loyal Customers
13748,2011-09-05 09:45:00,95,5,948.25,2,4,3,9,243,At Risk (High Value)
15787,2011-11-13 14:55:00,26,3,948.05,3,3,3,9,333,Loyal Customers
15707,2011-11-04 14:35:00,35,4,945.58,3,3,3,9,333,Loyal Customers
17289,2011-11-08 12:01:00,31,3,944.41,3,3,3,9,333,Loyal Customers
15289,2011-11-10 13:49:00,29,3,939.78,3,3,3,9,333,Loyal Customers
16027,2011-09-09 10:47:00,91,6,934.62,2,4,3,9,243,At Risk (High Value)
15654,2011-11-30 13:08:00,9,2,922.53,4,2,3,9,423,High-Value Recent
14712,2011-11-10 12:59:00,29,3,917.07,3,3,3,9,333,Loyal Customers
15587,2011-10-20 13:37:00,50,4,913.68,3,3,3,9,333,Loyal Customers
14359,2011-11-20 13:17:00,19,3,912.18,3,3,3,9,333,Loyal Customers
14449,2011-11-21 12:06:00,18,4,907.1,3,3,3,9,333,Loyal Customers
15807,2011-10-20 14:10:00,50,3,903.9,3,3,3,9,333,Loyal Customers
17566,2011-12-01 19:54:00,8,2,901.21,4,2,3,9,423,High-Value Recent
17848,2011-09-19 16:49:00,81,9,901.2,2,4,3,9,243,At Risk (High Value)
17886,2011-11-08 10:09:00,31,3,899.61,3,3,3,9,333,Loyal Customers
15865,2011-10-30 12:43:00,40,3,895.13,3,3,3,9,333,Loyal Customers
17027,2011-09-22 12:24:00,78,6,890.29,2,4,3,9,243,At Risk (High Value)
14344,2011-08-04 13:51:00,127,8,889.93,2,4,3,9,243,At Risk (High Value)
16347,2011-11-28 13:14:00,11,2,887.65,4,2,3,9,423,High-Value Recent
15822,2011-12-06 14:50:00,3,2,885.47,4,2,3,9,423,High-Value Recent
14597,2011-11-28 13:13:00,11,2,883.15,4,2,3,9,423,High-Value Recent
13200,2011-11-20 15:35:00,19,4,870.09,3,3,3,9,333,Loyal Customers
14912,2011-11-23 09:20:00,16,2,867.85,4,2,3,9,423,High-Value Recent
14715,2011-11-15 12:10:00,24,4,867.38,3,3,3,9,333,Loyal Customers
14332,2011-11-17 11:54:00,22,3,866.31,3,3,3,9,333,Loyal Customers
13846,2011-11-15 12:07:00,24,3,865.06,3,3,3,9,333,Loyal Customers
16221,2011-11-03 11:43:00,36,3,864.86,3,3,3,9,333,Loyal Customers
16266,2011-09-27 12:08:00,73,7,861.89,2,4,3,9,243,At Risk (High Value)
12713,2011-12-09 12:16:00,0,1,848.55,4,2,3,9,423,High-Value Recent
16924,2011-11-18 12:53:00,21,3,846.75,3,3,3,9,333,Loyal Customers
17624,2011-11-25 10:52:00,14,2,843.48,4,2,3,9,423,High-Value Recent
17076,2011-11-03 17:53:00,36,3,841.08,3,3,3,9,333,Loyal Customers
16554,2011-10-28 14:51:00,42,3,837.1,3,3,3,9,333,Loyal Customers
13835,2011-11-14 15:37:00,25,4,834.57,3,3,3,9,333,Loyal Customers
12427,2011-11-18 08:56:00,21,3,825.8,3,3,3,9,333,Loyal Customers
16869,2011-11-17 12:02:00,22,4,825.42,3,3,3,9,333,Loyal Customers
14499,2011-11-13 13:01:00,26,3,815.32,3,3,3,9,333,Loyal Customers
16460,2011-11-11 13:46:00,28,3,814.72,3,3,3,9,333,Loyal Customers
15533,2011-11-20 15:35:00,19,3,807.57,3,3,3,9,333,Loyal Customers
15952,2011-11-06 11:18:00,33,4,806.57,3,3,3,9,333,Loyal Customers
13030,2011-11-28 14:30:00,11,2,799.48,4,2,3,9,423,High-Value Recent
17703,2011-11-04 15:51:00,35,3,798.74,3,3,3,9,333,Loyal Customers
13167,2011-11-21 12:24:00,18,4,791.33,3,3,3,9,333,Loyal Customers
14976,2011-10-13 16:37:00,57,7,790.86,2,4,3,9,243,At Risk (High Value)
13212,2011-11-20 12:40:00,19,3,788.08,3,3,3,9,333,Loyal Customers
15806,2011-10-24 14:35:00,46,3,784.58,3,3,3,9,333,Loyal Customers
15679,2011-11-15 16:19:00,24,4,781.28,3,3,3,9,333,Loyal Customers
15239,2011-11-29 14:14:00,10,2,780.59,4,2,3,9,423,High-Value Recent
17797,2011-11-17 13:21:00,22,3,780.43,3,3,3,9,333,Loyal Customers
15618,2011-11-07 08:34:00,32,4,776.85,3,3,3,9,333,Loyal Customers
14234,2011-11-17 17:53:00,22,4,775.46,3,3,3,9,333,Loyal Customers
16043,2011-11-02 12:50:00,37,4,773.99,3,3,3,9,333,Loyal Customers
14662,2011-11-11 12:13:00,28,4,771.17,3,3,3,9,333,Loyal Customers
14550,2011-11-29 12:12:00,10,2,765.62,4,2,3,9,423,High-Value Recent
17466,2011-11-29 13:15:00,10,2,763.28,4,2,3,9,423,High-Value Recent
16205,2011-11-09 09:32:00,30,4,761.38,3,3,3,9,333,Loyal Customers
17979,2011-11-04 12:05:00,35,4,757.71,3,3,3,9,333,Loyal Customers
17461,2011-11-17 10:21:00,22,3,757.46,3,3,3,9,333,Loyal Customers
15656,2011-10-25 14:56:00,45,4,748.5,3,3,3,9,333,Loyal Customers
13623,2011-11-09 12:00:00,30,5,747.78,3,3,3,9,333,Loyal Customers
14201,2011-10-10 13:27:00,60,7,747.44,2,4,3,9,243,At Risk (High Value)
17974,2011-11-15 11:37:00,24,3,740.79,3,3,3,9,333,Loyal Customers
14756,2011-11-24 18:13:00,15,1,738.96,4,2,3,9,423,High-Value Recent
15215,2011-10-24 11:41:00,46,3,734.94,3,3,3,9,333,Loyal Customers
18156,2011-11-27 12:24:00,12,2,734.94,4,2,3,9,423,High-Value Recent
16362,2011-11-07 13:01:00,32,5,734.77,3,3,3,9,333,Loyal Customers
13575,2011-11-16 13:14:00,23,5,732.07,3,3,3,9,333,Loyal Customers
16099,2011-10-20 13:13:00,50,3,731.9,3,3,3,9,333,Loyal Customers
13736,2011-12-04 15:19:00,5,2,731.9,4,2,3,9,423,High-Value Recent
18035,2011-11-04 12:39:00,35,3,730.4,3,3,3,9,333,Loyal Customers
17666,2011-12-06 09:06:00,3,2,728.16,4,2,3,9,423,High-Value Recent
14869,2011-12-01 12:36:00,8,2,725.7,4,2,3,9,423,High-Value Recent
15584,2011-11-16 10:55:00,23,4,725.11,3,3,3,9,333,Loyal Customers
17521,2011-11-10 11:22:00,29,3,723.21,3,3,3,9,333,Loyal Customers
16023,2011-10-24 16:34:00,46,3,719.81,3,3,3,9,333,Loyal Customers
15274,2011-12-05 16:57:00,4,2,716.57,4,2,3,9,423,High-Value Recent
15951,2011-12-01 08:34:00,8,2,708.22,4,2,3,9,423,High-Value Recent
16364,2011-11-28 11:27:00,11,2,707.04,4,2,3,9,423,High-Value Recent
15038,2011-10-12 11:33:00,58,6,705.49,2,4,3,9,243,At Risk (High Value)
12883,2011-11-15 09:32:00,24,4,703.47,3,3,3,9,333,Loyal Customers
14198,2011-11-21 16:35:00,18,4,701.4,3,3,3,9,333,Loyal Customers
17321,2011-12-01 13:41:00,8,2,700.86,4,2,3,9,423,High-Value Recent
17796,2011-10-30 15:38:00,40,4,697.9,3,3,3,9,333,Loyal Customers
14829,2011-11-10 16:16:00,29,4,697.55,3,3,3,9,333,Loyal Customers
13596,2011-12-04 12:01:00,5,2,697.04,4,2,3,9,423,High-Value Recent
15304,2011-10-10 10:23:00,60,8,694.4,2,4,3,9,243,At Risk (High Value)
12925,2011-12-05 11:11:00,4,2,694.05,4,2,3,9,423,High-Value Recent
17198,2011-11-16 10:39:00,23,3,692.22,3,3,3,9,333,Loyal Customers
16642,2011-12-05 11:31:00,4,2,688.33,4,2,3,9,423,High-Value Recent
15669,2011-10-30 16:03:00,40,4,684.34,3,3,3,9,333,Loyal Customers
15582,2011-11-15 09:55:00,24,3,682.91,3,3,3,9,333,Loyal Customers
18135,2011-11-10 19:32:00,29,5,681.91,3,3,3,9,333,Loyal Customers
12478,2011-12-06 09:56:00,3,1,680.99,4,2,3,9,423,High-Value Recent
13524,2011-10-30 12:34:00,40,5,680.18,3,3,3,9,333,Loyal Customers
14788,2011-12-02 17:06:00,7,2,679.44,4,2,3,9,423,High-Value Recent
13040,2011-12-01 10:38:00,8,2,676.99,4,2,3,9,423,High-Value Recent
16418,2011-10-26 12:39:00,44,3,675.27,3,3,3,9,333,Loyal Customers
17883,2011-12-06 17:49:00,3,4,671.77,4,3,2,9,432,Active Buyers
17299,2011-11-28 12:01:00,11,4,669.11,4,3,2,9,432,Active Buyers
15031,2011-12-05 14:19:00,4,4,668.14,4,3,2,9,432,Active Buyers
15969,2011-12-07 11:06:00,2,3,666.1,4,3,2,9,432,Active Buyers
14720,2011-12-04 12:02:00,5,3,663.81,4,3,2,9,432,Active Buyers
16157,2011-11-24 11:41:00,15,3,656.69,4,3,2,9,432,Active Buyers
17523,2011-11-28 13:20:00,11,4,652.74,4,3,2,9,432,Active Buyers
15571,2011-11-28 10:02:00,11,4,650.43,4,3,2,9,432,Active Buyers
15297,2011-11-29 16:32:00,10,3,641.94,4,3,2,9,432,Active Buyers
13318,2011-12-08 18:51:00,1,3,640.76,4,3,2,9,432,Active Buyers
15028,2011-12-01 14:06:00,8,4,627.13,4,3,2,9,432,Active Buyers
13546,2011-11-27 14:50:00,12,3,626.99,4,3,2,9,432,Active Buyers
16442,2011-12-08 11:43:00,1,3,616.79,4,3,2,9,432,Active Buyers
16005,2011-11-27 13:47:00,12,4,615.39,4,3,2,9,432,Active Buyers
16566,2011-11-24 16:34:00,15,5,614.66,4,3,2,9,432,Active Buyers
14710,2011-11-25 14:53:00,14,4,606.13,4,3,2,9,432,Active Buyers
13558,2011-12-04 11:24:00,5,4,605.06,4,3,2,9,432,Active Buyers
12654,2011-11-29 10:10:00,10,5,601.98,4,3,2,9,432,Active Buyers
14467,2011-11-22 12:48:00,17,4,598.76,4,3,2,9,432,Active Buyers
17864,2011-11-27 11:15:00,12,3,597.5,4,3,2,9,432,Active Buyers
17014,2011-12-01 14:09:00,8,3,586.33,4,3,2,9,432,Active Buyers
17360,2011-11-22 13:11:00,17,3,585.79,4,3,2,9,432,Active Buyers
12695,2011-12-02 13:22:00,7,4,582.1,4,3,2,9,432,Active Buyers
15550,2011-12-05 15:38:00,4,4,575.63,4,3,2,9,432,Active Buyers
15344,2011-12-09 10:45:00,0,3,563.94,4,3,2,9,432,Active Buyers
14805,2011-11-24 16:20:00,15,4,554.65,4,3,2,9,432,Active Buyers
14618,2011-11-30 13:45:00,9,3,553.44,4,3,2,9,432,Active Buyers
17557,2011-11-25 12:57:00,14,3,541.46,4,3,2,9,432,Active Buyers
17345,2011-11-24 15:03:00,15,4,537.74,4,3,2,9,432,Active Buyers
17631,2011-12-08 09:47:00,1,3,528.33,4,3,2,9,432,Active Buyers
16892,2011-12-08 13:18:00,1,5,525.54,4,3,2,9,432,Active Buyers
15467,2011-11-30 14:17:00,9,3,524.88,4,3,2,9,432,Active Buyers
14871,2011-12-06 13:42:00,3,4,522.38,4,3,2,9,432,Active Buyers
13247,2011-11-22 10:59:00,17,4,501.12,4,3,2,9,432,Active Buyers
16038,2011-12-02 12:40:00,7,3,471.78,4,3,2,9,432,Active Buyers
16885,2011-11-24 13:40:00,15,3,471.51,4,3,2,9,432,Active Buyers
13928,2011-11-29 10:33:00,10,4,464.57,4,3,2,9,432,Active Buyers
12787,2011-11-30 08:44:00,9,3,463.66,4,3,2,9,432,Active Buyers
12970,2011-12-02 14:30:00,7,4,452.24,4,3,2,9,432,Active Buyers
14173,2011-11-29 11:54:00,10,4,450.84,4,3,2,9,432,Active Buyers
17579,2011-12-05 12:28:00,4,3,448.9,4,3,2,9,432,Active Buyers
14910,2011-12-07 10:06:00,2,4,434.35,4,3,2,9,432,Active Buyers
12827,2011-12-04 12:17:00,5,3,430.15,4,3,2,9,432,Active Buyers
17371,2011-11-22 13:30:00,17,3,423.89,4,3,2,9,432,Active Buyers
15206,2011-11-29 13:41:00,10,4,420.3,4,3,2,9,432,Active Buyers
17830,2011-12-08 12:28:00,1,3,398.7,4,3,2,9,432,Active Buyers
17817,2011-12-05 14:39:00,4,3,387.68,4,3,2,9,432,Active Buyers
17736,2011-11-30 15:36:00,9,3,377.44,4,3,2,9,432,Active Buyers
15901,2011-11-23 12:43:00,16,3,363.88,4,3,2,9,432,Active Buyers
17835,2011-12-07 11:48:00,2,3,350.64,4,3,2,9,432,Active Buyers
16851,2011-12-05 13:32:00,4,3,342.45,4,3,2,9,432,Active Buyers
17266,2011-12-07 14:12:00,2,3,310.64,4,3,2,9,432,Active Buyers
16668,2011-11-24 17:43:00,15,6,306.72,4,4,1,9,441,Active Buyers
17988,2011-11-28 11:00:00,11,7,201.12,4,4,1,9,441,Active Buyers
15749,2011-04-18 13:20:00,235,3,44534.3,1,3,4,8,134,At Risk (High Value)
15098,2011-06-10 15:33:00,182,3,39916.5,1,3,4,8,134,At Risk (High Value)
12590,2011-05-12 14:52:00,211,2,9864.26,1,3,4,8,134,At Risk (High Value)
15032,2011-03-28 15:03:00,256,3,4959.1,1,3,4,8,134,At Risk (High Value)
12688,2011-08-18 08:49:00,113,1,4873.81,2,2,4,8,224,About to Sleep
12752,2011-09-19 13:32:00,81,1,4366.78,2,2,4,8,224,About to Sleep
14016,2011-07-01 11:29:00,161,4,4341.21,1,3,4,8,134,At Risk (High Value)
18251,2011-09-13 15:03:00,87,1,4314.72,2,2,4,8,224,About to Sleep
12378,2011-08-02 10:34:00,129,1,4008.62,2,2,4,8,224,About to Sleep
12755,2011-03-04 12:42:00,280,2,3811.95,1,3,4,8,134,At Risk (High Value)
15808,2011-02-06 14:33:00,306,4,3734.97,1,3,4,8,134,At Risk (High Value)
12454,2011-10-14 17:13:00,56,1,3528.34,2,2,4,8,224,About to Sleep
13952,2011-05-06 09:00:00,217,2,3251.07,1,3,4,8,134,At Risk (High Value)
12754,2011-04-18 09:00:00,235,3,3010.74,1,3,4,8,134,At Risk (High Value)
17444,2011-07-15 12:05:00,147,3,2940.04,1,3,4,8,134,At Risk (High Value)
12669,2011-07-12 09:54:00,150,3,2744.03,1,3,4,8,134,At Risk (High Value)
12840,2011-07-19 09:29:00,143,4,2726.77,1,3,4,8,134,At Risk (High Value)
12625,2011-05-12 09:54:00,211,2,2683.82,1,3,4,8,134,At Risk (High Value)
13422,2011-10-06 13:42:00,64,1,2626.3,2,2,4,8,224,About to Sleep
15665,2011-06-24 14:57:00,168,2,2242.01,1,3,4,8,134,At Risk (High Value)
12653,2011-07-14 10:41:00,148,2,2209.85,1,3,4,8,134,At Risk (High Value)
17406,2011-01-10 15:07:00,333,3,2200.42,1,3,4,8,134,At Risk (High Value)
14828,2011-05-27 10:16:00,196,3,2139.76,1,3,4,8,134,At Risk (High Value)
14461,2011-07-14 17:11:00,148,3,2103.06,1,3,4,8,134,At Risk (High Value)
16281,2011-09-28 14:57:00,72,1,2062.06,2,2,4,8,224,About to Sleep
12585,2011-04-19 13:39:00,234,2,2040.1,1,3,4,8,134,At Risk (High Value)
17846,2011-09-15 15:20:00,85,1,2033.1,2,2,4,8,224,About to Sleep
17337,2011-07-11 14:55:00,151,4,2027.87,1,3,4,8,134,At Risk (High Value)
15341,2011-09-20 09:40:00,80,1,2020.52,2,2,4,8,224,About to Sleep
15372,2011-07-25 16:39:00,137,1,2007.4,2,2,4,8,224,About to Sleep
16698,2011-04-27 10:52:00,226,2,1998.0,1,3,4,8,134,At Risk (High Value)
17787,2011-07-10 11:24:00,152,4,1865.19,1,3,4,8,134,At Risk (High Value)
14887,2011-09-21 15:32:00,79,1,1862.0,2,2,4,8,224,About to Sleep
16380,2011-10-09 15:40:00,61,1,1780.59,2,2,4,8,224,About to Sleep
12424,2011-06-30 12:06:00,162,2,1760.96,1,3,4,8,134,At Risk (High Value)
13564,2011-07-18 14:33:00,144,3,1749.02,1,3,4,8,134,At Risk (High Value)
13763,2011-10-07 15:13:00,63,1,1714.96,2,2,4,8,224,About to Sleep
15947,2011-09-18 10:46:00,82,1,1708.24,2,2,4,8,224,About to Sleep
16902,2011-08-15 14:17:00,116,1,1706.88,2,2,4,8,224,About to Sleep
16398,2011-07-08 15:16:00,154,2,1705.8,1,3,4,8,134,At Risk (High Value)
14245,2011-05-04 08:40:00,219,2,1693.45,1,3,4,8,134,At Risk (High Value)
17152,2011-05-29 12:19:00,194,3,1689.5,1,3,4,8,134,At Risk (High Value)
14045,2011-08-22 15:27:00,109,4,1659.75,2,3,3,8,233,At Risk (High Value)
15826,2011-10-14 16:05:00,56,3,1654.31,2,3,3,8,233,At Risk (High Value)
14573,2011-06-13 11:15:00,179,9,1653.42,1,4,3,8,143,At Risk (High Value)
14837,2011-09-11 10:58:00,89,4,1649.5,2,3,3,8,233,At Risk (High Value)
15002,2011-08-16 10:44:00,115,4,1641.76,2,3,3,8,233,At Risk (High Value)
12398,2011-10-25 10:27:00,45,1,1635.66,3,2,3,8,323,High-Value Recent
15122,2011-08-17 16:48:00,114,3,1633.78,2,3,3,8,233,At Risk (High Value)
14164,2011-09-30 12:24:00,70,2,1631.77,2,3,3,8,233,At Risk (High Value)
13425,2011-08-23 17:13:00,108,3,1624.21,2,3,3,8,233,At Risk (High Value)
14937,2011-10-14 12:29:00,56,3,1621.88,2,3,3,8,233,At Risk (High Value)
14918,2011-08-16 11:50:00,115,2,1610.15,2,3,3,8,233,At Risk (High Value)
12868,2011-06-07 10:42:00,185,6,1607.06,1,4,3,8,143,At Risk (High Value)
12947,2011-07-19 10:06:00,143,6,1603.99,1,4,3,8,143,At Risk (High Value)
14970,2011-10-02 13:44:00,68,4,1592.06,2,3,3,8,233,At Risk (High Value)
18178,2011-08-03 09:30:00,128,4,1590.81,2,3,3,8,233,At Risk (High Value)
12393,2011-09-28 15:41:00,72,4,1582.6,2,3,3,8,233,At Risk (High Value)
13814,2011-09-08 13:48:00,92,2,1579.12,2,3,3,8,233,At Risk (High Value)
18239,2011-05-05 12:38:00,218,5,1561.61,1,4,3,8,143,At Risk (High Value)
14038,2011-09-22 13:37:00,78,3,1560.38,2,3,3,8,233,At Risk (High Value)
15620,2011-10-14 12:41:00,56,3,1553.18,2,3,3,8,233,At Risk (High Value)
13320,2011-09-22 18:07:00,78,4,1548.7,2,3,3,8,233,At Risk (High Value)
14229,2011-10-19 10:04:00,51,3,1547.2,2,3,3,8,233,At Risk (High Value)
13849,2011-10-19 10:59:00,51,2,1537.95,2,3,3,8,233,At Risk (High Value)
15625,2011-08-28 10:21:00,103,4,1534.26,2,3,3,8,233,At Risk (High Value)
12759,2011-10-18 14:49:00,52,3,1531.44,2,3,3,8,233,At Risk (High Value)
14567,2011-10-14 10:21:00,56,2,1530.36,2,3,3,8,233,At Risk (High Value)
13764,2011-09-30 12:03:00,70,3,1521.76,2,3,3,8,233,At Risk (High Value)
13791,2011-08-04 11:44:00,127,2,1516.0,2,3,3,8,233,At Risk (High Value)
16755,2011-08-17 13:21:00,114,3,1496.83,2,3,3,8,233,At Risk (High Value)
17002,2011-09-15 12:40:00,85,3,1493.73,2,3,3,8,233,At Risk (High Value)
14403,2011-08-01 12:57:00,130,4,1475.81,2,3,3,8,233,At Risk (High Value)
14246,2011-08-21 11:50:00,110,3,1474.06,2,3,3,8,233,At Risk (High Value)
15128,2011-10-10 13:54:00,60,4,1471.0,2,3,3,8,233,At Risk (High Value)
14875,2011-08-24 12:20:00,107,2,1465.32,2,3,3,8,233,At Risk (High Value)
16503,2011-08-25 11:46:00,106,4,1431.93,2,3,3,8,233,At Risk (High Value)
14443,2011-10-17 10:10:00,53,4,1420.2,2,3,3,8,233,At Risk (High Value)
17083,2011-08-22 15:43:00,109,3,1405.78,2,3,3,8,233,At Risk (High Value)
17354,2011-10-20 10:34:00,50,1,1393.06,3,2,3,8,323,High-Value Recent
15810,2011-09-22 09:38:00,78,4,1391.98,2,3,3,8,233,At Risk (High Value)
13414,2011-07-29 11:45:00,133,3,1390.5,2,3,3,8,233,At Risk (High Value)
17311,2011-09-22 14:11:00,78,2,1384.85,2,3,3,8,233,At Risk (High Value)
16389,2011-10-17 14:41:00,53,4,1382.07,2,3,3,8,233,At Risk (High Value)
12886,2011-10-03 10:09:00,67,2,1378.4,2,3,3,8,233,At Risk (High Value)
15095,2011-08-28 12:01:00,103,4,1370.6,2,3,3,8,233,At Risk (High Value)
16493,2011-09-21 11:10:00,79,4,1351.63,2,3,3,8,233,At Risk (High Value)
12463,2011-10-17 13:44:00,53,4,1344.78,2,3,3,8,233,At Risk (High Value)
16317,2011-08-12 12:46:00,119,3,1341.65,2,3,3,8,233,At Risk (High Value)
16045,2011-08-12 12:41:00,119,4,1340.7,2,3,3,8,233,At Risk (High Value)
15734,2011-08-17 10:50:00,114,2,1339.45,2,3,3,8,233,At Risk (High Value)
12854,2011-09-22 12:15:00,78,3,1324.5,2,3,3,8,233,At Risk (High Value)
16370,2011-09-18 15:55:00,82,4,1320.56,2,3,3,8,233,At Risk (High Value)
16083,2011-08-31 10:47:00,100,2,1317.62,2,3,3,8,233,At Risk (High Value)
14973,2011-08-24 15:51:00,107,3,1314.45,2,3,3,8,233,At Risk (High Value)
16040,2011-10-05 13:47:00,65,3,1313.55,2,3,3,8,233,At Risk (High Value)
12516,2011-09-23 09:13:00,77,2,1312.06,2,3,3,8,233,At Risk (High Value)
16120,2011-10-11 14:22:00,59,4,1309.14,2,3,3,8,233,At Risk (High Value)
12507,2011-07-28 17:09:00,134,3,1304.81,2,3,3,8,233,At Risk (High Value)
15108,2011-07-21 10:24:00,141,4,1300.25,2,3,3,8,233,At Risk (High Value)
12372,2011-09-29 12:12:00,71,3,1298.04,2,3,3,8,233,At Risk (High Value)
16224,2011-10-13 17:51:00,57,4,1295.3,2,3,3,8,233,At Risk (High Value)
17802,2011-09-18 14:56:00,82,3,1285.04,2,3,3,8,233,At Risk (High Value)
16951,2011-07-28 12:05:00,134,3,1277.75,2,3,3,8,233,At Risk (High Value)
12394,2011-10-07 08:08:00,63,2,1272.48,2,3,3,8,233,At Risk (High Value)
13492,2011-07-26 14:25:00,136,3,1269.84,2,3,3,8,233,At Risk (High Value)
13431,2011-10-03 13:49:00,67,2,1269.1,2,3,3,8,233,At Risk (High Value)
14916,2011-09-30 09:20:00,70,4,1268.98,2,3,3,8,233,At Risk (High Value)
15199,2011-10-11 15:12:00,59,4,1268.7,2,3,3,8,233,At Risk (High Value)
13989,2011-10-05 09:47:00,65,2,1266.08,2,3,3,8,233,At Risk (High Value)
16842,2011-08-31 10:42:00,100,3,1264.19,2,3,3,8,233,At Risk (High Value)
17388,2011-09-23 10:31:00,77,4,1259.56,2,3,3,8,233,At Risk (High Value)
13848,2011-09-08 12:58:00,92,3,1255.0,2,3,3,8,233,At Risk (High Value)
17588,2011-08-31 13:37:00,100,3,1240.2,2,3,3,8,233,At Risk (High Value)
17731,2011-09-21 15:02:00,79,4,1240.11,2,3,3,8,233,At Risk (High Value)
13931,2011-09-05 10:12:00,95,2,1237.53,2,3,3,8,233,At Risk (High Value)
12412,2011-09-26 10:16:00,74,3,1226.88,2,3,3,8,233,At Risk (High Value)
17774,2011-09-04 12:49:00,96,4,1225.41,2,3,3,8,233,At Risk (High Value)
15841,2011-09-28 12:15:00,72,4,1224.06,2,3,3,8,233,At Risk (High Value)
13055,2011-09-22 14:26:00,78,3,1214.41,2,3,3,8,233,At Risk (High Value)
13158,2011-09-06 11:58:00,94,4,1201.06,2,3,3,8,233,At Risk (High Value)
17320,2011-08-31 13:31:00,100,3,1200.62,2,3,3,8,233,At Risk (High Value)
17058,2011-09-19 10:13:00,81,3,1179.89,2,3,3,8,233,At Risk (High Value)
16950,2011-10-14 09:06:00,56,3,1178.56,2,3,3,8,233,At Risk (High Value)
12885,2011-10-07 13:40:00,63,3,1175.22,2,3,3,8,233,At Risk (High Value)
15306,2011-10-06 12:56:00,64,3,1174.35,2,3,3,8,233,At Risk (High Value)
14857,2011-10-11 09:23:00,59,2,1173.12,2,3,3,8,233,At Risk (High Value)
13611,2011-09-11 14:51:00,89,3,1171.8,2,3,3,8,233,At Risk (High Value)
18168,2011-06-16 19:21:00,176,6,1169.94,1,4,3,8,143,At Risk (High Value)
13744,2011-09-05 15:19:00,95,2,1156.36,2,3,3,8,233,At Risk (High Value)
12710,2011-09-04 12:00:00,96,3,1149.02,2,3,3,8,233,At Risk (High Value)
17770,2011-05-25 12:34:00,198,5,1143.27,1,4,3,8,143,At Risk (High Value)
15985,2011-08-08 16:31:00,123,2,1142.42,2,3,3,8,233,At Risk (High Value)
13330,2011-09-08 12:27:00,92,3,1140.93,2,3,3,8,233,At Risk (High Value)
17242,2011-08-23 14:55:00,108,2,1135.04,2,3,3,8,233,At Risk (High Value)
17585,2011-08-22 13:30:00,109,4,1133.07,2,3,3,8,233,At Risk (High Value)
12609,2011-09-22 16:34:00,78,3,1126.85,2,3,3,8,233,At Risk (High Value)
13486,2011-09-22 13:13:00,78,3,1122.41,2,3,3,8,233,At Risk (High Value)
15730,2011-10-05 12:31:00,65,3,1120.88,2,3,3,8,233,At Risk (High Value)
14276,2011-09-02 09:45:00,98,3,1119.74,2,3,3,8,233,At Risk (High Value)
12842,2011-09-30 15:33:00,70,2,1118.99,2,3,3,8,233,At Risk (High Value)
17788,2011-09-27 10:09:00,73,2,1117.9,2,3,3,8,233,At Risk (High Value)
13591,2011-10-06 12:26:00,64,3,1117.13,2,3,3,8,233,At Risk (High Value)
12679,2011-10-12 12:30:00,58,4,1113.02,2,3,3,8,233,At Risk (High Value)
12399,2011-08-12 13:15:00,119,4,1108.65,2,3,3,8,233,At Risk (High Value)
17047,2011-09-15 13:27:00,85,3,1100.9,2,3,3,8,233,At Risk (High Value)
18189,2011-09-23 12:40:00,77,2,1090.24,2,3,3,8,233,At Risk (High Value)
14561,2011-09-25 12:39:00,75,3,1080.76,2,3,3,8,233,At Risk (High Value)
13715,2011-03-03 19:21:00,281,5,1079.34,1,4,3,8,143,At Risk (High Value)
15706,2011-10-07 10:09:00,63,4,1060.56,2,3,3,8,233,At Risk (High Value)
14514,2011-10-09 16:05:00,61,3,1055.35,2,3,3,8,233,At Risk (High Value)
14224,2011-08-21 13:24:00,110,4,1050.12,2,3,3,8,233,At Risk (High Value)
15192,2011-08-12 11:41:00,119,3,1044.32,2,3,3,8,233,At Risk (High Value)
14389,2011-10-05 15:17:00,65,2,1043.46,2,3,3,8,233,At Risk (High Value)
16175,2011-09-06 14:32:00,94,4,1037.59,2,3,3,8,233,At Risk (High Value)
16260,2011-10-20 09:40:00,50,1,1035.45,3,2,3,8,323,High-Value Recent
17724,2011-09-29 15:26:00,71,3,1033.0,2,3,3,8,233,At Risk (High Value)
17033,2011-09-14 14:34:00,86,3,1030.14,2,3,3,8,233,At Risk (High Value)
16160,2011-10-05 14:19:00,65,2,1025.44,2,3,3,8,233,At Risk (High Value)
15658,2011-06-02 15:22:00,190,5,1024.1,1,4,3,8,143,At Risk (High Value)
14346,2011-08-11 09:47:00,120,2,1021.58,2,3,3,8,233,At Risk (High Value)
13376,2011-09-01 16:16:00,99,3,1019.76,2,3,3,8,233,At Risk (High Value)
12739,2011-09-22 13:00:00,78,2,1013.04,2,3,3,8,233,At Risk (High Value)
17197,2011-11-10 10:32:00,29,1,1013.01,3,2,3,8,323,High-Value Recent
14775,2011-10-12 15:27:00,58,3,1011.9,2,3,3,8,233,At Risk (High Value)
16229,2011-09-13 17:16:00,87,2,1010.6,2,3,3,8,233,At Risk (High Value)
13032,2011-10-18 15:54:00,52,2,1010.18,2,3,3,8,233,At Risk (High Value)
16572,2011-08-04 16:34:00,127,3,1009.6,2,3,3,8,233,At Risk (High Value)
16174,2011-08-05 13:26:00,126,3,1009.55,2,3,3,8,233,At Risk (High Value)
17126,2011-07-10 13:52:00,152,5,1004.75,1,4,3,8,143,At Risk (High Value)
12545,2011-09-25 13:39:00,75,2,1000.39,2,3,3,8,233,At Risk (High Value)
15508,2011-06-03 15:43:00,189,6,1000.27,1,4,3,8,143,At Risk (High Value)
18143,2011-08-15 12:07:00,116,2,1000.16,2,3,3,8,233,At Risk (High Value)
12722,2011-09-15 14:50:00,85,4,997.63,2,3,3,8,233,At Risk (High Value)
17594,2011-09-15 16:34:00,85,2,993.18,2,3,3,8,233,At Risk (High Value)
14223,2011-09-08 13:38:00,92,3,991.13,2,3,3,8,233,At Risk (High Value)
15062,2011-09-29 16:51:00,71,4,987.86,2,3,3,8,233,At Risk (High Value)
15133,2011-08-04 10:44:00,127,3,982.42,2,3,3,8,233,At Risk (High Value)
15071,2011-09-07 11:43:00,93,2,982.07,2,3,3,8,233,At Risk (High Value)
14006,2011-08-16 09:39:00,115,3,962.19,2,3,3,8,233,At Risk (High Value)
16934,2011-10-16 12:40:00,54,2,950.93,2,3,3,8,233,At Risk (High Value)
15421,2011-10-12 09:20:00,58,4,950.36,2,3,3,8,233,At Risk (High Value)
12822,2011-09-30 10:04:00,70,2,948.88,2,3,3,8,233,At Risk (High Value)
17044,2011-11-14 14:28:00,25,1,948.48,3,2,3,8,323,High-Value Recent
12458,2011-09-29 15:25:00,71,2,947.4,2,3,3,8,233,At Risk (High Value)
15576,2011-11-02 12:03:00,37,1,940.67,3,2,3,8,323,High-Value Recent
17527,2011-10-17 12:32:00,53,4,939.37,2,3,3,8,233,At Risk (High Value)
16584,2011-09-20 13:45:00,80,2,936.08,2,3,3,8,233,At Risk (High Value)
12924,2011-09-12 13:55:00,88,4,933.7,2,3,3,8,233,At Risk (High Value)
13655,2011-08-17 14:25:00,114,2,932.97,2,3,3,8,233,At Risk (High Value)
17552,2011-10-10 17:00:00,60,4,930.41,2,3,3,8,233,At Risk (High Value)
14475,2011-09-29 10:46:00,71,3,925.85,2,3,3,8,233,At Risk (High Value)
17048,2011-08-14 11:49:00,117,3,925.35,2,3,3,8,233,At Risk (High Value)
15312,2011-09-25 13:10:00,75,4,924.85,2,3,3,8,233,At Risk (High Value)
16551,2011-09-05 09:38:00,95,3,922.12,2,3,3,8,233,At Risk (High Value)
17018,2011-10-30 11:42:00,40,2,920.1,3,2,3,8,323,High-Value Recent
13038,2011-09-20 14:37:00,80,3,908.46,2,3,3,8,233,At Risk (High Value)
13662,2011-09-15 12:04:00,85,3,897.76,2,3,3,8,233,At Risk (High Value)
17537,2011-11-10 10:56:00,29,2,897.62,3,2,3,8,323,High-Value Recent
13515,2011-09-28 11:26:00,72,4,891.12,2,3,3,8,233,At Risk (High Value)
14240,2011-11-09 13:45:00,30,2,890.34,3,2,3,8,323,High-Value Recent
15799,2011-09-25 12:46:00,75,3,884.14,2,3,3,8,233,At Risk (High Value)
13037,2011-07-24 15:46:00,138,3,881.07,2,3,3,8,233,At Risk (High Value)
13566,2011-10-30 11:59:00,40,2,874.71,3,2,3,8,323,High-Value Recent
12847,2011-11-17 13:16:00,22,1,871.54,3,2,3,8,323,High-Value Recent
17064,2011-10-12 10:18:00,58,3,859.35,2,3,3,8,233,At Risk (High Value)
12693,2011-08-04 17:51:00,127,4,855.91,2,3,3,8,233,At Risk (High Value)
17560,2011-09-06 09:18:00,94,4,854.95,2,3,3,8,233,At Risk (High Value)
16070,2011-11-17 15:50:00,22,2,852.15,3,2,3,8,323,High-Value Recent
15164,2011-10-02 12:05:00,68,3,843.05,2,3,3,8,233,At Risk (High Value)
16560,2011-11-13 10:35:00,26,2,841.41,3,2,3,8,323,High-Value Recent
14862,2011-11-14 10:01:00,25,2,841.2,3,2,3,8,323,High-Value Recent
12728,2011-09-29 15:31:00,71,4,836.33,2,3,3,8,233,At Risk (High Value)
16747,2011-11-02 11:37:00,37,2,836.06,3,2,3,8,323,High-Value Recent
17921,2011-10-06 18:56:00,64,4,826.52,2,3,3,8,233,At Risk (High Value)
16284,2011-11-08 16:12:00,31,2,823.97,3,2,3,8,323,High-Value Recent
13220,2011-09-22 13:38:00,78,4,819.29,2,3,3,8,233,At Risk (High Value)
17764,2011-10-20 11:03:00,50,2,818.82,3,2,3,8,323,High-Value Recent
16092,2011-08-17 10:46:00,114,3,817.86,2,3,3,8,233,At Risk (High Value)
13280,2011-08-09 13:14:00,122,3,814.86,2,3,3,8,233,At Risk (High Value)
16621,2011-10-19 11:38:00,51,4,813.48,2,3,3,8,233,At Risk (High Value)
13637,2011-10-18 13:32:00,52,3,810.5,2,3,3,8,233,At Risk (High Value)
16367,2011-11-02 13:13:00,37,2,804.49,3,2,3,8,323,High-Value Recent
12422,2011-09-05 09:48:00,95,3,803.56,2,3,3,8,233,At Risk (High Value)
15831,2011-10-12 13:14:00,58,3,801.76,2,3,3,8,233,At Risk (High Value)
16806,2011-08-28 15:27:00,103,4,801.49,2,3,3,8,233,At Risk (High Value)
17905,2011-09-29 17:33:00,71,4,800.24,2,3,3,8,233,At Risk (High Value)
13720,2011-08-15 12:46:00,116,4,799.9,2,3,3,8,233,At Risk (High Value)
17180,2011-10-14 15:46:00,56,4,796.03,2,3,3,8,233,At Risk (High Value)
15990,2011-10-26 15:58:00,44,2,792.11,3,2,3,8,323,High-Value Recent
13016,2011-09-27 14:08:00,73,3,789.89,2,3,3,8,233,At Risk (High Value)
13329,2011-11-08 10:29:00,31,2,789.0,3,2,3,8,323,High-Value Recent
18136,2011-10-07 15:40:00,63,3,784.33,2,3,3,8,233,At Risk (High Value)
17387,2011-11-20 11:00:00,19,2,784.11,3,2,3,8,323,High-Value Recent
16725,2011-02-10 16:52:00,302,7,781.02,1,4,3,8,143,At Risk (High Value)
14815,2011-11-03 11:36:00,36,2,778.5,3,2,3,8,323,High-Value Recent
17414,2011-10-27 12:13:00,43,2,778.0,3,2,3,8,323,High-Value Recent
16505,2011-11-08 12:14:00,31,1,777.6,3,2,3,8,323,High-Value Recent
16825,2011-11-01 11:51:00,38,2,775.18,3,2,3,8,323,High-Value Recent
16770,2011-10-13 12:21:00,57,5,770.1,2,3,3,8,233,At Risk (High Value)
14412,2011-10-28 10:45:00,42,2,770.03,3,2,3,8,323,High-Value Recent
17268,2011-08-24 10:06:00,107,4,763.64,2,3,3,8,233,At Risk (High Value)
16470,2011-10-19 12:11:00,51,4,762.39,2,3,3,8,233,At Risk (High Value)
15599,2011-11-13 11:44:00,26,2,761.74,3,2,3,8,323,High-Value Recent
17425,2011-11-20 15:30:00,19,2,759.17,3,2,3,8,323,High-Value Recent
12413,2011-10-04 09:00:00,66,3,758.1,2,3,3,8,233,At Risk (High Value)
18104,2011-11-02 14:07:00,37,1,754.64,3,2,3,8,323,High-Value Recent
17146,2011-08-26 12:44:00,105,3,749.78,2,3,3,8,233,At Risk (High Value)
14923,2011-10-20 11:51:00,50,1,749.1,3,2,3,8,323,High-Value Recent
14050,2011-11-08 10:00:00,31,2,746.36,3,2,3,8,323,High-Value Recent
13236,2011-11-15 12:50:00,24,2,744.85,3,2,3,8,323,High-Value Recent
16730,2011-10-18 14:11:00,52,3,743.11,2,3,3,8,233,At Risk (High Value)
12374,2011-11-14 15:37:00,25,1,742.93,3,2,3,8,323,High-Value Recent
12465,2011-11-22 16:34:00,17,2,742.19,3,2,3,8,323,High-Value Recent
17692,2011-08-04 14:01:00,127,4,740.94,2,3,3,8,233,At Risk (High Value)
15252,2011-11-03 13:30:00,36,2,740.78,3,2,3,8,323,High-Value Recent
12603,2011-11-18 10:42:00,21,1,739.2,3,2,3,8,323,High-Value Recent
16491,2011-10-24 10:18:00,46,1,731.5,3,2,3,8,323,High-Value Recent
14179,2011-10-30 12:07:00,40,2,719.78,3,2,3,8,323,High-Value Recent
14725,2011-11-15 12:42:00,24,1,718.08,3,2,3,8,323,High-Value Recent
15400,2011-09-08 13:57:00,92,5,716.2,2,3,3,8,233,At Risk (High Value)
15330,2011-11-07 17:50:00,32,2,714.96,3,2,3,8,323,High-Value Recent
17761,2011-11-07 10:23:00,32,1,712.78,3,2,3,8,323,High-Value Recent
13416,2011-10-27 08:56:00,43,2,712.5,3,2,3,8,323,High-Value Recent
15855,2011-07-26 10:20:00,136,5,712.24,2,3,3,8,233,At Risk (High Value)
13249,2011-09-08 13:26:00,92,3,711.41,2,3,3,8,233,At Risk (High Value)
14127,2011-08-09 10:49:00,122,3,709.71,2,3,3,8,233,At Risk (High Value)
16136,2011-10-11 09:10:00,59,3,709.38,2,3,3,8,233,At Risk (High Value)
14880,2011-09-23 13:42:00,77,3,706.19,2,3,3,8,233,At Risk (High Value)
16882,2011-10-04 10:42:00,66,3,705.12,2,3,3,8,233,At Risk (High Value)
18082,2011-11-14 12:45:00,25,1,703.37,3,2,3,8,323,High-Value Recent
15103,2011-11-08 14:53:00,31,2,703.36,3,2,3,8,323,High-Value Recent
17734,2011-10-17 12:33:00,53,3,700.63,2,3,3,8,233,At Risk (High Value)
17423,2011-10-24 13:36:00,46,2,698.41,3,2,3,8,323,High-Value Recent
17397,2011-11-17 14:08:00,22,2,696.41,3,2,3,8,323,High-Value Recent
14959,2011-10-06 18:23:00,64,4,695.42,2,3,3,8,233,At Risk (High Value)
13601,2011-10-25 17:31:00,45,2,693.32,3,2,3,8,323,High-Value Recent
17733,2011-11-01 08:16:00,38,2,692.19,3,2,3,8,323,High-Value Recent
16212,2011-11-20 13:00:00,19,2,690.34,3,2,3,8,323,High-Value Recent
15181,2011-10-04 13:58:00,66,3,689.48,2,3,3,8,233,At Risk (High Value)
12658,2011-11-21 10:22:00,18,1,686.05,3,2,3,8,323,High-Value Recent
16122,2011-09-27 15:34:00,73,4,684.42,2,3,3,8,233,At Risk (High Value)
12942,2011-07-31 14:39:00,131,3,683.9,2,3,3,8,233,At Risk (High Value)
17874,2011-06-07 12:54:00,185,6,683.46,1,4,3,8,143,At Risk (High Value)
12838,2011-11-06 12:20:00,33,2,683.13,3,2,3,8,323,High-Value Recent
16872,2011-09-23 16:05:00,77,3,680.02,2,3,3,8,233,At Risk (High Value)
13430,2011-11-21 08:19:00,18,2,679.45,3,2,3,8,323,High-Value Recent
17994,2011-08-10 11:41:00,121,4,678.49,2,3,3,8,233,At Risk (High Value)
13925,2011-09-08 12:47:00,92,4,678.25,2,3,3,8,233,At Risk (High Value)
13607,2011-10-30 16:17:00,40,1,678.01,3,2,3,8,323,High-Value Recent
14504,2011-10-23 16:00:00,47,4,673.26,3,3,2,8,332,Active Buyers
14342,2011-11-18 13:21:00,21,4,668.56,3,3,2,8,332,Active Buyers
17777,2011-11-15 12:02:00,24,3,665.86,3,3,2,8,332,Active Buyers
16014,2011-11-02 12:04:00,37,3,662.38,3,3,2,8,332,Active Buyers
16357,2011-11-06 16:04:00,33,3,658.88,3,3,2,8,332,Active Buyers
17779,2011-11-18 14:15:00,21,3,658.57,3,3,2,8,332,Active Buyers
12577,2011-11-04 13:24:00,35,3,657.8,3,3,2,8,332,Active Buyers
16444,2011-10-24 13:50:00,46,4,654.67,3,3,2,8,332,Active Buyers
13496,2011-11-29 10:58:00,10,2,653.33,4,2,2,8,422,Standard
14044,2011-11-13 12:05:00,26,4,652.82,3,3,2,8,332,Active Buyers
14034,2011-11-17 14:02:00,22,3,651.82,3,3,2,8,332,Active Buyers
16469,2011-11-16 12:25:00,23,4,650.43,3,3,2,8,332,Active Buyers
16969,2011-10-31 13:12:00,39,3,650.41,3,3,2,8,332,Active Buyers
17373,2011-10-30 15:28:00,40,4,646.92,3,3,2,8,332,Active Buyers
15651,2011-11-03 08:41:00,36,3,646.3,3,3,2,8,332,Active Buyers
17545,2011-10-27 14:04:00,43,3,645.96,3,3,2,8,332,Active Buyers
12719,2011-12-04 13:45:00,5,2,644.95,4,2,2,8,422,Standard
14020,2011-11-23 09:22:00,16,2,642.8,4,2,2,8,422,Standard
13417,2011-12-05 08:49:00,4,2,640.83,4,2,2,8,422,Standard
17515,2011-11-08 14:04:00,31,4,639.02,3,3,2,8,332,Active Buyers
15773,2011-12-04 12:48:00,5,1,635.68,4,2,2,8,422,Standard
16139,2011-11-21 08:37:00,18,3,635.41,3,3,2,8,332,Active Buyers
13892,2011-11-13 11:50:00,26,4,632.97,3,3,2,8,332,Active Buyers
13822,2011-12-04 12:13:00,5,2,632.0,4,2,2,8,422,Standard
13525,2011-11-25 12:01:00,14,2,628.78,4,2,2,8,422,Standard
13914,2011-11-28 10:35:00,11,2,626.45,4,2,2,8,422,Standard
16750,2011-10-26 12:48:00,44,5,623.93,3,3,2,8,332,Active Buyers
17460,2011-09-06 15:04:00,94,6,622.43,2,4,2,8,242,Need Attention
13145,2011-10-31 12:45:00,39,4,618.52,3,3,2,8,332,Active Buyers
14593,2011-11-18 12:48:00,21,3,617.99,3,3,2,8,332,Active Buyers
18149,2011-10-20 12:04:00,50,3,612.08,3,3,2,8,332,Active Buyers
12673,2011-12-04 13:55:00,5,2,610.52,4,2,2,8,422,Standard
12933,2011-11-15 16:38:00,24,3,607.53,3,3,2,8,332,Active Buyers
17119,2011-12-06 14:40:00,3,2,606.91,4,2,2,8,422,Standard
14675,2011-11-23 12:58:00,16,1,604.75,4,2,2,8,422,Standard
18211,2011-11-14 08:10:00,25,5,600.07,3,3,2,8,332,Active Buyers
17420,2011-10-20 14:52:00,50,3,598.83,3,3,2,8,332,Active Buyers
13311,2011-12-05 12:55:00,4,2,598.57,4,2,2,8,422,Standard
16298,2011-11-17 11:59:00,22,3,598.2,3,3,2,8,332,Active Buyers
16325,2011-10-24 08:48:00,46,3,594.24,3,3,2,8,332,Active Buyers
16535,2011-12-04 15:18:00,5,1,593.75,4,2,2,8,422,Standard
17351,2011-11-03 18:45:00,36,3,587.15,3,3,2,8,332,Active Buyers
14023,2011-12-02 13:58:00,7,2,584.07,4,2,2,8,422,Standard
13427,2011-11-20 13:02:00,19,3,582.6,3,3,2,8,332,Active Buyers
14167,2011-10-31 14:29:00,39,4,574.84,3,3,2,8,332,Active Buyers
12784,2011-11-30 15:38:00,9,2,574.42,4,2,2,8,422,Standard
12879,2011-10-26 12:24:00,44,3,573.22,3,3,2,8,332,Active Buyers
13379,2011-11-13 13:45:00,26,3,572.56,3,3,2,8,332,Active Buyers
14592,2011-11-04 16:35:00,35,3,570.46,3,3,2,8,332,Active Buyers
13939,2011-11-16 13:33:00,23,3,568.55,3,3,2,8,332,Active Buyers
18150,2011-11-07 16:49:00,32,3,566.58,3,3,2,8,332,Active Buyers
13894,2011-11-16 09:44:00,23,3,564.62,3,3,2,8,332,Active Buyers
16933,2011-12-08 12:54:00,1,2,563.23,4,2,2,8,422,Standard
18043,2011-11-15 12:48:00,24,3,559.51,3,3,2,8,332,Active Buyers
17503,2011-12-07 09:18:00,2,2,558.96,4,2,2,8,422,Standard
17295,2011-11-11 10:49:00,28,3,556.95,3,3,2,8,332,Active Buyers
16811,2011-12-05 11:39:00,4,2,547.07,4,2,2,8,422,Standard
14997,2011-10-24 13:28:00,46,3,546.2,3,3,2,8,332,Active Buyers
17806,2011-11-28 14:12:00,11,1,546.04,4,2,2,8,422,Standard
13617,2011-10-30 13:50:00,40,3,544.18,3,3,2,8,332,Active Buyers
13812,2011-10-28 14:27:00,42,3,539.0,3,3,2,8,332,Active Buyers
15452,2011-11-10 12:13:00,29,3,538.73,3,3,2,8,332,Active Buyers
15539,2011-12-02 13:36:00,7,1,538.46,4,2,2,8,422,Standard
14539,2011-11-24 09:50:00,15,2,537.48,4,2,2,8,422,Standard
16804,2011-11-16 16:43:00,23,3,536.99,3,3,2,8,332,Active Buyers
16706,2011-11-02 13:50:00,37,3,531.35,3,3,2,8,332,Active Buyers
16185,2011-11-23 09:41:00,16,2,529.41,4,2,2,8,422,Standard
12479,2011-11-28 13:26:00,11,1,527.2,4,2,2,8,422,Standard
17290,2011-12-06 12:38:00,3,2,525.24,4,2,2,8,422,Standard
17329,2011-11-25 14:24:00,14,2,523.11,4,2,2,8,422,Standard
13643,2011-11-08 15:37:00,31,3,519.44,3,3,2,8,332,Active Buyers
15809,2011-11-03 16:40:00,36,5,515.77,3,3,2,8,332,Active Buyers
16561,2011-12-04 11:50:00,5,2,511.12,4,2,2,8,422,Standard
16898,2011-11-13 15:44:00,26,3,508.81,3,3,2,8,332,Active Buyers
14820,2011-11-18 15:41:00,21,4,507.29,3,3,2,8,332,Active Buyers
15721,2011-11-28 12:14:00,11,1,507.08,4,2,2,8,422,Standard
16960,2011-11-01 11:35:00,38,3,507.05,3,3,2,8,332,Active Buyers
15081,2011-11-17 17:08:00,22,5,504.8,3,3,2,8,332,Active Buyers
16616,2011-11-24 16:31:00,15,2,500.42,4,2,2,8,422,Standard
14077,2011-10-30 12:35:00,40,5,499.42,3,3,2,8,332,Active Buyers
16488,2011-11-06 13:42:00,33,3,498.8,3,3,2,8,332,Active Buyers
17495,2011-12-02 12:08:00,7,2,497.56,4,2,2,8,422,Standard
16368,2011-12-07 13:12:00,2,2,497.43,4,2,2,8,422,Standard
15018,2011-11-01 12:47:00,38,3,496.21,3,3,2,8,332,Active Buyers
15877,2011-12-08 11:53:00,1,2,493.28,4,2,2,8,422,Standard
17361,2011-10-21 15:43:00,49,3,488.2,3,3,2,8,332,Active Buyers
13153,2011-12-04 12:14:00,5,1,486.22,4,2,2,8,422,Standard
12808,2011-11-03 10:05:00,36,3,483.65,3,3,2,8,332,Active Buyers
16008,2011-11-16 10:32:00,23,3,478.78,3,3,2,8,332,Active Buyers
16768,2011-10-23 10:38:00,47,3,478.09,3,3,2,8,332,Active Buyers
15471,2011-12-07 14:12:00,2,1,469.48,4,2,2,8,422,Standard
13171,2011-11-18 10:27:00,21,3,468.41,3,3,2,8,332,Active Buyers
14335,2011-11-23 13:41:00,16,2,468.26,4,2,2,8,422,Standard
13579,2011-11-25 08:41:00,14,2,467.04,4,2,2,8,422,Standard
14205,2011-11-23 10:55:00,16,2,466.7,4,2,2,8,422,Standard
14470,2011-11-28 10:31:00,11,2,461.19,4,2,2,8,422,Standard
16824,2011-11-24 12:38:00,15,2,460.64,4,2,2,8,422,Standard
12375,2011-11-29 10:36:00,10,2,457.5,4,2,2,8,422,Standard
17564,2011-11-15 13:27:00,24,3,454.01,3,3,2,8,332,Active Buyers
18158,2011-11-30 16:19:00,9,2,453.4,4,2,2,8,422,Standard
14093,2011-11-27 16:27:00,12,1,442.85,4,2,2,8,422,Standard
13954,2011-12-08 12:50:00,1,2,439.92,4,2,2,8,422,Standard
16968,2011-12-05 15:02:00,4,2,439.43,4,2,2,8,422,Standard
12452,2011-11-23 10:28:00,16,2,430.57,4,2,2,8,422,Standard
16119,2011-12-01 15:11:00,8,2,423.36,4,2,2,8,422,Standard
17232,2011-12-07 12:21:00,2,2,421.52,4,2,2,8,422,Standard
18001,2011-11-27 16:02:00,12,2,417.23,4,2,2,8,422,Standard
15725,2011-11-24 14:51:00,15,1,415.25,4,2,2,8,422,Standard
12993,2011-11-16 15:49:00,23,4,414.76,3,3,2,8,332,Active Buyers
15186,2011-11-25 14:58:00,14,2,411.41,4,2,2,8,422,Standard
12990,2011-11-08 13:01:00,31,3,409.5,3,3,2,8,332,Active Buyers
18036,2011-11-07 14:40:00,32,3,405.62,3,3,2,8,332,Active Buyers
17379,2011-11-28 13:56:00,11,1,404.66,4,2,2,8,422,Standard
12498,2011-11-18 12:53:00,21,3,403.7,3,3,2,8,332,Active Buyers
13255,2011-11-30 13:14:00,9,2,399.51,4,2,2,8,422,Standard
18154,2011-12-06 16:41:00,3,2,399.19,4,2,2,8,422,Standard
15883,2011-12-07 17:05:00,2,2,396.48,4,2,2,8,422,Standard
17936,2011-12-04 13:32:00,5,1,389.84,4,2,2,8,422,Standard
17595,2011-11-27 16:08:00,12,2,388.79,4,2,2,8,422,Standard
13899,2011-11-23 13:40:00,16,2,388.52,4,2,2,8,422,Standard
17711,2011-11-29 11:40:00,10,2,385.1,4,2,2,8,422,Standard
17250,2011-12-06 12:15:00,3,2,384.52,4,2,2,8,422,Standard
13657,2011-11-29 12:32:00,10,2,382.14,4,2,2,8,422,Standard
17573,2011-11-10 13:01:00,29,3,380.6,3,3,2,8,332,Active Buyers
16930,2011-11-13 16:13:00,26,3,380.55,3,3,2,8,332,Active Buyers
17031,2011-11-28 10:23:00,11,2,380.35,4,2,2,8,422,Standard
14731,2011-10-23 15:54:00,47,3,380.02,3,3,2,8,332,Active Buyers
14594,2011-12-02 13:28:00,7,2,379.83,4,2,2,8,422,Standard
13589,2011-11-25 12:10:00,14,2,379.65,4,2,2,8,422,Standard
14448,2011-11-30 13:50:00,9,2,375.35,4,2,2,8,422,Standard
16343,2011-11-23 17:45:00,16,2,370.48,4,2,2,8,422,Standard
15949,2011-11-23 09:09:00,16,2,364.72,4,2,2,8,422,Standard
15872,2011-11-25 11:55:00,14,2,360.93,4,2,2,8,422,Standard
13780,2011-12-02 13:49:00,7,2,360.01,4,2,2,8,422,Standard
13173,2011-12-05 15:51:00,4,2,353.65,4,2,2,8,422,Standard
18112,2011-11-27 14:43:00,12,2,352.69,4,2,2,8,422,Standard
18127,2011-11-20 14:05:00,19,3,348.73,3,3,2,8,332,Active Buyers
17668,2011-12-08 13:25:00,1,2,347.75,4,2,2,8,422,Standard
15781,2011-11-14 14:57:00,25,3,345.46,3,3,2,8,332,Active Buyers
13068,2011-11-29 15:00:00,10,2,344.0,4,2,2,8,422,Standard
18081,2011-11-03 16:30:00,36,3,343.45,3,3,2,8,332,Active Buyers
17917,2011-10-25 13:20:00,45,3,341.28,3,3,2,8,332,Active Buyers
17221,2011-12-02 13:35:00,7,2,335.13,4,2,2,8,422,Standard
16478,2011-11-14 15:51:00,25,3,331.0,3,3,2,8,332,Active Buyers
15714,2011-11-28 11:26:00,11,2,330.88,4,2,2,8,422,Standard
16593,2011-10-20 12:41:00,50,3,330.03,3,3,2,8,332,Active Buyers
16322,2011-12-08 15:41:00,1,2,326.75,4,2,2,8,422,Standard
14987,2011-11-24 09:59:00,15,2,326.4,4,2,2,8,422,Standard
17157,2011-12-02 09:10:00,7,2,319.0,4,2,2,8,422,Standard
15101,2011-12-01 10:18:00,8,2,317.53,4,2,2,8,422,Standard
17237,2011-11-28 15:02:00,11,2,314.69,4,2,2,8,422,Standard
15060,2011-12-01 13:47:00,8,4,303.09,4,3,1,8,431,Active Buyers
13502,2011-11-23 10:39:00,16,3,292.0,4,3,1,8,431,Active Buyers
13277,2011-11-24 09:21:00,15,4,258.4,4,3,1,8,431,Active Buyers
16330,2011-11-22 12:24:00,17,3,251.91,4,3,1,8,431,Active Buyers
13079,2011-12-05 16:53:00,4,5,220.1,4,3,1,8,431,Active Buyers
18273,2011-12-07 13:16:00,2,3,204.0,4,3,1,8,431,Active Buyers
14385,2011-11-30 15:36:00,9,3,202.11,4,3,1,8,431,Active Buyers
14287,2011-12-01 13:25:00,8,3,176.63,4,3,1,8,431,Active Buyers
14836,2011-11-29 16:45:00,10,3,102.45,4,3,1,8,431,Active Buyers
12346,2011-01-18 10:01:00,325,1,77183.6,1,2,4,7,124,Standard
13135,2011-05-27 10:52:00,196,1,3096.0,1,2,4,7,124,Standard
14439,2011-01-24 11:39:00,319,1,2661.24,1,2,4,7,124,Standard
12501,2011-01-07 12:28:00,336,1,2169.39,1,2,4,7,124,Standard
17597,2011-05-10 11:54:00,213,1,2044.37,1,2,4,7,124,Standard
16754,2010-12-02 17:38:00,372,1,2002.4,1,2,4,7,124,Standard
14459,2011-07-07 13:35:00,155,1,1837.92,1,2,4,7,124,Standard
16152,2011-03-16 09:47:00,268,1,1829.04,1,2,4,7,124,Standard
14935,2011-02-15 14:44:00,297,1,1784.71,1,2,4,7,124,Standard
12405,2011-07-14 08:52:00,148,1,1710.39,1,2,4,7,124,Standard
12764,2011-01-27 10:19:00,316,1,1693.88,1,2,4,7,124,Standard
15332,2010-12-08 14:43:00,366,4,1661.06,1,3,3,7,133,At Risk (High Value)
12967,2010-12-16 19:10:00,358,2,1660.9,1,3,3,7,133,At Risk (High Value)
12377,2011-01-28 15:45:00,315,2,1628.12,1,3,3,7,133,At Risk (High Value)
16801,2011-06-29 15:33:00,163,4,1619.73,1,3,3,7,133,At Risk (High Value)
13850,2011-08-02 14:04:00,129,1,1595.48,2,2,3,7,223,About to Sleep
14442,2011-05-19 11:36:00,204,2,1589.82,1,3,3,7,133,At Risk (High Value)
12607,2011-10-10 16:06:00,60,1,1579.51,2,2,3,7,223,About to Sleep
16889,2011-05-29 11:05:00,194,3,1578.67,1,3,3,7,133,At Risk (High Value)
13659,2011-05-18 12:37:00,205,2,1573.2,1,3,3,7,133,At Risk (High Value)
17204,2011-06-17 14:46:00,175,4,1564.56,1,3,3,7,133,At Risk (High Value)
16244,2011-05-12 10:18:00,211,2,1522.75,1,3,3,7,133,At Risk (High Value)
14267,2011-06-30 10:09:00,162,3,1516.24,1,3,3,7,133,At Risk (High Value)
15265,2011-07-11 14:46:00,151,2,1506.12,1,3,3,7,133,At Risk (High Value)
15057,2011-03-09 15:17:00,275,2,1489.5,1,3,3,7,133,At Risk (High Value)
17553,2011-08-02 10:00:00,129,1,1487.6,2,2,3,7,223,About to Sleep
14758,2011-07-18 08:21:00,144,4,1484.06,1,3,3,7,133,At Risk (High Value)
14740,2011-05-26 18:17:00,197,3,1448.21,1,3,3,7,133,At Risk (High Value)
14566,2011-08-21 11:05:00,110,1,1432.0,2,2,3,7,223,About to Sleep
13475,2011-06-01 13:52:00,191,4,1431.78,1,3,3,7,133,At Risk (High Value)
18202,2011-05-24 12:12:00,199,3,1396.99,1,3,3,7,133,At Risk (High Value)
14154,2011-04-14 16:26:00,239,2,1345.62,1,3,3,7,133,At Risk (High Value)
15146,2011-06-28 12:09:00,164,2,1327.16,1,3,3,7,133,At Risk (High Value)
17919,2011-09-12 13:41:00,88,1,1304.04,2,2,3,7,223,About to Sleep
15813,2011-05-16 08:13:00,207,2,1303.91,1,3,3,7,133,At Risk (High Value)
16101,2011-09-30 10:18:00,70,1,1290.7,2,2,3,7,223,About to Sleep
13878,2011-10-16 12:19:00,54,1,1281.53,2,2,3,7,223,About to Sleep
16692,2011-03-28 14:46:00,256,2,1276.0,1,3,3,7,133,At Risk (High Value)
14669,2011-04-12 11:43:00,241,3,1269.99,1,3,3,7,133,At Risk (High Value)
17037,2011-09-13 12:49:00,87,1,1267.32,2,2,3,7,223,About to Sleep
13476,2011-06-14 12:00:00,178,2,1238.47,1,3,3,7,133,At Risk (High Value)
12611,2011-10-18 13:12:00,52,1,1193.32,2,2,3,7,223,About to Sleep
16714,2011-05-05 11:09:00,218,3,1161.53,1,3,3,7,133,At Risk (High Value)
17505,2011-07-01 12:50:00,161,2,1145.84,1,3,3,7,133,At Risk (High Value)
16766,2011-03-11 15:22:00,273,2,1145.6,1,3,3,7,133,At Risk (High Value)
13819,2011-02-11 10:38:00,301,3,1140.35,1,3,3,7,133,At Risk (High Value)
16807,2011-07-20 12:00:00,142,3,1121.59,1,3,3,7,133,At Risk (High Value)
15716,2011-07-17 11:59:00,145,4,1118.81,1,3,3,7,133,At Risk (High Value)
14161,2011-05-08 11:41:00,215,3,1110.52,1,3,3,7,133,At Risk (High Value)
14817,2011-05-23 13:35:00,200,2,1110.34,1,3,3,7,133,At Risk (High Value)
12857,2011-05-13 10:20:00,210,2,1106.4,1,3,3,7,133,At Risk (High Value)
15978,2011-09-23 15:21:00,77,1,1098.78,2,2,3,7,223,About to Sleep
13853,2011-10-13 14:18:00,57,1,1090.14,2,2,3,7,223,About to Sleep
12534,2011-08-01 10:26:00,130,1,1089.18,2,2,3,7,223,About to Sleep
16980,2011-03-29 16:36:00,255,2,1078.96,1,3,3,7,133,At Risk (High Value)
14352,2011-07-05 15:41:00,157,4,1078.96,1,3,3,7,133,At Risk (High Value)
16563,2011-10-17 11:51:00,53,1,1077.74,2,2,3,7,223,About to Sleep
13635,2011-10-03 10:55:00,67,1,1071.03,2,2,3,7,223,About to Sleep
14212,2011-09-11 12:45:00,89,1,1070.48,2,2,3,7,223,About to Sleep
17277,2011-04-26 12:47:00,227,2,1065.35,1,3,3,7,133,At Risk (High Value)
14488,2011-10-03 09:30:00,67,1,1064.28,2,2,3,7,223,About to Sleep
12815,2011-07-15 10:21:00,147,2,1063.46,1,3,3,7,133,At Risk (High Value)
16214,2011-06-22 11:30:00,170,3,1062.75,1,3,3,7,133,At Risk (High Value)
14465,2011-04-07 12:38:00,246,3,1058.62,1,3,3,7,133,At Risk (High Value)
15777,2011-04-12 16:43:00,241,4,1047.11,1,3,3,7,133,At Risk (High Value)
16520,2011-06-06 13:24:00,186,3,1046.57,1,3,3,7,133,At Risk (High Value)
12497,2011-09-19 12:29:00,81,1,1043.1,2,2,3,7,223,About to Sleep
14584,2011-06-23 18:33:00,169,4,1042.26,1,3,3,7,133,At Risk (High Value)
16320,2011-06-20 15:25:00,172,2,1038.46,1,3,3,7,133,At Risk (High Value)
13639,2011-09-26 13:36:00,74,1,1033.34,2,2,3,7,223,About to Sleep
12717,2011-07-11 14:47:00,151,2,1030.98,1,3,3,7,133,At Risk (High Value)
13253,2011-07-06 10:09:00,156,2,1030.4,1,3,3,7,133,At Risk (High Value)
15104,2011-05-27 12:29:00,196,2,1027.44,1,3,3,7,133,At Risk (High Value)
18142,2011-07-05 13:19:00,157,2,1019.52,1,3,3,7,133,At Risk (High Value)
14195,2011-05-22 10:29:00,201,2,1012.0,1,3,3,7,133,At Risk (High Value)
17646,2011-05-04 13:17:00,219,3,1008.39,1,3,3,7,133,At Risk (High Value)
12446,2011-10-13 12:50:00,57,1,1002.31,2,2,3,7,223,About to Sleep
12510,2011-07-20 10:15:00,142,2,982.57,1,3,3,7,133,At Risk (High Value)
14920,2011-05-11 10:32:00,212,2,977.77,1,3,3,7,133,At Risk (High Value)
18194,2011-09-18 13:29:00,82,1,973.84,2,2,3,7,223,About to Sleep
14256,2011-03-24 13:17:00,260,2,969.06,1,3,3,7,133,At Risk (High Value)
12550,2011-09-21 14:35:00,79,1,964.83,2,2,3,7,223,About to Sleep
18192,2011-09-29 09:53:00,71,1,957.97,2,2,3,7,223,About to Sleep
17244,2011-10-17 15:19:00,53,1,954.9,2,2,3,7,223,About to Sleep
13261,2011-03-16 12:22:00,268,2,944.1,1,3,3,7,133,At Risk (High Value)
14081,2011-02-10 16:17:00,302,2,934.52,1,3,3,7,133,At Risk (High Value)
14532,2011-04-17 13:05:00,236,4,932.85,1,3,3,7,133,At Risk (High Value)
14231,2011-06-09 11:05:00,183,3,925.71,1,3,3,7,133,At Risk (High Value)
13805,2011-10-18 14:50:00,52,2,924.6,2,2,3,7,223,About to Sleep
13122,2011-09-06 15:53:00,94,2,922.39,2,2,3,7,223,About to Sleep
13035,2011-09-27 08:57:00,73,2,921.88,2,2,3,7,223,About to Sleep
13075,2011-08-02 10:19:00,129,1,919.61,2,2,3,7,223,About to Sleep
14015,2011-10-18 10:02:00,52,1,917.34,2,2,3,7,223,About to Sleep
12940,2011-10-16 12:09:00,54,2,913.54,2,2,3,7,223,About to Sleep
15364,2011-09-05 09:46:00,95,2,913.19,2,2,3,7,223,About to Sleep
13192,2011-09-05 14:13:00,95,2,911.94,2,2,3,7,223,About to Sleep
13689,2011-10-07 13:21:00,63,1,910.0,2,2,3,7,223,About to Sleep
15480,2011-08-15 14:32:00,116,1,905.5,2,2,3,7,223,About to Sleep
15079,2011-05-11 12:45:00,212,4,895.61,1,3,3,7,133,At Risk (High Value)
15211,2011-10-10 13:31:00,60,2,894.41,2,2,3,7,223,About to Sleep
15066,2011-10-17 13:25:00,53,1,893.59,2,2,3,7,223,About to Sleep
12772,2011-10-11 09:19:00,59,1,892.47,2,2,3,7,223,About to Sleep
15255,2011-10-04 12:43:00,66,1,890.85,2,2,3,7,223,About to Sleep
15653,2011-09-08 10:49:00,92,2,877.44,2,2,3,7,223,About to Sleep
15100,2011-01-10 10:35:00,333,3,876.0,1,3,3,7,133,At Risk (High Value)
13979,2011-09-27 13:32:00,73,1,869.87,2,2,3,7,223,About to Sleep
12694,2011-09-30 13:06:00,70,2,869.67,2,2,3,7,223,About to Sleep
17649,2011-07-24 15:53:00,138,1,868.49,2,2,3,7,223,About to Sleep
16121,2011-10-13 12:59:00,57,2,867.11,2,2,3,7,223,About to Sleep
12794,2011-10-17 14:54:00,53,2,860.41,2,2,3,7,223,About to Sleep
16037,2011-03-15 09:13:00,269,3,855.02,1,3,3,7,133,At Risk (High Value)
14193,2011-10-03 09:34:00,67,2,853.39,2,2,3,7,223,About to Sleep
12379,2011-09-19 10:09:00,81,2,852.24,2,2,3,7,223,About to Sleep
14803,2011-06-30 13:58:00,162,3,845.55,1,3,3,7,133,At Risk (High Value)
16108,2011-09-16 11:48:00,84,1,842.5,2,2,3,7,223,About to Sleep
17169,2011-10-13 10:25:00,57,2,835.78,2,2,3,7,223,About to Sleep
14644,2011-10-03 08:30:00,67,2,830.76,2,2,3,7,223,About to Sleep
12461,2011-09-06 16:57:00,94,2,826.88,2,2,3,7,223,About to Sleep
12781,2011-10-07 10:37:00,63,2,826.74,2,2,3,7,223,About to Sleep
16943,2011-05-12 11:57:00,211,3,816.73,1,3,3,7,133,At Risk (High Value)
13811,2011-06-09 09:54:00,183,3,814.5,1,3,3,7,133,At Risk (High Value)
18064,2011-07-29 16:39:00,133,2,814.0,2,2,3,7,223,About to Sleep
14421,2011-10-13 13:24:00,57,2,813.11,2,2,3,7,223,About to Sleep
15644,2011-06-26 14:54:00,166,4,813.0,1,3,3,7,133,At Risk (High Value)
17980,2011-06-27 12:01:00,165,3,811.45,1,3,3,7,133,At Risk (High Value)
16624,2011-09-20 12:39:00,80,2,810.57,2,2,3,7,223,About to Sleep
12434,2011-09-16 12:38:00,84,2,806.14,2,2,3,7,223,About to Sleep
18248,2011-08-09 10:19:00,122,2,804.02,2,2,3,7,223,About to Sleep
18265,2011-09-28 14:10:00,72,2,801.51,2,2,3,7,223,About to Sleep
12701,2011-09-21 10:47:00,79,2,797.71,2,2,3,7,223,About to Sleep
13336,2011-09-23 14:05:00,77,1,795.12,2,2,3,7,223,About to Sleep
14557,2011-09-15 15:48:00,85,1,788.38,2,2,3,7,223,About to Sleep
13109,2011-10-11 10:16:00,59,2,786.54,2,2,3,7,223,About to Sleep
17341,2011-07-06 12:33:00,156,3,781.36,1,3,3,7,133,At Risk (High Value)
18228,2011-10-14 09:21:00,56,2,779.9,2,2,3,7,223,About to Sleep
13375,2011-09-12 10:19:00,88,1,778.65,2,2,3,7,223,About to Sleep
13563,2011-09-16 14:45:00,84,2,777.53,2,2,3,7,223,About to Sleep
12425,2011-09-22 17:31:00,78,1,777.2,2,2,3,7,223,About to Sleep
15075,2011-09-23 12:27:00,77,1,773.03,2,2,3,7,223,About to Sleep
12965,2011-09-11 15:31:00,89,1,771.91,2,2,3,7,223,About to Sleep
16480,2011-09-25 11:40:00,75,1,769.29,2,2,3,7,223,About to Sleep
13356,2011-09-20 14:33:00,80,1,768.24,2,2,3,7,223,About to Sleep
17695,2011-07-31 10:40:00,131,2,765.34,2,2,3,7,223,About to Sleep
14885,2011-07-31 12:05:00,131,1,765.32,2,2,3,7,223,About to Sleep
16036,2011-09-13 14:53:00,87,2,758.92,2,2,3,7,223,About to Sleep
13730,2011-07-27 08:35:00,135,2,752.6,2,2,3,7,223,About to Sleep
15074,2011-08-26 14:45:00,105,1,748.87,2,2,3,7,223,About to Sleep
13354,2011-09-29 13:17:00,71,1,743.53,2,2,3,7,223,About to Sleep
13900,2011-06-09 19:26:00,183,3,740.95,1,3,3,7,133,At Risk (High Value)
16146,2011-07-05 14:20:00,157,3,734.13,1,3,3,7,133,At Risk (High Value)
14778,2011-08-04 15:23:00,127,2,730.86,2,2,3,7,223,About to Sleep
14055,2011-08-25 15:04:00,106,1,725.64,2,2,3,7,223,About to Sleep
16140,2011-10-05 12:15:00,65,2,725.18,2,2,3,7,223,About to Sleep
15636,2011-09-11 11:17:00,89,2,724.76,2,2,3,7,223,About to Sleep
12475,2011-10-17 10:10:00,53,1,723.38,2,2,3,7,223,About to Sleep
15272,2011-10-13 12:59:00,57,2,721.94,2,2,3,7,223,About to Sleep
18062,2011-06-19 14:47:00,173,3,720.52,1,3,3,7,133,At Risk (High Value)
12535,2011-09-09 08:48:00,91,2,716.35,2,2,3,7,223,About to Sleep
17029,2011-08-21 11:06:00,110,2,716.0,2,2,3,7,223,About to Sleep
15757,2011-10-05 12:14:00,65,2,714.42,2,2,3,7,223,About to Sleep
12616,2011-09-05 15:17:00,95,2,713.3,2,2,3,7,223,About to Sleep
13169,2011-10-07 12:11:00,63,2,712.88,2,2,3,7,223,About to Sleep
13587,2011-10-07 12:31:00,63,1,712.4,2,2,3,7,223,About to Sleep
17642,2011-08-12 09:11:00,119,2,712.29,2,2,3,7,223,About to Sleep
17179,2011-06-14 16:48:00,178,3,711.79,1,3,3,7,133,At Risk (High Value)
17472,2011-06-01 14:57:00,191,3,710.29,1,3,3,7,133,At Risk (High Value)
14867,2011-06-07 11:39:00,185,3,710.28,1,3,3,7,133,At Risk (High Value)
12453,2011-07-28 14:08:00,134,1,707.09,2,2,3,7,223,About to Sleep
16309,2011-08-25 15:35:00,106,2,706.57,2,2,3,7,223,About to Sleep
17934,2011-10-19 11:16:00,51,2,704.25,2,2,3,7,223,About to Sleep
12612,2011-09-26 15:35:00,74,1,704.04,2,2,3,7,223,About to Sleep
15574,2011-06-15 12:01:00,177,4,702.25,1,3,3,7,133,At Risk (High Value)
16997,2011-02-24 17:28:00,288,3,702.0,1,3,3,7,133,At Risk (High Value)
14356,2011-09-21 09:18:00,79,2,701.23,2,2,3,7,223,About to Sleep
15800,2011-08-24 14:23:00,107,2,699.08,2,2,3,7,223,About to Sleep
13023,2011-10-06 16:27:00,64,2,689.9,2,2,3,7,223,About to Sleep
18196,2011-09-05 16:22:00,95,2,689.13,2,2,3,7,223,About to Sleep
13799,2011-08-15 12:07:00,116,2,688.86,2,2,3,7,223,About to Sleep
13548,2011-09-04 14:50:00,96,2,682.41,2,2,3,7,223,About to Sleep
15322,2011-09-15 09:34:00,85,1,679.68,2,2,3,7,223,About to Sleep
13388,2011-07-31 12:52:00,131,2,677.1,2,2,3,7,223,About to Sleep
15626,2011-09-26 10:03:00,74,2,675.8,2,2,3,7,223,About to Sleep
17462,2011-10-10 13:56:00,60,2,675.69,2,2,3,7,223,About to Sleep
13325,2011-09-19 10:36:00,81,1,675.3,2,2,3,7,223,About to Sleep
13355,2011-08-09 14:48:00,122,1,674.7,2,2,3,7,223,About to Sleep
13464,2011-10-12 15:01:00,58,1,674.68,2,2,3,7,223,About to Sleep
12638,2011-11-06 13:11:00,33,1,671.69,3,2,2,7,322,Potential Loyalists
13741,2011-09-29 09:19:00,71,3,668.43,2,3,2,7,232,Need Attention
18022,2011-11-04 12:45:00,35,1,668.11,3,2,2,7,322,Potential Loyalists
16056,2011-10-25 15:19:00,45,1,664.85,3,2,2,7,322,Potential Loyalists
16208,2011-10-26 11:36:00,44,2,664.26,3,2,2,7,322,Potential Loyalists
13240,2011-09-04 14:08:00,96,4,663.65,2,3,2,7,232,Need Attention
16774,2011-10-03 12:41:00,67,4,661.52,2,3,2,7,232,Need Attention
13028,2011-11-17 11:10:00,22,2,661.32,3,2,2,7,322,Potential Loyalists
15492,2011-11-11 14:53:00,28,2,659.46,3,2,2,7,322,Potential Loyalists
13759,2011-11-06 14:47:00,33,2,659.41,3,2,2,7,322,Potential Loyalists
14150,2011-11-04 10:05:00,35,2,658.64,3,2,2,7,322,Potential Loyalists
16696,2011-07-27 14:23:00,135,4,657.9,2,3,2,7,232,Need Attention
14818,2011-09-27 11:01:00,73,3,657.8,2,3,2,7,232,Need Attention
17459,2011-10-27 13:25:00,43,2,657.3,3,2,2,7,322,Potential Loyalists
15677,2011-10-21 15:36:00,49,1,657.23,3,2,2,7,322,Potential Loyalists
16708,2011-10-25 12:20:00,45,1,656.63,3,2,2,7,322,Potential Loyalists
16127,2011-10-31 13:58:00,39,1,656.25,3,2,2,7,322,Potential Loyalists
17398,2011-08-17 09:48:00,114,3,653.38,2,3,2,7,232,Need Attention
16734,2011-10-18 13:44:00,52,3,650.51,2,3,2,7,232,Need Attention
12589,2011-11-11 10:19:00,28,2,646.68,3,2,2,7,322,Potential Loyalists
17312,2011-07-24 11:52:00,138,3,644.3,2,3,2,7,232,Need Attention
15919,2011-11-20 11:28:00,19,2,639.89,3,2,2,7,322,Potential Loyalists
14754,2011-10-26 12:01:00,44,2,638.05,3,2,2,7,322,Potential Loyalists
14664,2011-11-20 10:59:00,19,2,637.89,3,2,2,7,322,Potential Loyalists
17985,2011-11-17 14:24:00,22,1,634.95,3,2,2,7,322,Potential Loyalists
16306,2011-05-10 12:12:00,213,6,632.27,1,4,2,7,142,Need Attention
13539,2011-09-15 10:18:00,85,3,631.34,2,3,2,7,232,Need Attention
13046,2011-11-09 08:36:00,30,2,629.31,3,2,2,7,322,Potential Loyalists
14382,2011-11-13 16:18:00,26,1,626.07,3,2,2,7,322,Potential Loyalists
12649,2011-08-24 14:41:00,107,3,623.51,2,3,2,7,232,Need Attention
15768,2011-08-16 10:48:00,115,3,621.83,2,3,2,7,232,Need Attention
18217,2011-11-10 13:18:00,29,2,621.75,3,2,2,7,322,Potential Loyalists
14529,2011-10-10 15:27:00,60,3,620.04,2,3,2,7,232,Need Attention
13301,2011-08-28 11:25:00,103,4,618.09,2,3,2,7,232,Need Attention
16134,2011-11-18 10:05:00,21,2,618.09,3,2,2,7,322,Potential Loyalists
16311,2011-11-22 08:54:00,17,2,616.26,3,2,2,7,322,Potential Loyalists
15275,2011-11-02 11:20:00,37,1,615.14,3,2,2,7,322,Potential Loyalists
15645,2011-11-21 11:55:00,18,1,612.01,3,2,2,7,322,Potential Loyalists
14636,2011-11-03 16:12:00,36,2,609.85,3,2,2,7,322,Potential Loyalists
15573,2011-11-08 11:38:00,31,2,607.45,3,2,2,7,322,Potential Loyalists
14133,2011-08-02 11:34:00,129,3,605.64,2,3,2,7,232,Need Attention
17664,2011-11-21 11:29:00,18,2,604.64,3,2,2,7,322,Potential Loyalists
12944,2011-11-04 11:04:00,35,2,604.51,3,2,2,7,322,Potential Loyalists
16732,2011-11-08 09:54:00,31,1,603.75,3,2,2,7,322,Potential Loyalists
12556,2011-10-20 13:06:00,50,2,603.71,3,2,2,7,322,Potential Loyalists
14609,2011-09-28 12:54:00,72,4,601.56,2,3,2,7,232,Need Attention
16654,2011-07-21 15:23:00,141,4,601.27,2,3,2,7,232,Need Attention
15720,2011-11-15 14:48:00,24,1,598.73,3,2,2,7,322,Potential Loyalists
13959,2011-09-21 15:06:00,79,3,598.2,2,3,2,7,232,Need Attention
14108,2011-11-09 10:41:00,30,2,597.91,3,2,2,7,322,Potential Loyalists
18246,2011-11-16 11:49:00,23,2,596.1,3,2,2,7,322,Potential Loyalists
17658,2011-11-14 12:07:00,25,2,595.42,3,2,2,7,322,Potential Loyalists
14284,2011-11-09 08:11:00,30,2,595.25,3,2,2,7,322,Potential Loyalists
18232,2011-09-19 11:49:00,81,4,592.97,2,3,2,7,232,Need Attention
16203,2011-10-12 12:31:00,58,4,592.9,2,3,2,7,232,Need Attention
14692,2011-07-25 15:08:00,137,4,591.55,2,3,2,7,232,Need Attention
14882,2011-11-13 12:47:00,26,2,589.7,3,2,2,7,322,Potential Loyalists
18123,2011-11-15 14:23:00,24,2,589.44,3,2,2,7,322,Potential Loyalists
15624,2011-08-15 11:38:00,116,4,588.13,2,3,2,7,232,Need Attention
12384,2011-11-11 08:39:00,28,2,585.27,3,2,2,7,322,Potential Loyalists
13557,2011-11-11 15:24:00,28,2,584.06,3,2,2,7,322,Potential Loyalists
16906,2011-09-19 11:49:00,81,4,579.77,2,3,2,7,232,Need Attention
13292,2011-11-01 10:04:00,38,2,578.94,3,2,2,7,322,Potential Loyalists
17540,2011-11-15 11:56:00,24,2,578.9,3,2,2,7,322,Potential Loyalists
16916,2011-11-16 12:08:00,23,2,576.26,3,2,2,7,322,Potential Loyalists
15830,2011-11-02 10:40:00,37,1,576.0,3,2,2,7,322,Potential Loyalists
16345,2011-10-26 16:03:00,44,1,575.41,3,2,2,7,322,Potential Loyalists
13487,2011-10-13 12:07:00,57,3,575.4,2,3,2,7,232,Need Attention
13405,2011-09-26 17:01:00,74,3,572.45,2,3,2,7,232,Need Attention
13816,2011-11-16 08:38:00,23,2,571.67,3,2,2,7,322,Potential Loyalists
15821,2011-10-26 15:48:00,44,2,570.96,3,2,2,7,322,Potential Loyalists
13946,2011-09-21 13:33:00,79,3,561.57,2,3,2,7,232,Need Attention
14273,2011-10-19 13:20:00,51,4,559.97,2,3,2,7,232,Need Attention
14177,2011-09-14 15:11:00,86,4,559.41,2,3,2,7,232,Need Attention
16385,2011-10-10 13:12:00,60,3,555.89,2,3,2,7,232,Need Attention
15068,2011-10-24 14:47:00,46,2,553.36,3,2,2,7,322,Potential Loyalists
17235,2011-11-14 15:51:00,25,2,550.06,3,2,2,7,322,Potential Loyalists
14474,2011-10-24 13:26:00,46,1,547.66,3,2,2,7,322,Potential Loyalists
17637,2011-11-08 12:51:00,31,2,547.06,3,2,2,7,322,Potential Loyalists
16475,2011-09-12 14:37:00,88,4,544.3,2,3,2,7,232,Need Attention
16927,2011-08-16 11:10:00,115,3,543.05,2,3,2,7,232,Need Attention
13278,2011-10-30 11:49:00,40,1,542.73,3,2,2,7,322,Potential Loyalists
17447,2011-10-30 14:18:00,40,2,541.53,3,2,2,7,322,Potential Loyalists
15469,2011-10-20 16:21:00,50,2,538.55,3,2,2,7,322,Potential Loyalists
16206,2011-10-16 10:41:00,54,4,537.06,2,3,2,7,232,Need Attention
15043,2011-11-08 14:26:00,31,1,537.0,3,2,2,7,322,Potential Loyalists
16233,2011-09-29 17:27:00,71,3,536.68,2,3,2,7,232,Need Attention
13000,2011-08-25 10:43:00,106,3,534.85,2,3,2,7,232,Need Attention
13217,2011-08-09 15:32:00,122,3,533.98,2,3,2,7,232,Need Attention
15756,2011-10-09 13:30:00,61,4,532.96,2,3,2,7,232,Need Attention
14463,2011-09-02 15:20:00,98,3,529.62,2,3,2,7,232,Need Attention
16602,2011-11-03 15:54:00,36,1,528.08,3,2,2,7,322,Potential Loyalists
17623,2011-11-07 11:32:00,32,1,527.05,3,2,2,7,322,Potential Loyalists
18252,2011-10-20 12:43:00,50,2,526.67,3,2,2,7,322,Potential Loyalists
17429,2011-08-03 13:22:00,128,3,524.92,2,3,2,7,232,Need Attention
13721,2011-11-03 14:05:00,36,1,524.14,3,2,2,7,322,Potential Loyalists
18017,2011-09-19 16:15:00,81,3,523.0,2,3,2,7,232,Need Attention
17712,2011-10-26 12:28:00,44,1,522.91,3,2,2,7,322,Potential Loyalists
12571,2011-10-31 10:19:00,39,2,519.61,3,2,2,7,322,Potential Loyalists
18205,2011-11-03 13:22:00,36,2,517.36,3,2,2,7,322,Potential Loyalists
14851,2011-11-16 14:20:00,23,2,511.35,3,2,2,7,322,Potential Loyalists
15406,2011-11-08 13:22:00,31,2,510.71,3,2,2,7,322,Potential Loyalists
12904,2011-11-21 14:34:00,18,2,509.58,3,2,2,7,322,Potential Loyalists
14158,2011-10-30 15:08:00,40,1,507.66,3,2,2,7,322,Potential Loyalists
12991,2011-11-16 15:34:00,23,2,503.76,3,2,2,7,322,Potential Loyalists
16863,2011-11-08 15:26:00,31,2,502.8,3,2,2,7,322,Potential Loyalists
13865,2011-10-12 13:31:00,58,4,501.56,2,3,2,7,232,Need Attention
14681,2011-09-29 15:52:00,71,3,498.95,2,3,2,7,232,Need Attention
15142,2011-10-24 12:51:00,46,1,498.74,3,2,2,7,322,Potential Loyalists
16352,2011-11-22 10:32:00,17,2,494.44,3,2,2,7,322,Potential Loyalists
13176,2011-10-24 15:43:00,46,1,492.84,3,2,2,7,322,Potential Loyalists
13732,2011-11-11 15:49:00,28,1,491.86,3,2,2,7,322,Potential Loyalists
15000,2011-10-23 11:42:00,47,1,490.52,3,2,2,7,322,Potential Loyalists
14416,2011-11-17 15:22:00,22,2,490.22,3,2,2,7,322,Potential Loyalists
17453,2011-11-22 09:42:00,17,2,486.72,3,2,2,7,322,Potential Loyalists
15287,2011-11-17 15:34:00,22,2,486.69,3,2,2,7,322,Potential Loyalists
16999,2011-11-16 13:53:00,23,2,484.82,3,2,2,7,322,Potential Loyalists
16504,2011-11-14 15:18:00,25,1,484.38,3,2,2,7,322,Potential Loyalists
17555,2011-11-20 12:22:00,19,2,483.26,3,2,2,7,322,Potential Loyalists
17950,2011-09-28 15:18:00,72,3,482.2,2,3,2,7,232,Need Attention
12504,2011-11-21 16:02:00,18,2,482.05,3,2,2,7,322,Potential Loyalists
18216,2011-11-08 16:55:00,31,1,481.75,3,2,2,7,322,Potential Loyalists
13092,2011-09-30 11:18:00,70,5,477.83,2,3,2,7,232,Need Attention
14853,2011-11-15 16:56:00,24,2,475.8,3,2,2,7,322,Potential Loyalists
15557,2011-11-11 12:46:00,28,1,473.65,3,2,2,7,322,Potential Loyalists
14013,2011-08-21 15:01:00,110,3,473.02,2,3,2,7,232,Need Attention
17964,2011-11-08 10:44:00,31,2,471.7,3,2,2,7,322,Potential Loyalists
13066,2011-11-15 12:57:00,24,2,470.8,3,2,2,7,322,Potential Loyalists
15963,2011-11-20 11:33:00,19,2,470.76,3,2,2,7,322,Potential Loyalists
15026,2011-09-20 13:52:00,80,3,469.0,2,3,2,7,232,Need Attention
15036,2011-09-28 15:42:00,72,3,465.55,2,3,2,7,232,Need Attention
16742,2011-10-24 12:02:00,46,1,464.9,3,2,2,7,322,Potential Loyalists
14967,2011-10-21 11:06:00,49,1,463.8,3,2,2,7,322,Potential Loyalists
17418,2011-10-28 13:00:00,42,2,463.46,3,2,2,7,322,Potential Loyalists
12391,2011-11-18 12:07:00,21,1,460.89,3,2,2,7,322,Potential Loyalists
12491,2011-11-01 12:18:00,38,1,460.4,3,2,2,7,322,Potential Loyalists
16589,2011-09-29 14:50:00,71,3,459.24,2,3,2,7,232,Need Attention
15754,2011-10-19 14:40:00,51,3,458.57,2,3,2,7,232,Need Attention
15121,2011-10-20 14:51:00,50,2,457.72,3,2,2,7,322,Potential Loyalists
14513,2011-08-31 11:25:00,100,3,455.59,2,3,2,7,232,Need Attention
13489,2011-08-26 13:16:00,105,4,449.52,2,3,2,7,232,Need Attention
12448,2011-10-26 13:46:00,44,1,449.45,3,2,2,7,322,Potential Loyalists
15368,2011-11-18 14:42:00,21,1,446.94,3,2,2,7,322,Potential Loyalists
17370,2011-09-28 10:14:00,72,4,446.18,2,3,2,7,232,Need Attention
18006,2011-11-16 16:52:00,23,1,444.68,3,2,2,7,322,Potential Loyalists
14638,2011-10-20 10:10:00,50,1,443.6,3,2,2,7,322,Potential Loyalists
15524,2011-11-15 12:09:00,24,1,440.0,3,2,2,7,322,Potential Loyalists
16025,2011-11-10 11:45:00,29,1,439.66,3,2,2,7,322,Potential Loyalists
12552,2011-11-01 10:02:00,38,2,437.82,3,2,2,7,322,Potential Loyalists
15551,2011-11-03 12:37:00,36,1,436.06,3,2,2,7,322,Potential Loyalists
16948,2011-07-24 12:46:00,138,3,435.02,2,3,2,7,232,Need Attention
14460,2011-08-21 14:19:00,110,3,434.34,2,3,2,7,232,Need Attention
14157,2011-11-20 11:32:00,19,2,432.88,3,2,2,7,322,Potential Loyalists
13245,2011-10-20 11:40:00,50,1,430.5,3,2,2,7,322,Potential Loyalists
12795,2011-11-21 10:27:00,18,1,430.48,3,2,2,7,322,Potential Loyalists
16884,2011-11-02 11:52:00,37,2,429.84,3,2,2,7,322,Potential Loyalists
15450,2011-11-09 17:11:00,30,1,429.84,3,2,2,7,322,Potential Loyalists
15957,2011-11-08 12:14:00,31,1,428.89,3,2,2,7,322,Potential Loyalists
16324,2011-08-03 12:58:00,128,3,428.68,2,3,2,7,232,Need Attention
17869,2011-08-24 16:16:00,107,5,428.18,2,3,2,7,232,Need Attention
15360,2011-10-31 09:35:00,39,1,427.93,3,2,2,7,322,Potential Loyalists
12403,2011-10-21 10:51:00,49,1,427.7,3,2,2,7,322,Potential Loyalists
13140,2011-08-23 15:33:00,108,3,423.72,2,3,2,7,232,Need Attention
18034,2011-11-18 12:22:00,21,2,422.88,3,2,2,7,322,Potential Loyalists
18240,2011-10-24 13:06:00,46,1,422.58,3,2,2,7,322,Potential Loyalists
15967,2011-11-16 15:41:00,23,2,418.83,3,2,2,7,322,Potential Loyalists
12593,2011-08-23 12:43:00,108,3,418.1,2,3,2,7,232,Need Attention
16816,2011-08-28 14:16:00,103,4,417.06,2,3,2,7,232,Need Attention
14139,2011-10-24 13:34:00,46,1,415.82,3,2,2,7,322,Potential Loyalists
17483,2011-10-05 13:10:00,65,3,414.04,2,3,2,7,232,Need Attention
17052,2011-11-11 14:50:00,28,1,413.75,3,2,2,7,322,Potential Loyalists
13974,2011-10-21 14:41:00,49,1,413.59,3,2,2,7,322,Potential Loyalists
13827,2011-10-13 12:38:00,57,3,412.05,2,3,2,7,232,Need Attention
16243,2011-11-06 12:32:00,33,2,409.1,3,2,2,7,322,Potential Loyalists
16018,2011-10-31 14:13:00,39,2,408.9,3,2,2,7,322,Potential Loyalists
15269,2011-11-16 09:32:00,23,1,408.8,3,2,2,7,322,Potential Loyalists
16399,2011-11-20 16:12:00,19,2,408.57,3,2,2,7,322,Potential Loyalists
15184,2011-11-10 13:41:00,29,2,406.76,3,2,2,7,322,Potential Loyalists
16204,2011-11-16 13:40:00,23,1,405.71,3,2,2,7,322,Potential Loyalists
15938,2011-08-19 12:56:00,112,5,404.58,2,3,2,7,232,Need Attention
15158,2011-10-25 13:53:00,45,1,401.4,3,2,2,7,322,Potential Loyalists
18164,2011-11-02 12:56:00,37,1,399.65,3,2,2,7,322,Potential Loyalists
15522,2011-11-07 11:26:00,32,2,398.84,3,2,2,7,322,Potential Loyalists
12508,2011-11-13 15:37:00,26,2,398.27,3,2,2,7,322,Potential Loyalists
15429,2011-11-13 12:28:00,26,2,397.35,3,2,2,7,322,Potential Loyalists
13673,2011-11-21 12:11:00,18,2,396.92,3,2,2,7,322,Potential Loyalists
18067,2011-10-30 15:58:00,40,1,396.33,3,2,2,7,322,Potential Loyalists
16207,2011-11-14 13:51:00,25,1,394.38,3,2,2,7,322,Potential Loyalists
15345,2011-10-25 11:28:00,45,1,393.54,3,2,2,7,322,Potential Loyalists
14752,2011-10-27 11:55:00,43,1,389.64,3,2,2,7,322,Potential Loyalists
13873,2011-08-12 10:08:00,119,3,389.6,2,3,2,7,232,Need Attention
15847,2011-11-01 14:41:00,38,2,389.27,3,2,2,7,322,Potential Loyalists
15592,2011-10-24 08:59:00,46,1,388.58,3,2,2,7,322,Potential Loyalists
17357,2011-11-15 16:30:00,24,2,388.14,3,2,2,7,322,Potential Loyalists
15048,2011-10-05 14:55:00,65,4,384.05,2,3,2,7,232,Need Attention
15440,2011-10-16 12:16:00,54,3,383.68,2,3,2,7,232,Need Attention
12832,2011-11-07 13:30:00,32,2,383.03,3,2,2,7,322,Potential Loyalists
13817,2011-11-10 17:49:00,29,2,382.98,3,2,2,7,322,Potential Loyalists
17999,2011-11-02 15:56:00,37,2,382.06,3,2,2,7,322,Potential Loyalists
15885,2011-09-08 10:43:00,92,3,379.35,2,3,2,7,232,Need Attention
17078,2011-11-03 19:17:00,36,2,378.2,3,2,2,7,322,Potential Loyalists
13569,2011-11-22 13:07:00,17,2,373.75,3,2,2,7,322,Potential Loyalists
16321,2011-09-28 14:55:00,72,5,373.65,2,3,2,7,232,Need Attention
12895,2011-10-28 13:51:00,42,2,372.8,3,2,2,7,322,Potential Loyalists
12981,2011-11-10 12:00:00,29,2,372.22,3,2,2,7,322,Potential Loyalists
14690,2011-10-26 15:39:00,44,2,371.7,3,2,2,7,322,Potential Loyalists
18155,2011-09-25 13:32:00,75,3,371.62,2,3,2,7,232,Need Attention
16372,2011-11-06 13:08:00,33,2,367.93,3,2,2,7,322,Potential Loyalists
17911,2011-11-30 14:52:00,9,1,366.23,4,1,2,7,412,New Customers
17432,2011-11-21 17:33:00,18,2,365.76,3,2,2,7,322,Potential Loyalists
17330,2011-11-17 08:56:00,22,2,363.9,3,2,2,7,322,Potential Loyalists
14427,2011-10-20 14:23:00,50,2,363.34,3,2,2,7,322,Potential Loyalists
13844,2011-11-28 13:21:00,11,1,361.62,4,1,2,7,412,New Customers
13298,2011-12-08 13:11:00,1,1,360.0,4,1,2,7,412,New Customers
17025,2011-10-10 09:06:00,60,3,357.77,2,3,2,7,232,Need Attention
18040,2011-11-20 14:20:00,19,2,357.2,3,2,2,7,322,Potential Loyalists
14500,2011-09-12 16:45:00,88,3,356.85,2,3,2,7,232,Need Attention
14804,2011-12-01 11:20:00,8,1,353.27,4,1,2,7,412,New Customers
13332,2011-11-25 13:30:00,14,1,350.9,4,1,2,7,412,New Customers
13790,2011-12-05 15:48:00,4,1,348.8,4,1,2,7,412,New Customers
12527,2011-09-19 11:55:00,81,3,348.71,2,3,2,7,232,Need Attention
14379,2011-10-26 16:43:00,44,2,348.1,3,2,2,7,322,Potential Loyalists
15520,2011-12-08 10:58:00,1,1,343.5,4,1,2,7,412,New Customers
17045,2011-08-18 17:09:00,113,3,339.44,2,3,2,7,232,Need Attention
17914,2011-12-06 11:58:00,3,1,336.43,4,1,2,7,412,New Customers
17384,2011-11-20 15:48:00,19,2,336.4,3,2,2,7,322,Potential Loyalists
15619,2011-11-29 08:14:00,10,1,336.4,4,1,2,7,412,New Customers
14954,2011-11-27 14:30:00,12,1,336.17,4,1,2,7,412,New Customers
13727,2011-11-11 09:46:00,28,2,333.48,3,2,2,7,322,Potential Loyalists
13904,2011-11-02 13:41:00,37,2,332.64,3,2,2,7,322,Potential Loyalists
14517,2011-11-06 14:20:00,33,2,330.45,3,2,2,7,322,Potential Loyalists
12953,2011-11-30 09:24:00,9,1,329.85,4,1,2,7,412,New Customers
14716,2011-10-27 17:29:00,43,2,329.68,3,2,2,7,322,Potential Loyalists
17615,2011-08-01 14:06:00,130,3,329.6,2,3,2,7,232,Need Attention
16855,2011-11-16 12:03:00,23,2,328.4,3,2,2,7,322,Potential Loyalists
12844,2011-11-10 13:31:00,29,2,325.96,3,2,2,7,322,Potential Loyalists
18261,2011-10-27 15:36:00,43,2,324.24,3,2,2,7,322,Potential Loyalists
15675,2011-09-19 13:48:00,81,3,323.69,2,3,2,7,232,Need Attention
16342,2011-09-25 14:36:00,75,4,322.41,2,3,2,7,232,Need Attention
15107,2011-02-01 14:46:00,311,6,319.5,1,4,2,7,142,Need Attention
14703,2011-11-25 09:23:00,14,1,318.17,4,1,2,7,412,New Customers
16386,2011-11-11 12:28:00,28,2,317.2,3,2,2,7,322,Potential Loyalists
17458,2011-11-24 13:01:00,15,1,316.5,4,1,2,7,412,New Customers
12650,2011-12-06 16:34:00,3,1,314.44,4,1,2,7,412,New Customers
15318,2011-12-06 11:30:00,3,1,312.62,4,1,2,7,412,New Customers
18059,2011-11-16 16:49:00,23,3,306.46,3,3,1,7,331,Active Buyers
13083,2011-12-05 15:01:00,4,2,303.75,4,2,1,7,421,Standard
15054,2011-11-27 15:02:00,12,2,302.1,4,2,1,7,421,Standard
16479,2011-11-29 13:40:00,10,2,300.83,4,2,1,7,421,Standard
13606,2011-11-10 17:46:00,29,3,280.54,3,3,1,7,331,Active Buyers
16149,2011-12-05 11:29:00,4,2,280.52,4,2,1,7,421,Standard
16313,2011-12-06 13:02:00,3,2,274.15,4,2,1,7,421,Standard
17254,2011-12-05 12:46:00,4,2,272.44,4,2,1,7,421,Standard
13058,2011-11-15 12:43:00,24,3,271.4,3,3,1,7,331,Active Buyers
14520,2011-12-08 09:46:00,1,2,270.6,4,2,1,7,421,Standard
12962,2011-12-02 15:55:00,7,2,266.39,4,2,1,7,421,Standard
14452,2011-11-29 12:06:00,10,2,264.44,4,2,1,7,421,Standard
14765,2011-11-10 19:53:00,29,3,254.11,3,3,1,7,331,Active Buyers
13404,2011-12-08 15:37:00,1,2,252.49,4,2,1,7,421,Standard
13207,2011-11-24 14:52:00,15,2,250.26,4,2,1,7,421,Standard
16596,2011-11-24 10:02:00,15,2,250.15,4,2,1,7,421,Standard
18005,2011-12-06 11:51:00,3,2,249.72,4,2,1,7,421,Standard
13592,2011-11-04 09:49:00,35,4,247.96,3,3,1,7,331,Active Buyers
14658,2011-12-04 15:35:00,5,2,247.15,4,2,1,7,421,Standard
15690,2011-12-05 15:59:00,4,2,239.76,4,2,1,7,421,Standard
15393,2011-11-23 16:48:00,16,2,231.86,4,2,1,7,421,Standard
18030,2011-12-05 16:37:00,4,2,230.65,4,2,1,7,421,Standard
18101,2011-11-28 13:37:00,11,2,223.65,4,2,1,7,421,Standard
14960,2011-12-01 12:54:00,8,2,221.27,4,2,1,7,421,Standard
17436,2011-12-08 12:30:00,1,2,216.3,4,2,1,7,421,Standard
16189,2011-11-24 11:47:00,15,2,215.48,4,2,1,7,421,Standard
13978,2011-11-25 11:36:00,14,2,196.79,4,2,1,7,421,Standard
17772,2011-11-29 11:05:00,10,2,182.77,4,2,1,7,421,Standard
16620,2011-12-06 12:19:00,3,2,178.96,4,2,1,7,421,Standard
18282,2011-12-02 11:43:00,7,2,178.05,4,2,1,7,421,Standard
17737,2011-11-30 15:16:00,9,2,168.24,4,2,1,7,421,Standard
14354,2011-12-04 11:32:00,5,2,163.62,4,2,1,7,421,Standard
16852,2011-11-29 13:22:00,10,2,144.91,4,2,1,7,421,Standard
17468,2011-11-29 15:33:00,10,2,137.0,4,2,1,7,421,Standard
17852,2011-11-28 12:36:00,11,2,114.34,4,2,1,7,421,Standard
17024,2011-10-25 13:47:00,45,3,95.85,3,3,1,7,331,Active Buyers
14785,2011-11-29 13:21:00,10,2,77.4,4,2,1,7,421,Standard
15516,2011-10-26 10:51:00,44,3,62.43,3,3,1,7,331,Active Buyers
14865,2011-12-02 16:25:00,7,2,52.2,4,2,1,7,421,Standard
17816,2011-11-03 11:34:00,36,4,36.56,3,3,1,7,331,Active Buyers
12818,2011-03-23 12:06:00,261,1,1542.08,1,2,3,6,123,Standard
13572,2011-05-18 11:59:00,205,1,1384.25,1,2,3,6,123,Standard
12770,2011-05-13 09:33:00,210,1,1351.45,1,2,3,6,123,Standard
13501,2011-02-24 18:59:00,288,1,1340.32,1,2,3,6,123,Standard
13328,2011-01-27 15:22:00,316,1,1308.48,1,2,3,6,123,Standard
15171,2011-01-12 15:36:00,331,1,1289.5,1,2,3,6,123,Standard
14105,2011-04-14 17:58:00,239,1,1266.23,1,2,3,6,123,Standard
13151,2011-02-17 12:29:00,295,1,1257.87,1,2,3,6,123,Standard
15004,2011-07-15 14:05:00,147,1,1246.32,1,2,3,6,123,Standard
12769,2011-04-15 10:25:00,238,1,1143.6,1,2,3,6,123,Standard
16270,2010-12-21 14:26:00,353,1,1141.24,1,2,3,6,123,Standard
15069,2011-06-13 14:16:00,179,1,1109.53,1,2,3,6,123,Standard
12354,2011-04-21 13:11:00,232,1,1079.4,1,2,3,6,123,Standard
14411,2011-02-02 10:56:00,310,1,1063.0,1,2,3,6,123,Standard
15464,2011-01-05 15:56:00,338,1,1048.85,1,2,3,6,123,Standard
13235,2011-05-11 17:13:00,212,1,1031.07,1,2,3,6,123,Standard
15333,2011-05-15 13:27:00,208,1,1028.56,1,2,3,6,123,Standard
12514,2011-03-17 16:38:00,267,1,1017.68,1,2,3,6,123,Standard
18133,2011-05-11 14:14:00,212,1,931.5,1,2,3,6,123,Standard
13934,2011-03-21 08:39:00,263,1,922.1,1,2,3,6,123,Standard
12652,2011-01-12 15:00:00,331,1,919.98,1,2,3,6,123,Standard
16216,2011-03-17 15:34:00,267,1,914.93,1,2,3,6,123,Standard
16716,2011-03-18 10:03:00,266,2,901.2,1,2,3,6,123,Standard
14625,2011-05-27 15:32:00,196,2,899.63,1,2,3,6,123,Standard
17829,2011-02-14 12:46:00,298,1,889.24,1,2,3,6,123,Standard
17704,2011-06-24 09:40:00,168,2,885.19,1,2,3,6,123,Standard
15076,2011-06-20 08:23:00,172,1,880.85,1,2,3,6,123,Standard
14770,2011-04-21 14:21:00,232,2,876.42,1,2,3,6,123,Standard
13294,2011-06-03 08:54:00,189,2,873.74,1,2,3,6,123,Standard
16567,2011-05-29 13:57:00,194,2,865.6,1,2,3,6,123,Standard
13339,2011-05-23 08:31:00,200,1,860.12,1,2,3,6,123,Standard
16163,2011-04-21 15:15:00,232,2,856.6,1,2,3,6,123,Standard
12878,2011-04-17 13:07:00,236,2,854.99,1,2,3,6,123,Standard
13221,2011-04-13 16:58:00,240,2,847.41,1,2,3,6,123,Standard
16222,2011-01-25 13:38:00,318,1,846.72,1,2,3,6,123,Standard
13929,2011-06-23 15:26:00,169,2,842.65,1,2,3,6,123,Standard
15832,2011-03-30 15:29:00,254,1,836.79,1,2,3,6,123,Standard
16644,2011-06-15 12:39:00,177,2,833.78,1,2,3,6,123,Standard
16494,2011-02-16 12:49:00,296,1,826.53,1,2,3,6,123,Standard
13893,2011-02-15 11:30:00,297,1,821.1,1,2,3,6,123,Standard
15649,2011-01-07 13:34:00,336,2,816.0,1,2,3,6,123,Standard
16276,2011-06-16 09:34:00,176,1,810.6,1,2,3,6,123,Standard
13707,2011-03-17 18:03:00,267,2,806.41,1,2,3,6,123,Standard
16546,2011-02-22 11:20:00,290,2,787.15,1,2,3,6,123,Standard
16054,2011-07-17 13:08:00,145,1,783.9,1,2,3,6,123,Standard
13583,2011-07-07 10:40:00,155,1,781.03,1,2,3,6,123,Standard
12735,2011-01-28 13:37:00,315,2,779.57,1,2,3,6,123,Standard
15353,2011-03-30 12:15:00,254,2,777.02,1,2,3,6,123,Standard
13341,2011-03-24 09:50:00,260,1,775.85,1,2,3,6,123,Standard
17409,2011-06-08 10:36:00,184,2,771.85,1,2,3,6,123,Standard
14672,2011-04-19 10:19:00,234,2,765.55,1,2,3,6,123,Standard
15223,2011-04-28 11:31:00,225,2,755.75,1,2,3,6,123,Standard
13370,2010-12-03 10:26:00,371,1,754.87,1,2,3,6,123,Standard
16256,2011-03-18 12:18:00,266,1,752.43,1,2,3,6,123,Standard
12908,2011-06-16 15:39:00,176,2,750.0,1,2,3,6,123,Standard
16859,2011-07-18 12:19:00,144,2,747.81,1,2,3,6,123,Standard
13753,2011-02-25 12:48:00,287,1,741.26,1,2,3,6,123,Standard
12976,2011-05-12 09:55:00,211,1,738.6,1,2,3,6,123,Standard
15045,2011-07-11 11:33:00,151,2,735.66,1,2,3,6,123,Standard
12468,2011-06-05 11:36:00,187,2,729.54,1,2,3,6,123,Standard
16449,2011-05-26 10:25:00,197,2,707.69,1,2,3,6,123,Standard
15700,2011-06-20 16:53:00,172,2,696.68,1,2,3,6,123,Standard
14009,2011-05-25 15:47:00,198,2,695.61,1,2,3,6,123,Standard
14643,2011-06-22 14:41:00,170,2,693.81,1,2,3,6,123,Standard
12410,2011-02-04 10:39:00,308,2,693.33,1,2,3,6,123,Standard
18085,2011-01-13 15:17:00,330,2,689.95,1,2,3,6,123,Standard
14222,2011-06-15 16:42:00,177,1,683.17,1,2,3,6,123,Standard
16377,2011-03-17 15:41:00,267,1,676.2,1,2,3,6,123,Standard
13951,2011-06-16 16:43:00,176,3,674.45,1,3,2,6,132,Need Attention
14628,2011-09-09 14:58:00,91,2,671.96,2,2,2,6,222,About to Sleep
12418,2011-08-19 11:08:00,112,1,668.58,2,2,2,6,222,About to Sleep
16383,2011-09-26 12:45:00,74,2,668.36,2,2,2,6,222,About to Sleep
16268,2011-09-29 18:30:00,71,2,667.65,2,2,2,6,222,About to Sleep
13963,2011-02-04 14:43:00,308,4,664.54,1,3,2,6,132,Need Attention
15643,2011-06-01 07:38:00,191,3,664.0,1,3,2,6,132,Need Attention
16573,2011-09-16 09:13:00,84,2,663.61,2,2,2,6,222,About to Sleep
14451,2011-10-10 13:38:00,60,2,662.59,2,2,2,6,222,About to Sleep
13518,2011-09-15 10:29:00,85,1,659.44,2,2,2,6,222,About to Sleep
13049,2011-10-06 15:31:00,64,2,656.68,2,2,2,6,222,About to Sleep
14894,2011-09-15 13:51:00,85,1,655.75,2,2,2,6,222,About to Sleep
14651,2011-10-03 15:52:00,67,2,654.6,2,2,2,6,222,About to Sleep
18151,2011-07-28 11:35:00,134,2,653.35,2,2,2,6,222,About to Sleep
15205,2011-09-15 19:36:00,85,2,653.24,2,2,2,6,222,About to Sleep
14855,2011-08-12 14:02:00,119,2,645.65,2,2,2,6,222,About to Sleep
16431,2011-05-10 14:09:00,213,3,642.81,1,3,2,6,132,Need Attention
13034,2011-10-16 12:21:00,54,2,642.77,2,2,2,6,222,About to Sleep
12624,2011-08-25 15:04:00,106,2,641.13,2,2,2,6,222,About to Sleep
12631,2011-10-13 13:53:00,57,1,640.5,2,2,2,6,222,About to Sleep
14301,2011-08-14 15:33:00,117,1,640.14,2,2,2,6,222,About to Sleep
18160,2011-10-13 15:50:00,57,2,638.06,2,2,2,6,222,About to Sleep
14128,2011-10-10 12:00:00,60,2,637.5,2,2,2,6,222,About to Sleep
15829,2011-09-01 16:45:00,99,2,636.14,2,2,2,6,222,About to Sleep
14021,2011-07-07 15:46:00,155,3,631.9,1,3,2,6,132,Need Attention
15244,2011-10-05 13:19:00,65,2,631.57,2,2,2,6,222,About to Sleep
17990,2011-04-17 11:44:00,236,3,630.84,1,3,2,6,132,Need Attention
14687,2011-08-25 11:59:00,106,1,628.38,2,2,2,6,222,About to Sleep
17640,2011-09-14 09:13:00,86,1,621.66,2,2,2,6,222,About to Sleep
14152,2011-09-25 12:54:00,75,2,621.29,2,2,2,6,222,About to Sleep
13402,2011-08-04 15:51:00,127,2,621.23,2,2,2,6,222,About to Sleep
16141,2011-09-12 13:11:00,88,1,620.4,2,2,2,6,222,About to Sleep
12667,2011-10-12 17:00:00,58,1,620.13,2,2,2,6,222,About to Sleep
16613,2011-09-30 15:52:00,70,1,618.59,2,2,2,6,222,About to Sleep
12596,2011-10-19 13:02:00,51,2,618.27,2,2,2,6,222,About to Sleep
12513,2011-08-19 10:51:00,112,1,612.29,2,2,2,6,222,About to Sleep
15232,2011-08-18 16:27:00,113,2,612.06,2,2,2,6,222,About to Sleep
13933,2011-08-22 14:03:00,109,2,608.79,2,2,2,6,222,About to Sleep
17849,2011-05-05 13:46:00,218,4,605.8,1,3,2,6,132,Need Attention
13888,2011-08-12 10:13:00,119,2,605.63,2,2,2,6,222,About to Sleep
13233,2011-09-26 13:25:00,74,2,605.12,2,2,2,6,222,About to Sleep
14323,2011-08-17 11:37:00,114,2,605.06,2,2,2,6,222,About to Sleep
15366,2011-09-25 15:01:00,75,2,602.51,2,2,2,6,222,About to Sleep
12420,2011-10-07 08:55:00,63,1,600.39,2,2,2,6,222,About to Sleep
14965,2011-09-04 13:20:00,96,2,599.0,2,2,2,6,222,About to Sleep
16788,2011-08-08 14:53:00,123,2,597.48,2,2,2,6,222,About to Sleep
12917,2011-08-03 16:42:00,128,1,594.0,2,2,2,6,222,About to Sleep
13276,2011-10-07 12:44:00,63,2,590.93,2,2,2,6,222,About to Sleep
16723,2011-09-09 13:01:00,91,2,589.15,2,2,2,6,222,About to Sleep
16384,2011-09-11 11:19:00,89,2,584.5,2,2,2,6,222,About to Sleep
15762,2011-10-05 16:15:00,65,2,583.75,2,2,2,6,222,About to Sleep
12601,2011-06-03 10:17:00,189,5,577.06,1,3,2,6,132,Need Attention
14176,2011-02-15 13:12:00,297,4,576.9,1,3,2,6,132,Need Attention
15339,2011-10-04 12:51:00,66,2,574.07,2,2,2,6,222,About to Sleep
12816,2011-09-05 12:41:00,95,2,572.2,2,2,2,6,222,About to Sleep
17616,2011-06-19 10:11:00,173,3,571.2,1,3,2,6,132,Need Attention
15315,2011-10-06 12:51:00,64,2,570.5,2,2,2,6,222,About to Sleep
16667,2011-10-02 15:26:00,68,2,570.13,2,2,2,6,222,About to Sleep
13321,2011-09-28 15:24:00,72,2,567.36,2,2,2,6,222,About to Sleep
17897,2011-06-20 11:23:00,172,3,566.6,1,3,2,6,132,Need Attention
16278,2011-08-31 17:12:00,100,1,566.38,2,2,2,6,222,About to Sleep
14753,2011-09-13 14:50:00,87,1,563.15,2,2,2,6,222,About to Sleep
17265,2011-07-24 10:49:00,138,2,562.9,2,2,2,6,222,About to Sleep
12414,2011-05-06 14:51:00,217,3,562.41,1,3,2,6,132,Need Attention
12987,2011-09-27 12:03:00,73,2,558.7,2,2,2,6,222,About to Sleep
13260,2011-10-09 13:21:00,61,1,557.62,2,2,2,6,222,About to Sleep
17955,2011-05-25 12:00:00,198,4,557.3,1,3,2,6,132,Need Attention
12363,2011-08-22 10:18:00,109,2,552.0,2,2,2,6,222,About to Sleep
17674,2011-09-26 13:35:00,74,2,551.04,2,2,2,6,222,About to Sleep
12390,2011-09-21 09:33:00,79,1,549.84,2,2,2,6,222,About to Sleep
16340,2011-08-24 14:53:00,107,1,549.07,2,2,2,6,222,About to Sleep
16536,2011-08-21 15:54:00,110,1,548.97,2,2,2,6,222,About to Sleep
16031,2011-09-08 13:07:00,92,2,548.94,2,2,2,6,222,About to Sleep
16211,2011-09-12 12:11:00,88,1,547.02,2,2,2,6,222,About to Sleep
17520,2011-10-17 12:04:00,53,1,546.81,2,2,2,6,222,About to Sleep
12743,2011-07-28 16:21:00,134,2,546.43,2,2,2,6,222,About to Sleep
13390,2011-09-26 08:38:00,74,1,544.08,2,2,2,6,222,About to Sleep
17062,2011-01-30 11:01:00,313,4,538.37,1,3,2,6,132,Need Attention
15535,2011-06-19 16:02:00,173,4,536.4,1,3,2,6,132,Need Attention
13434,2011-09-26 14:30:00,74,2,534.24,2,2,2,6,222,About to Sleep
14265,2011-08-22 13:32:00,109,2,530.18,2,2,2,6,222,About to Sleep
14002,2011-07-28 15:55:00,134,2,529.73,2,2,2,6,222,About to Sleep
12863,2011-10-18 14:15:00,52,1,521.2,2,2,2,6,222,About to Sleep
15149,2011-07-29 10:58:00,133,1,520.8,2,2,2,6,222,About to Sleep
16955,2011-06-08 10:36:00,184,4,518.67,1,3,2,6,132,Need Attention
16650,2011-09-29 09:51:00,71,1,518.42,2,2,2,6,222,About to Sleep
15030,2011-09-29 10:50:00,71,2,518.28,2,2,2,6,222,About to Sleep
17454,2011-05-31 13:58:00,192,4,517.53,1,3,2,6,132,Need Attention
15882,2011-05-25 11:35:00,198,4,516.36,1,3,2,6,132,Need Attention
12811,2011-03-24 09:42:00,260,3,514.85,1,3,2,6,132,Need Attention
17513,2011-09-28 16:42:00,72,1,513.2,2,2,2,6,222,About to Sleep
17805,2011-09-27 11:49:00,73,1,512.31,2,2,2,6,222,About to Sleep
17480,2011-09-23 11:39:00,77,1,511.82,2,2,2,6,222,About to Sleep
12436,2011-09-01 12:09:00,99,1,509.01,2,2,2,6,222,About to Sleep
15417,2011-09-15 15:26:00,85,1,508.8,2,2,2,6,222,About to Sleep
14317,2011-10-06 10:44:00,64,1,508.58,2,2,2,6,222,About to Sleep
17958,2011-08-15 12:19:00,116,1,508.46,2,2,2,6,222,About to Sleep
17415,2011-09-21 12:50:00,79,1,507.84,2,2,2,6,222,About to Sleep
14014,2011-09-23 13:18:00,77,1,505.18,2,2,2,6,222,About to Sleep
15006,2011-10-19 15:08:00,51,1,502.09,2,2,2,6,222,About to Sleep
15881,2011-01-31 16:59:00,312,5,501.39,1,3,2,6,132,Need Attention
13116,2011-07-24 14:33:00,138,1,501.14,2,2,2,6,222,About to Sleep
14958,2011-07-15 14:20:00,147,3,499.68,1,3,2,6,132,Need Attention
15193,2011-10-10 08:23:00,60,1,499.32,2,2,2,6,222,About to Sleep
17053,2011-08-01 10:23:00,130,1,498.48,2,2,2,6,222,About to Sleep
17298,2011-08-30 16:43:00,101,2,498.42,2,2,2,6,222,About to Sleep
16820,2011-09-05 12:06:00,95,1,497.61,2,2,2,6,222,About to Sleep
15300,2011-10-06 17:08:00,64,1,496.44,2,2,2,6,222,About to Sleep
17333,2011-09-15 10:11:00,85,1,494.25,2,2,2,6,222,About to Sleep
12763,2011-07-24 14:12:00,138,2,494.08,2,2,2,6,222,About to Sleep
14236,2011-09-20 09:13:00,80,2,490.86,2,2,2,6,222,About to Sleep
14396,2011-10-05 16:09:00,65,2,487.99,2,2,2,6,222,About to Sleep
16518,2011-10-09 15:04:00,61,2,484.32,2,2,2,6,222,About to Sleep
14147,2011-09-22 18:10:00,78,2,483.4,2,2,2,6,222,About to Sleep
14450,2011-06-12 10:46:00,180,3,483.25,1,3,2,6,132,Need Attention
16603,2011-09-26 10:06:00,74,2,482.47,2,2,2,6,222,About to Sleep
16693,2011-10-02 11:10:00,68,2,482.01,2,2,2,6,222,About to Sleep
15091,2011-10-03 12:47:00,67,1,480.71,2,2,2,6,222,About to Sleep
15589,2011-03-29 09:54:00,255,3,478.53,1,3,2,6,132,Need Attention
12644,2011-08-02 10:33:00,129,1,477.91,2,2,2,6,222,About to Sleep
15780,2011-06-09 12:01:00,183,3,475.28,1,3,2,6,132,Need Attention
16374,2011-10-04 15:21:00,66,2,473.03,2,2,2,6,222,About to Sleep
14029,2011-10-07 14:46:00,63,2,467.66,2,2,2,6,222,About to Sleep
15468,2011-10-19 13:49:00,51,2,467.51,2,2,2,6,222,About to Sleep
13248,2011-08-07 12:40:00,124,2,465.68,2,2,2,6,222,About to Sleep
14331,2011-08-07 13:17:00,124,2,462.66,2,2,2,6,222,About to Sleep
12999,2011-05-27 13:24:00,196,3,455.88,1,3,2,6,132,Need Attention
15475,2011-09-23 15:20:00,77,1,454.11,2,2,2,6,222,About to Sleep
12729,2011-08-18 11:40:00,113,1,453.01,2,2,2,6,222,About to Sleep
14184,2011-10-04 12:43:00,66,1,452.89,2,2,2,6,222,About to Sleep
16574,2011-09-29 13:39:00,71,1,451.44,2,2,2,6,222,About to Sleep
17040,2011-07-25 10:19:00,137,1,449.73,2,2,2,6,222,About to Sleep
15739,2011-10-04 13:42:00,66,1,449.12,2,2,2,6,222,About to Sleep
14780,2011-10-16 12:46:00,54,2,447.68,2,2,2,6,222,About to Sleep
15646,2011-07-05 09:53:00,157,3,447.64,1,3,2,6,132,Need Attention
15456,2011-03-01 13:51:00,283,3,447.22,1,3,2,6,132,Need Attention
17190,2011-10-12 11:33:00,58,2,444.74,2,2,2,6,222,About to Sleep
16404,2011-09-30 14:55:00,70,1,443.05,2,2,2,6,222,About to Sleep
18222,2011-09-08 10:45:00,92,1,443.0,2,2,2,6,222,About to Sleep
12579,2011-09-22 17:15:00,78,1,440.42,2,2,2,6,222,About to Sleep
13359,2011-10-07 09:30:00,63,1,439.56,2,2,2,6,222,About to Sleep
14272,2011-09-27 10:08:00,73,2,437.96,2,2,2,6,222,About to Sleep
16034,2011-05-27 16:17:00,196,3,437.7,1,3,2,6,132,Need Attention
12592,2011-09-08 15:04:00,92,2,437.6,2,2,2,6,222,About to Sleep
15553,2011-10-10 14:02:00,60,1,437.23,2,2,2,6,222,About to Sleep
16236,2011-09-22 14:10:00,78,1,432.2,2,2,2,6,222,About to Sleep
16881,2011-10-04 10:33:00,66,1,432.0,2,2,2,6,222,About to Sleep
13602,2011-10-06 11:47:00,64,1,428.89,2,2,2,6,222,About to Sleep
12740,2011-10-07 10:44:00,63,1,427.6,2,2,2,6,222,About to Sleep
15994,2011-10-16 12:28:00,54,1,427.07,2,2,2,6,222,About to Sleep
15930,2011-10-03 14:52:00,67,1,426.63,2,2,2,6,222,About to Sleep
15639,2011-07-28 14:30:00,134,1,425.32,2,2,2,6,222,About to Sleep
16780,2011-08-31 16:09:00,100,2,425.19,2,2,2,6,222,About to Sleep
17134,2011-08-25 09:53:00,106,2,425.0,2,2,2,6,222,About to Sleep
15012,2011-10-17 12:22:00,53,2,423.04,2,2,2,6,222,About to Sleep
13473,2011-10-10 11:20:00,60,2,422.64,2,2,2,6,222,About to Sleep
16689,2011-09-25 11:39:00,75,2,422.6,2,2,2,6,222,About to Sleep
14757,2011-09-25 14:36:00,75,1,420.5,2,2,2,6,222,About to Sleep
14124,2011-09-16 13:32:00,84,1,419.58,2,2,2,6,222,About to Sleep
16629,2011-09-27 10:34:00,73,2,417.73,2,2,2,6,222,About to Sleep
16737,2011-10-17 13:03:00,53,1,417.6,2,2,2,6,222,About to Sleep
13889,2011-09-08 09:13:00,92,1,416.9,2,2,2,6,222,About to Sleep
15803,2011-10-19 14:56:00,51,1,415.82,2,2,2,6,222,About to Sleep
12930,2011-09-22 15:18:00,78,2,415.8,2,2,2,6,222,About to Sleep
14333,2011-10-03 10:38:00,67,1,415.2,2,2,2,6,222,About to Sleep
16239,2011-10-14 08:29:00,56,2,414.2,2,2,2,6,222,About to Sleep
15523,2011-09-16 16:29:00,84,1,412.01,2,2,2,6,222,About to Sleep
16272,2011-08-15 10:54:00,116,1,411.7,2,2,2,6,222,About to Sleep
17913,2011-10-12 10:45:00,58,2,411.6,2,2,2,6,222,About to Sleep
15099,2011-09-16 13:13:00,84,1,410.48,2,2,2,6,222,About to Sleep
17931,2011-07-28 18:33:00,134,2,408.36,2,2,2,6,222,About to Sleep
16010,2011-04-08 10:14:00,245,3,407.5,1,3,2,6,132,Need Attention
15127,2011-10-05 10:30:00,65,1,406.53,2,2,2,6,222,About to Sleep
15342,2011-08-02 10:19:00,129,1,406.09,2,2,2,6,222,About to Sleep
14616,2011-04-11 09:54:00,242,3,406.08,1,3,2,6,132,Need Attention
16198,2011-09-25 14:58:00,75,1,400.68,2,2,2,6,222,About to Sleep
17375,2011-05-24 15:45:00,199,3,400.1,1,3,2,6,132,Need Attention
13352,2011-10-10 13:55:00,60,1,397.98,2,2,2,6,222,About to Sleep
17926,2011-07-29 14:39:00,133,2,397.29,2,2,2,6,222,About to Sleep
12824,2011-10-11 12:49:00,59,1,397.12,2,2,2,6,222,About to Sleep
13594,2011-10-18 10:19:00,52,1,396.97,2,2,2,6,222,About to Sleep
16354,2011-10-07 14:28:00,63,2,395.8,2,2,2,6,222,About to Sleep
17603,2011-09-22 14:18:00,78,1,394.72,2,2,2,6,222,About to Sleep
15264,2011-10-06 13:49:00,64,1,393.74,2,2,2,6,222,About to Sleep
15837,2011-10-06 09:01:00,64,1,391.98,2,2,2,6,222,About to Sleep
17614,2011-10-13 16:01:00,57,1,390.07,2,2,2,6,222,About to Sleep
13856,2011-06-24 10:03:00,168,3,388.5,1,3,2,6,132,Need Attention
14538,2011-10-06 10:31:00,64,2,388.25,2,2,2,6,222,About to Sleep
15664,2011-10-20 10:57:00,50,1,386.43,3,1,2,6,312,Potential Loyalists
14779,2011-03-04 12:42:00,280,3,386.15,1,3,2,6,132,Need Attention
13919,2011-10-11 14:24:00,59,2,384.81,2,2,2,6,222,About to Sleep
17189,2011-08-25 19:39:00,106,2,384.4,2,2,2,6,222,About to Sleep
18181,2011-11-15 15:08:00,24,1,382.8,3,1,2,6,312,Potential Loyalists
16441,2011-10-03 17:48:00,67,2,381.2,2,2,2,6,222,About to Sleep
12871,2011-09-16 15:07:00,84,2,380.64,2,2,2,6,222,About to Sleep
12890,2011-11-15 17:26:00,24,1,380.47,3,1,2,6,312,Potential Loyalists
17878,2011-10-27 11:24:00,43,1,379.45,3,1,2,6,312,Potential Loyalists
15025,2011-11-06 15:20:00,33,1,377.01,3,1,2,6,312,Potential Loyalists
17489,2011-10-12 08:56:00,58,2,376.64,2,2,2,6,222,About to Sleep
14067,2011-10-07 10:21:00,63,2,374.7,2,2,2,6,222,About to Sleep
16903,2011-11-10 15:32:00,29,1,373.24,3,1,2,6,312,Potential Loyalists
12544,2011-11-03 16:15:00,36,1,372.7,3,1,2,6,312,Potential Loyalists
17765,2011-07-04 12:41:00,158,3,371.88,1,3,2,6,132,Need Attention
14950,2011-11-20 13:48:00,19,1,371.2,3,1,2,6,312,Potential Loyalists
14528,2011-11-02 17:09:00,37,1,364.22,3,1,2,6,312,Potential Loyalists
12538,2011-11-10 17:16:00,29,1,363.95,3,1,2,6,312,Potential Loyalists
16378,2011-04-06 15:07:00,247,3,362.95,1,3,2,6,132,Need Attention
16971,2011-11-01 15:06:00,38,1,357.21,3,1,2,6,312,Potential Loyalists
15840,2011-10-12 09:08:00,58,2,355.56,2,2,2,6,222,About to Sleep
12617,2011-11-10 14:39:00,29,1,355.53,3,1,2,6,312,Potential Loyalists
17742,2011-08-18 15:28:00,113,2,355.11,2,2,2,6,222,About to Sleep
12845,2011-03-17 13:34:00,267,4,354.09,1,3,2,6,132,Need Attention
15870,2011-11-07 10:58:00,32,1,354.09,3,1,2,6,312,Potential Loyalists
17252,2011-08-15 09:45:00,116,2,353.86,2,2,2,6,222,About to Sleep
15334,2011-07-06 11:22:00,156,3,351.67,1,3,2,6,132,Need Attention
15900,2011-11-16 12:19:00,23,1,351.11,3,1,2,6,312,Potential Loyalists
12532,2011-11-09 13:47:00,30,1,349.83,3,1,2,6,312,Potential Loyalists
15579,2011-10-02 12:45:00,68,2,348.6,2,2,2,6,222,About to Sleep
16423,2011-11-15 09:21:00,24,1,346.12,3,1,2,6,312,Potential Loyalists
13091,2011-11-11 15:54:00,28,1,345.82,3,1,2,6,312,Potential Loyalists
15115,2011-11-21 14:59:00,18,1,340.11,3,1,2,6,312,Potential Loyalists
17839,2011-10-28 17:27:00,42,1,338.8,3,1,2,6,312,Potential Loyalists
13930,2011-10-13 09:45:00,57,2,337.34,2,2,2,6,222,About to Sleep
18276,2011-10-27 10:54:00,43,1,335.86,3,1,2,6,312,Potential Loyalists
14902,2011-11-14 10:34:00,25,1,332.66,3,1,2,6,312,Potential Loyalists
12891,2011-06-07 12:31:00,185,3,331.0,1,3,2,6,132,Need Attention
15153,2011-11-08 17:09:00,31,1,329.25,3,1,2,6,312,Potential Loyalists
16318,2011-11-04 13:05:00,35,1,328.15,3,1,2,6,312,Potential Loyalists
14024,2011-08-10 11:30:00,121,2,327.7,2,2,2,6,222,About to Sleep
16366,2011-11-21 08:19:00,18,1,327.3,3,1,2,6,312,Potential Loyalists
16071,2011-10-26 11:14:00,44,1,326.24,3,1,2,6,312,Potential Loyalists
16830,2011-11-01 11:35:00,38,1,325.91,3,1,2,6,312,Potential Loyalists
15597,2011-11-04 13:26:00,35,1,324.57,3,1,2,6,312,Potential Loyalists
16685,2011-10-09 13:58:00,61,2,324.24,2,2,2,6,222,About to Sleep
14555,2011-10-13 16:24:00,57,2,324.14,2,2,2,6,222,About to Sleep
17793,2011-11-14 14:24:00,25,1,323.04,3,1,2,6,312,Potential Loyalists
14424,2011-11-22 11:48:00,17,1,322.08,3,1,2,6,312,Potential Loyalists
14823,2011-06-12 13:12:00,180,3,321.43,1,3,2,6,132,Need Attention
18117,2011-11-14 12:47:00,25,1,320.72,3,1,2,6,312,Potential Loyalists
13986,2011-11-22 15:00:00,17,1,320.46,3,1,2,6,312,Potential Loyalists
16674,2011-10-16 11:31:00,54,2,319.61,2,2,2,6,222,About to Sleep
17229,2011-09-04 13:56:00,96,2,318.76,2,2,2,6,222,About to Sleep
17267,2011-08-04 17:22:00,127,2,317.62,2,2,2,6,222,About to Sleep
15385,2011-10-30 15:11:00,40,1,316.88,3,1,2,6,312,Potential Loyalists
16473,2011-06-28 09:10:00,164,3,316.11,1,3,2,6,132,Need Attention
17912,2011-02-02 14:25:00,310,5,311.01,1,3,2,6,132,Need Attention
15699,2011-11-22 08:26:00,17,1,309.65,3,1,2,6,312,Potential Loyalists
13787,2011-09-25 12:06:00,75,2,309.04,2,2,2,6,222,About to Sleep
15010,2011-11-04 12:42:00,35,1,308.94,3,1,2,6,312,Potential Loyalists
16956,2011-11-22 08:56:00,17,1,308.74,3,1,2,6,312,Potential Loyalists
17510,2011-11-15 10:00:00,24,1,308.48,3,1,2,6,312,Potential Loyalists
13529,2011-09-22 09:15:00,78,2,307.76,2,2,2,6,222,About to Sleep
14915,2011-09-09 13:34:00,91,2,307.48,2,2,2,6,222,About to Sleep
15163,2011-11-21 13:10:00,18,2,304.47,3,2,1,6,321,Potential Loyalists
15148,2011-11-29 08:21:00,10,1,301.29,4,1,1,6,411,New Customers
17255,2011-10-30 12:18:00,40,2,298.41,3,2,1,6,321,Potential Loyalists
13573,2011-10-20 14:33:00,50,2,294.4,3,2,1,6,321,Potential Loyalists
17163,2011-11-18 08:57:00,21,2,293.1,3,2,1,6,321,Potential Loyalists
13544,2011-10-31 11:57:00,39,2,291.41,3,2,1,6,321,Potential Loyalists
17081,2011-11-14 12:56:00,25,2,290.16,3,2,1,6,321,Potential Loyalists
14784,2011-11-13 13:30:00,26,2,289.99,3,2,1,6,321,Potential Loyalists
17080,2011-11-17 12:59:00,22,2,287.62,3,2,1,6,321,Potential Loyalists
17760,2011-11-18 10:56:00,21,2,287.59,3,2,1,6,321,Potential Loyalists
16555,2011-11-04 14:31:00,35,2,285.89,3,2,1,6,321,Potential Loyalists
18270,2011-11-01 13:57:00,38,2,283.15,3,2,1,6,321,Potential Loyalists
17247,2011-11-24 15:21:00,15,1,282.19,4,1,1,6,411,New Customers
16557,2011-11-15 14:04:00,24,2,281.85,3,2,1,6,321,Potential Loyalists
14480,2011-11-28 16:35:00,11,1,279.05,4,1,1,6,411,New Customers
15355,2011-11-10 13:44:00,29,2,277.05,3,2,1,6,321,Potential Loyalists
13272,2011-11-08 14:00:00,31,2,276.56,3,2,1,6,321,Potential Loyalists
14508,2011-11-17 19:48:00,22,2,276.42,3,2,1,6,321,Potential Loyalists
13917,2011-10-21 09:56:00,49,2,272.04,3,2,1,6,321,Potential Loyalists
17767,2011-11-24 14:42:00,15,1,271.2,4,1,1,6,411,New Customers
13242,2011-08-19 12:53:00,112,3,270.4,2,3,1,6,231,Need Attention
12558,2011-12-02 10:41:00,7,1,269.96,4,1,1,6,411,New Customers
17430,2011-11-07 09:24:00,32,2,265.76,3,2,1,6,321,Potential Loyalists
17385,2011-11-25 11:02:00,14,1,261.11,4,1,1,6,411,New Customers
13189,2011-11-21 10:39:00,18,2,260.68,3,2,1,6,321,Potential Loyalists
15014,2011-10-27 20:07:00,43,2,260.17,3,2,1,6,321,Potential Loyalists
16836,2011-10-31 10:05:00,39,2,251.87,3,2,1,6,321,Potential Loyalists
17155,2011-11-22 12:38:00,17,2,251.7,3,2,1,6,321,Potential Loyalists
16024,2011-11-27 13:26:00,12,1,251.24,4,1,1,6,411,New Customers
15097,2011-12-05 14:03:00,4,1,248.08,4,1,1,6,411,New Customers
13349,2011-11-29 08:07:00,10,1,247.32,4,1,1,6,411,New Customers
15783,2011-11-29 09:50:00,10,1,246.3,4,1,1,6,411,New Customers
12660,2011-11-28 13:26:00,11,1,245.1,4,1,1,6,411,New Customers
16528,2011-12-06 12:45:00,3,1,244.41,4,1,1,6,411,New Customers
17892,2011-10-14 16:49:00,56,3,244.1,2,3,1,6,231,Need Attention
13565,2011-11-20 14:33:00,19,2,240.22,3,2,1,6,321,Potential Loyalists
15850,2011-11-20 14:14:00,19,2,238.85,3,2,1,6,321,Potential Loyalists
15462,2011-09-06 13:11:00,94,3,234.6,2,3,1,6,231,Need Attention
14995,2011-11-01 11:39:00,38,2,233.23,3,2,1,6,321,Potential Loyalists
13960,2011-11-18 15:27:00,21,2,230.22,3,2,1,6,321,Potential Loyalists
14569,2011-12-08 14:58:00,1,1,227.39,4,1,1,6,411,New Customers
17572,2011-09-29 17:53:00,71,4,226.75,2,3,1,6,231,Need Attention
15790,2011-11-29 14:53:00,10,1,220.85,4,1,1,6,411,New Customers
16482,2011-11-24 12:33:00,15,1,220.62,4,1,1,6,411,New Customers
13669,2011-10-20 09:32:00,50,2,218.55,3,2,1,6,321,Potential Loyalists
13428,2011-11-29 14:20:00,10,1,218.47,4,1,1,6,411,New Customers
16519,2011-11-14 15:41:00,25,2,215.08,3,2,1,6,321,Potential Loyalists
16411,2011-11-20 13:23:00,19,2,214.65,3,2,1,6,321,Potential Loyalists
14601,2011-11-29 09:48:00,10,1,213.96,4,1,1,6,411,New Customers
15540,2011-11-28 13:51:00,11,1,213.3,4,1,1,6,411,New Customers
14984,2011-11-20 14:28:00,19,2,213.27,3,2,1,6,321,Potential Loyalists
17928,2011-10-25 13:52:00,45,2,212.54,3,2,1,6,321,Potential Loyalists
16866,2011-07-22 10:06:00,140,3,207.74,2,3,1,6,231,Need Attention
17166,2011-11-01 09:46:00,38,2,206.34,3,2,1,6,321,Potential Loyalists
13017,2011-12-02 15:53:00,7,1,204.0,4,1,1,6,411,New Customers
17383,2011-12-05 17:36:00,4,1,199.29,4,1,1,6,411,New Customers
13436,2011-12-08 10:33:00,1,1,196.89,4,1,1,6,411,New Customers
15612,2011-11-03 14:52:00,36,2,195.15,3,2,1,6,321,Potential Loyalists
14087,2011-12-07 12:41:00,2,1,194.42,4,1,1,6,411,New Customers
17608,2011-11-06 13:06:00,33,2,193.42,3,2,1,6,321,Potential Loyalists
12522,2011-10-31 15:30:00,39,2,192.72,3,2,1,6,321,Potential Loyalists
14768,2011-11-22 12:54:00,17,2,192.6,3,2,1,6,321,Potential Loyalists
14966,2011-11-25 12:20:00,14,1,191.32,4,1,1,6,411,New Customers
17885,2011-11-27 14:40:00,12,1,190.19,4,1,1,6,411,New Customers
14551,2011-11-21 13:36:00,18,2,186.23,3,2,1,6,321,Potential Loyalists
15124,2011-11-17 10:09:00,22,2,184.19,3,2,1,6,321,Potential Loyalists
13460,2011-11-10 17:17:00,29,2,183.44,3,2,1,6,321,Potential Loyalists
18147,2011-10-25 11:46:00,45,2,179.34,3,2,1,6,321,Potential Loyalists
13560,2011-12-02 13:11:00,7,1,174.37,4,1,1,6,411,New Customers
14798,2011-10-18 10:58:00,52,3,173.74,2,3,1,6,231,Need Attention
15565,2011-10-20 14:33:00,50,2,173.16,3,2,1,6,321,Potential Loyalists
12442,2011-12-06 14:22:00,3,1,172.06,4,1,1,6,411,New Customers
18058,2011-11-30 08:38:00,9,1,170.16,4,1,1,6,411,New Customers
13962,2011-11-18 08:47:00,21,2,169.55,3,2,1,6,321,Potential Loyalists
12367,2011-12-05 16:48:00,4,1,168.9,4,1,1,6,411,New Customers
14578,2011-12-06 17:18:00,3,1,168.63,4,1,1,6,411,New Customers
15904,2011-12-01 14:50:00,8,1,164.68,4,1,1,6,411,New Customers
14204,2011-12-07 13:38:00,2,1,161.03,4,1,1,6,411,New Customers
12966,2011-11-30 12:38:00,9,1,160.18,4,1,1,6,411,New Customers
13003,2011-08-26 10:50:00,105,3,149.05,2,3,1,6,231,Need Attention
17549,2011-11-16 09:59:00,23,2,148.86,3,2,1,6,321,Potential Loyalists
15526,2011-11-06 15:04:00,33,2,148.44,3,2,1,6,321,Potential Loyalists
17186,2011-10-24 10:20:00,46,2,144.0,3,2,1,6,321,Potential Loyalists
12587,2011-12-02 12:47:00,7,1,144.0,4,1,1,6,411,New Customers
14581,2011-11-23 12:39:00,16,1,138.6,4,1,1,6,411,New Customers
16462,2011-09-27 10:24:00,73,3,136.0,2,3,1,6,231,Need Attention
14349,2011-11-29 15:39:00,10,1,133.5,4,1,1,6,411,New Customers
17359,2011-11-28 14:37:00,11,1,127.86,4,1,1,6,411,New Customers
16414,2011-11-18 09:42:00,21,2,126.25,3,2,1,6,321,Potential Loyalists
16988,2011-12-04 16:02:00,5,1,126.12,4,1,1,6,411,New Customers
12531,2011-11-25 11:12:00,14,1,125.22,4,1,1,6,411,New Customers
16569,2011-12-06 15:32:00,3,1,124.2,4,1,1,6,411,New Customers
14495,2011-10-20 12:28:00,50,2,123.8,3,2,1,6,321,Potential Loyalists
13638,2011-11-24 10:38:00,15,1,122.64,4,1,1,6,411,New Customers
18015,2011-12-05 14:49:00,4,1,120.03,4,1,1,6,411,New Customers
13188,2011-11-28 15:28:00,11,1,114.6,4,1,1,6,411,New Customers
18174,2011-12-02 16:56:00,7,1,104.0,4,1,1,6,411,New Customers
14946,2011-11-25 13:33:00,14,1,100.9,4,1,1,6,411,New Customers
13651,2011-11-04 14:59:00,35,2,94.2,3,2,1,6,321,Potential Loyalists
15428,2011-11-24 16:54:00,15,1,93.78,4,1,1,6,411,New Customers
18084,2011-11-23 13:57:00,16,1,90.48,4,1,1,6,411,New Customers
16506,2011-11-20 12:17:00,19,2,90.3,3,2,1,6,321,Potential Loyalists
16597,2011-12-05 15:44:00,4,1,90.04,4,1,1,6,411,New Customers
14219,2011-12-05 16:23:00,4,1,89.94,4,1,1,6,411,New Customers
13666,2011-10-10 15:39:00,60,3,84.65,2,3,1,6,231,Need Attention
16789,2011-12-01 15:12:00,8,1,80.8,4,1,1,6,411,New Customers
17942,2011-12-02 10:45:00,7,1,77.5,4,1,1,6,411,New Customers
18037,2011-07-08 13:39:00,154,6,70.02,1,4,1,6,141,Need Attention
15863,2011-11-14 12:49:00,25,2,68.84,3,2,1,6,321,Potential Loyalists
18184,2011-11-24 15:28:00,15,1,49.8,4,1,1,6,411,New Customers
15992,2011-12-06 11:00:00,3,1,41.99,4,1,1,6,411,New Customers
16856,2011-11-25 08:59:00,14,1,35.4,4,1,1,6,411,New Customers
16454,2011-10-26 11:40:00,44,2,6.9,3,2,1,6,321,Potential Loyalists
17749,2011-06-14 15:45:00,178,2,674.52,1,2,2,5,122,Standard
18121,2011-07-13 12:53:00,149,2,673.1,1,2,2,5,122,Standard
17105,2011-07-03 15:53:00,159,2,665.78,1,2,2,5,122,Standard
18218,2011-05-12 12:53:00,211,2,662.08,1,2,2,5,122,Standard
14603,2011-03-10 10:27:00,274,1,660.0,1,2,2,5,122,Standard
15648,2011-05-19 15:53:00,204,2,657.35,1,2,2,5,122,Standard
14548,2011-07-12 12:19:00,150,2,652.8,1,2,2,5,122,Standard
15384,2011-06-23 10:57:00,169,2,642.41,1,2,2,5,122,Standard
17046,2011-07-05 14:24:00,157,1,642.02,1,2,2,5,122,Standard
12365,2011-02-21 14:04:00,291,2,641.38,1,2,2,5,122,Standard
14481,2011-06-28 10:38:00,164,2,636.51,1,2,2,5,122,Standard
14000,2011-05-12 16:50:00,211,1,635.66,1,2,2,5,122,Standard
14220,2011-04-06 13:23:00,247,2,632.4,1,2,2,5,122,Standard
18183,2011-04-26 15:26:00,227,2,632.07,1,2,2,5,122,Standard
16022,2011-03-24 13:16:00,260,1,628.28,1,2,2,5,122,Standard
15402,2011-07-14 12:17:00,148,2,626.77,1,2,2,5,122,Standard
14036,2011-02-28 09:26:00,284,1,626.65,1,2,2,5,122,Standard
16718,2010-12-05 13:03:00,369,1,623.75,1,2,2,5,122,Standard
15147,2011-04-13 15:57:00,240,1,623.5,1,2,2,5,122,Standard
13368,2011-03-28 09:59:00,256,2,623.4,1,2,2,5,122,Standard
15258,2011-06-24 12:30:00,168,2,623.16,1,2,2,5,122,Standard
17499,2011-02-23 09:14:00,289,1,622.88,1,2,2,5,122,Standard
15182,2011-07-08 13:37:00,154,2,622.85,1,2,2,5,122,Standard
13493,2011-03-09 15:35:00,275,2,618.63,1,2,2,5,122,Standard
14377,2011-06-01 13:32:00,191,2,617.05,1,2,2,5,122,Standard
14905,2011-07-05 12:41:00,157,2,616.15,1,2,2,5,122,Standard
16116,2011-05-12 12:01:00,211,1,612.78,1,2,2,5,122,Standard
16109,2011-05-05 09:17:00,218,2,611.88,1,2,2,5,122,Standard
16763,2011-05-25 11:52:00,198,1,611.85,1,2,2,5,122,Standard
13731,2011-05-04 14:33:00,219,2,610.59,1,2,2,5,122,Standard
15795,2011-07-13 10:43:00,149,1,610.01,1,2,2,5,122,Standard
13357,2011-03-27 13:56:00,257,1,609.95,1,2,2,5,122,Standard
17507,2011-03-23 11:48:00,261,2,605.58,1,2,2,5,122,Standard
12707,2011-02-21 08:38:00,291,1,603.42,1,2,2,5,122,Standard
17259,2011-07-14 15:01:00,148,2,603.37,1,2,2,5,122,Standard
17890,2011-01-21 11:19:00,322,2,602.09,1,2,2,5,122,Standard
13243,2011-05-20 13:14:00,203,1,600.07,1,2,2,5,122,Standard
12872,2011-01-17 10:52:00,326,2,599.97,1,2,2,5,122,Standard
12521,2011-07-20 10:51:00,142,1,599.68,1,2,2,5,122,Standard
14645,2011-07-06 09:15:00,156,2,597.09,1,2,2,5,122,Standard
15381,2011-05-10 11:55:00,213,2,596.85,1,2,2,5,122,Standard
15442,2011-04-05 12:24:00,248,1,594.0,1,2,2,5,122,Standard
13270,2010-12-08 14:53:00,366,1,590.0,1,2,2,5,122,Standard
13452,2011-03-25 14:19:00,259,2,590.0,1,2,2,5,122,Standard
16838,2011-05-26 13:13:00,197,2,588.85,1,2,2,5,122,Standard
14338,2011-07-01 14:08:00,161,2,588.22,1,2,2,5,122,Standard
15222,2011-01-25 08:03:00,318,1,585.0,1,2,2,5,122,Standard
16072,2011-02-24 14:32:00,288,1,584.32,1,2,2,5,122,Standard
12426,2011-05-29 12:26:00,194,1,582.73,1,2,2,5,122,Standard
17970,2011-05-12 20:03:00,211,1,582.59,1,2,2,5,122,Standard
18095,2011-01-31 12:50:00,312,2,580.05,1,2,2,5,122,Standard
17142,2011-04-14 18:22:00,239,1,579.0,1,2,2,5,122,Standard
14400,2011-07-13 15:50:00,149,1,574.7,1,2,2,5,122,Standard
15303,2011-02-22 13:59:00,290,1,574.02,1,2,2,5,122,Standard
15415,2011-01-30 14:13:00,313,1,572.81,1,2,2,5,122,Standard
12559,2011-02-02 09:49:00,310,2,561.71,1,2,2,5,122,Standard
15655,2011-04-10 15:25:00,243,1,560.67,1,2,2,5,122,Standard
13044,2011-02-21 15:20:00,291,1,560.47,1,2,2,5,122,Standard
16275,2011-05-27 12:41:00,196,1,559.87,1,2,2,5,122,Standard
12866,2011-03-01 14:11:00,283,1,559.12,1,2,2,5,122,Standard
13800,2011-02-03 12:27:00,309,1,558.32,1,2,2,5,122,Standard
14891,2011-07-14 18:08:00,148,2,554.38,1,2,2,5,122,Standard
17291,2011-02-04 13:04:00,308,1,550.8,1,2,2,5,122,Standard
12793,2011-01-09 12:12:00,334,2,545.48,1,2,2,5,122,Standard
16230,2011-06-03 10:06:00,189,2,542.03,1,2,2,5,122,Standard
13874,2010-12-16 18:20:00,358,1,540.45,1,2,2,5,122,Standard
14496,2011-02-01 09:01:00,311,2,538.81,1,2,2,5,122,Standard
16142,2011-04-04 10:16:00,249,1,535.34,1,2,2,5,122,Standard
12988,2011-02-20 14:31:00,292,1,535.32,1,2,2,5,122,Standard
13385,2011-01-14 09:52:00,329,1,534.57,1,2,2,5,122,Standard
17443,2011-05-04 10:47:00,219,1,534.24,1,2,2,5,122,Standard
15433,2011-05-10 10:45:00,213,2,533.3,1,2,2,5,122,Standard
15825,2011-06-20 13:27:00,172,1,532.94,1,2,2,5,122,Standard
18159,2011-02-11 14:26:00,301,1,530.15,1,2,2,5,122,Standard
15891,2011-04-27 12:35:00,226,1,524.52,1,2,2,5,122,Standard
14873,2011-05-13 13:52:00,210,1,519.68,1,2,2,5,122,Standard
16135,2011-03-22 12:30:00,262,1,517.55,1,2,2,5,122,Standard
13043,2011-03-11 14:52:00,273,1,516.42,1,2,2,5,122,Standard
15246,2011-04-15 14:45:00,238,2,514.15,1,2,2,5,122,Standard
13005,2011-06-19 10:53:00,173,2,513.7,1,2,2,5,122,Standard
12582,2011-04-15 08:45:00,238,2,511.36,1,2,2,5,122,Standard
17391,2011-06-29 09:58:00,163,2,508.8,1,2,2,5,122,Standard
13885,2011-06-03 15:07:00,189,2,506.8,1,2,2,5,122,Standard
16614,2011-06-10 11:36:00,182,1,506.19,1,2,2,5,122,Standard
17630,2011-06-23 11:58:00,169,2,503.6,1,2,2,5,122,Standard
15389,2011-06-20 16:18:00,172,1,500.0,1,2,2,5,122,Standard
17374,2011-05-05 09:05:00,218,2,495.77,1,2,2,5,122,Standard
15448,2011-01-31 10:42:00,312,1,494.64,1,2,2,5,122,Standard
14270,2011-01-12 09:33:00,331,1,492.65,1,2,2,5,122,Standard
15507,2011-06-21 11:19:00,171,1,492.36,1,2,2,5,122,Standard
18074,2010-12-01 09:53:00,373,1,489.6,1,2,2,5,122,Standard
12809,2011-06-15 10:51:00,177,1,489.31,1,2,2,5,122,Standard
15165,2010-12-01 14:03:00,373,1,487.75,1,2,2,5,122,Standard
16643,2011-04-08 08:24:00,245,1,487.51,1,2,2,5,122,Standard
13338,2011-07-05 09:06:00,157,1,487.02,1,2,2,5,122,Standard
13675,2011-07-11 12:57:00,151,2,486.82,1,2,2,5,122,Standard
12639,2011-04-15 12:48:00,238,1,486.1,1,2,2,5,122,Standard
15109,2011-04-08 09:58:00,245,1,484.95,1,2,2,5,122,Standard
14130,2011-01-24 16:05:00,319,1,483.86,1,2,2,5,122,Standard
13531,2011-05-18 16:56:00,205,2,483.8,1,2,2,5,122,Standard
16812,2010-12-14 12:35:00,360,1,479.35,1,2,2,5,122,Standard
14320,2011-05-17 09:24:00,206,2,477.79,1,2,2,5,122,Standard
12447,2011-04-10 13:25:00,243,1,476.49,1,2,2,5,122,Standard
18176,2010-12-16 15:45:00,358,1,476.35,1,2,2,5,122,Standard
14497,2011-02-03 17:01:00,309,1,475.37,1,2,2,5,122,Standard
15349,2011-07-04 16:06:00,158,2,473.81,1,2,2,5,122,Standard
14431,2011-02-10 10:40:00,302,1,470.36,1,2,2,5,122,Standard
14896,2011-05-19 10:20:00,204,2,468.77,1,2,2,5,122,Standard
17140,2011-04-06 13:33:00,247,1,465.32,1,2,2,5,122,Standard
16586,2011-04-05 09:32:00,248,1,463.95,1,2,2,5,122,Standard
14489,2011-05-16 14:51:00,207,1,463.38,1,2,2,5,122,Standard
12945,2011-02-24 14:15:00,288,1,462.95,1,2,2,5,122,Standard
16805,2011-06-19 11:23:00,173,2,460.59,1,2,2,5,122,Standard
12355,2011-05-09 13:49:00,214,1,459.4,1,2,2,5,122,Standard
17880,2010-12-10 10:21:00,364,1,458.92,1,2,2,5,122,Standard
13506,2011-01-27 13:53:00,316,2,458.52,1,2,2,5,122,Standard
17392,2011-02-06 12:48:00,306,2,457.91,1,2,2,5,122,Standard
15092,2011-05-08 14:10:00,215,2,457.81,1,2,2,5,122,Standard
13398,2011-05-31 13:17:00,192,1,457.34,1,2,2,5,122,Standard
12564,2011-03-23 14:55:00,261,1,456.9,1,2,2,5,122,Standard
15585,2011-06-16 08:38:00,176,1,455.3,1,2,2,5,122,Standard
16529,2011-06-02 17:23:00,190,1,455.25,1,2,2,5,122,Standard
13485,2011-04-20 13:58:00,233,1,454.24,1,2,2,5,122,Standard
18071,2011-03-27 11:59:00,257,2,453.0,1,2,2,5,122,Standard
12591,2011-01-26 14:35:00,317,1,452.85,1,2,2,5,122,Standard
15802,2011-07-20 11:38:00,142,1,451.42,1,2,2,5,122,Standard
15889,2011-07-06 11:10:00,156,2,446.87,1,2,2,5,122,Standard
14149,2011-05-03 09:44:00,220,1,446.62,1,2,2,5,122,Standard
18233,2011-01-18 08:44:00,325,1,440.0,1,2,2,5,122,Standard
14022,2011-04-28 14:39:00,225,1,440.0,1,2,2,5,122,Standard
13358,2011-03-16 11:52:00,268,1,439.03,1,2,2,5,122,Standard
16084,2011-02-13 16:05:00,299,1,436.18,1,2,2,5,122,Standard
12493,2011-06-27 10:17:00,165,2,433.74,1,2,2,5,122,Standard
17035,2011-04-08 11:23:00,245,2,433.53,1,2,2,5,122,Standard
15976,2011-06-27 13:00:00,165,2,430.94,1,2,2,5,122,Standard
18106,2011-01-14 12:23:00,329,1,430.7,1,2,2,5,122,Standard
14998,2011-06-22 17:30:00,170,2,429.87,1,2,2,5,122,Standard
15230,2011-04-14 14:39:00,239,2,429.6,1,2,2,5,122,Standard
12725,2010-12-03 15:45:00,371,1,427.8,1,2,2,5,122,Standard
12802,2011-06-06 09:36:00,186,1,427.58,1,2,2,5,122,Standard
17223,2011-02-02 15:57:00,310,2,426.79,1,2,2,5,122,Standard
14288,2011-05-10 13:22:00,213,1,426.6,1,2,2,5,122,Standard
17525,2010-12-15 12:05:00,359,1,422.7,1,2,2,5,122,Standard
15361,2010-12-13 09:52:00,361,1,418.92,1,2,2,5,122,Standard
17701,2011-04-01 12:25:00,252,1,417.95,1,2,2,5,122,Standard
13615,2011-01-25 08:21:00,318,1,417.69,1,2,2,5,122,Standard
12833,2011-07-17 13:46:00,145,1,417.38,1,2,2,5,122,Standard
13166,2011-03-01 15:16:00,283,1,417.2,1,2,2,5,122,Standard
15935,2011-04-14 13:27:00,239,2,416.86,1,2,2,5,122,Standard
16957,2011-04-14 13:56:00,239,2,416.64,1,2,2,5,122,Standard
13085,2011-07-05 12:11:00,157,2,416.08,1,2,2,5,122,Standard
12580,2011-04-07 10:24:00,246,1,415.7,1,2,2,5,122,Standard
16795,2010-12-09 14:08:00,365,1,414.88,1,2,2,5,122,Standard
16834,2011-04-26 09:37:00,227,1,413.46,1,2,2,5,122,Standard
14620,2011-05-18 11:58:00,205,2,412.78,1,2,2,5,122,Standard
14670,2011-03-04 14:13:00,280,2,411.53,1,2,2,5,122,Standard
15695,2011-03-18 08:32:00,266,2,409.98,1,2,2,5,122,Standard
14048,2011-02-07 14:53:00,305,1,409.93,1,2,2,5,122,Standard
14348,2011-03-24 16:23:00,260,1,409.57,1,2,2,5,122,Standard
15225,2011-04-19 14:51:00,234,1,409.4,1,2,2,5,122,Standard
16947,2011-04-18 09:38:00,235,1,406.48,1,2,2,5,122,Standard
12922,2011-07-01 15:35:00,161,1,405.38,1,2,2,5,122,Standard
16319,2011-05-06 11:27:00,217,1,404.4,1,2,2,5,122,Standard
16484,2011-06-19 12:06:00,173,2,404.3,1,2,2,5,122,Standard
17431,2011-01-30 14:36:00,313,1,403.3,1,2,2,5,122,Standard
15221,2010-12-08 13:08:00,366,1,403.25,1,2,2,5,122,Standard
12386,2011-01-06 12:37:00,337,2,401.9,1,2,2,5,122,Standard
12792,2011-03-28 11:36:00,256,1,400.54,1,2,2,5,122,Standard
17486,2011-03-23 14:00:00,261,1,396.87,1,2,2,5,122,Standard
14619,2011-04-08 07:37:00,245,1,394.44,1,2,2,5,122,Standard
15386,2011-06-06 13:47:00,186,1,394.14,1,2,2,5,122,Standard
17226,2011-02-04 11:52:00,308,1,393.49,1,2,2,5,122,Standard
14600,2011-02-07 09:48:00,305,1,393.33,1,2,2,5,122,Standard
16917,2011-03-08 11:55:00,276,1,391.52,1,2,2,5,122,Standard
12982,2011-04-11 11:51:00,242,1,390.54,1,2,2,5,122,Standard
18024,2011-07-10 12:40:00,152,2,389.78,1,2,2,5,122,Standard
13345,2011-02-25 09:01:00,287,1,389.5,1,2,2,5,122,Standard
16250,2011-03-23 15:07:00,261,2,389.44,1,2,2,5,122,Standard
12690,2011-05-18 09:09:00,205,1,389.01,1,2,2,5,122,Standard
17438,2011-03-31 10:26:00,253,1,388.45,1,2,2,5,122,Standard
16776,2011-10-10 13:04:00,60,1,388.28,2,1,2,5,212,About to Sleep
14420,2011-09-01 18:07:00,99,1,387.52,2,1,2,5,212,About to Sleep
14114,2011-03-11 09:42:00,273,2,386.53,1,2,2,5,122,Standard
13821,2011-07-18 09:49:00,144,2,385.64,1,2,2,5,122,Standard
17205,2011-10-17 12:46:00,53,1,384.08,2,1,2,5,212,About to Sleep
16982,2011-10-10 12:28:00,60,1,384.06,2,1,2,5,212,About to Sleep
15424,2011-03-30 13:02:00,254,2,383.34,1,2,2,5,122,Standard
16552,2011-04-11 10:04:00,242,2,379.73,1,2,2,5,122,Standard
13656,2011-06-28 10:31:00,164,2,379.65,1,2,2,5,122,Standard
16909,2011-09-28 16:45:00,72,1,379.14,2,1,2,5,212,About to Sleep
13372,2011-09-11 12:46:00,89,1,378.64,2,1,2,5,212,About to Sleep
14079,2011-08-07 12:10:00,124,1,375.1,2,1,2,5,212,About to Sleep
16147,2011-07-29 09:57:00,133,1,375.0,2,1,2,5,212,About to Sleep
13351,2011-10-04 12:55:00,66,1,373.94,2,1,2,5,212,About to Sleep
15472,2011-08-18 15:17:00,113,1,371.56,2,1,2,5,212,About to Sleep
15975,2011-09-16 13:33:00,84,1,371.01,2,1,2,5,212,About to Sleep
16758,2011-10-05 14:47:00,65,1,369.34,2,1,2,5,212,About to Sleep
17358,2011-02-09 16:57:00,303,2,365.85,1,2,2,5,122,Standard
16499,2010-12-14 13:31:00,360,2,365.45,1,2,2,5,122,Standard
15343,2011-09-13 13:55:00,87,1,364.5,2,1,2,5,212,About to Sleep
14171,2011-09-02 16:43:00,98,1,363.79,2,1,2,5,212,About to Sleep
12915,2011-07-14 11:34:00,148,2,363.65,1,2,2,5,122,Standard
16485,2011-09-23 15:50:00,77,1,363.65,2,1,2,5,212,About to Sleep
16052,2011-10-16 15:13:00,54,1,362.06,2,1,2,5,212,About to Sleep
16305,2011-07-24 12:18:00,138,1,361.22,2,1,2,5,212,About to Sleep
16595,2011-10-09 13:15:00,61,1,360.16,2,1,2,5,212,About to Sleep
15120,2011-07-29 09:48:00,133,1,358.82,2,1,2,5,212,About to Sleep
13228,2011-09-19 14:28:00,81,1,358.0,2,1,2,5,212,About to Sleep
13453,2011-06-27 09:34:00,165,2,356.98,1,2,2,5,122,Standard
15713,2011-07-19 13:34:00,143,2,356.7,1,2,2,5,122,Standard
15247,2011-08-09 12:52:00,122,1,356.0,2,1,2,5,212,About to Sleep
14537,2011-10-13 10:54:00,57,1,355.56,2,1,2,5,212,About to Sleep
17222,2011-10-05 13:58:00,65,1,354.15,2,1,2,5,212,About to Sleep
12888,2011-05-09 16:02:00,214,2,354.12,1,2,2,5,122,Standard
12715,2011-08-25 15:22:00,106,1,353.86,2,1,2,5,212,About to Sleep
13210,2011-09-07 08:18:00,93,1,353.48,2,1,2,5,212,About to Sleep
15678,2011-10-18 09:25:00,52,1,352.7,2,1,2,5,212,About to Sleep
12566,2011-09-14 14:30:00,86,1,351.65,2,1,2,5,212,About to Sleep
13923,2011-10-17 12:33:00,53,1,351.13,2,1,2,5,212,About to Sleep
17795,2011-06-13 12:36:00,179,2,350.39,1,2,2,5,122,Standard
13670,2011-09-25 15:25:00,75,1,349.7,2,1,2,5,212,About to Sleep
13927,2011-09-26 12:00:00,74,1,348.99,2,1,2,5,212,About to Sleep
13497,2011-03-02 09:04:00,282,2,348.05,1,2,2,5,122,Standard
13649,2011-03-28 11:51:00,256,2,346.6,1,2,2,5,122,Standard
13774,2011-09-19 12:06:00,81,1,345.0,2,1,2,5,212,About to Sleep
16978,2011-09-23 12:50:00,77,1,344.33,2,1,2,5,212,About to Sleep
12875,2011-07-19 15:30:00,143,2,343.23,1,2,2,5,122,Standard
17201,2011-10-17 11:55:00,53,1,342.63,2,1,2,5,212,About to Sleep
16826,2011-10-19 14:05:00,51,1,341.7,2,1,2,5,212,About to Sleep
13347,2011-09-30 13:28:00,70,1,341.36,2,1,2,5,212,About to Sleep
14491,2011-06-17 15:22:00,175,2,340.93,1,2,2,5,122,Standard
12519,2011-10-07 09:26:00,63,1,340.84,2,1,2,5,212,About to Sleep
16183,2011-10-03 14:59:00,67,1,338.71,2,1,2,5,212,About to Sleep
15652,2011-09-09 14:22:00,91,1,337.74,2,1,2,5,212,About to Sleep
15942,2011-07-29 09:01:00,133,1,337.44,2,1,2,5,212,About to Sleep
17973,2011-10-19 10:34:00,51,1,337.04,2,1,2,5,212,About to Sleep
18078,2011-05-06 14:32:00,217,2,336.13,1,2,2,5,122,Standard
14196,2011-08-25 10:25:00,106,1,335.52,2,1,2,5,212,About to Sleep
15466,2011-09-15 14:08:00,85,1,334.53,2,1,2,5,212,About to Sleep
15918,2011-06-02 11:42:00,190,2,334.23,1,2,2,5,122,Standard
14264,2011-07-08 10:20:00,154,2,333.97,1,2,2,5,122,Standard
16803,2011-10-05 14:28:00,65,1,332.3,2,1,2,5,212,About to Sleep
16177,2011-10-20 12:57:00,50,1,331.95,2,1,2,5,212,About to Sleep
17154,2011-09-25 13:42:00,75,1,329.34,2,1,2,5,212,About to Sleep
15213,2011-01-25 12:21:00,318,2,328.35,1,2,2,5,122,Standard
13801,2011-10-04 10:15:00,66,1,324.8,2,1,2,5,212,About to Sleep
13955,2011-07-08 17:19:00,154,2,322.96,1,2,2,5,122,Standard
16627,2011-09-21 14:38:00,79,1,322.8,2,1,2,5,212,About to Sleep
15224,2010-12-16 15:02:00,358,2,322.08,1,2,2,5,122,Standard
14484,2011-10-20 14:11:00,50,1,321.92,2,1,2,5,212,About to Sleep
17248,2011-08-11 13:34:00,120,1,318.65,2,1,2,5,212,About to Sleep
18066,2011-09-25 15:30:00,75,1,318.0,2,1,2,5,212,About to Sleep
17172,2011-09-22 09:36:00,78,1,317.76,2,1,2,5,212,About to Sleep
15243,2011-09-26 14:12:00,74,1,316.68,2,1,2,5,212,About to Sleep
16761,2011-09-04 11:15:00,96,1,316.62,2,1,2,5,212,About to Sleep
14479,2011-03-31 09:07:00,253,2,316.25,1,2,2,5,122,Standard
16091,2011-07-08 08:45:00,154,2,315.06,1,2,2,5,122,Standard
15766,2011-10-06 17:03:00,64,1,315.06,2,1,2,5,212,About to Sleep
16582,2011-08-18 17:02:00,113,1,313.62,2,1,2,5,212,About to Sleep
13845,2011-10-06 08:25:00,64,1,312.98,2,1,2,5,212,About to Sleep
17362,2011-04-14 14:43:00,239,2,312.23,1,2,2,5,122,Standard
17070,2011-08-17 17:01:00,114,1,312.14,2,1,2,5,212,About to Sleep
14951,2011-09-21 15:15:00,79,1,311.69,2,1,2,5,212,About to Sleep
17854,2011-06-07 16:21:00,185,2,311.26,1,2,2,5,122,Standard
13897,2011-10-20 14:30:00,50,1,311.16,2,1,2,5,212,About to Sleep
15185,2011-09-30 14:06:00,70,1,310.62,2,1,2,5,212,About to Sleep
15661,2011-01-26 13:56:00,317,2,309.8,1,2,2,5,122,Standard
17604,2011-05-06 13:43:00,217,2,309.36,1,2,2,5,122,Standard
12884,2011-09-12 13:10:00,88,1,309.05,2,1,2,5,212,About to Sleep
16123,2011-10-19 09:18:00,51,1,307.78,2,1,2,5,212,About to Sleep
13142,2011-11-20 16:07:00,19,1,307.09,3,1,1,5,311,Potential Loyalists
15659,2011-10-27 09:23:00,43,1,306.45,3,1,1,5,311,Potential Loyalists
15667,2011-10-31 10:56:00,39,1,301.32,3,1,1,5,311,Potential Loyalists
15857,2011-11-21 12:18:00,18,1,297.0,3,1,1,5,311,Potential Loyalists
16998,2011-07-13 09:44:00,149,4,295.0,1,3,1,5,131,Need Attention
15545,2011-10-16 13:24:00,54,2,292.72,2,2,1,5,221,About to Sleep
13449,2011-11-16 08:28:00,23,1,291.88,3,1,1,5,311,Potential Loyalists
14947,2011-09-28 15:48:00,72,2,290.82,2,2,1,5,221,About to Sleep
16648,2011-10-28 08:58:00,42,1,290.66,3,1,1,5,311,Potential Loyalists
14953,2011-11-14 14:59:00,25,1,289.82,3,1,1,5,311,Potential Loyalists
16808,2011-09-01 19:34:00,99,2,288.42,2,2,1,5,221,About to Sleep
17977,2011-11-10 13:28:00,29,1,288.14,3,1,1,5,311,Potential Loyalists
13760,2011-10-16 16:13:00,54,2,286.79,2,2,1,5,221,About to Sleep
14660,2011-09-14 11:34:00,86,2,285.74,2,2,1,5,221,About to Sleep
17636,2011-11-20 14:40:00,19,1,285.56,3,1,1,5,311,Potential Loyalists
17783,2011-09-28 16:07:00,72,2,283.47,2,2,1,5,221,About to Sleep
17403,2011-11-03 15:18:00,36,1,281.62,3,1,1,5,311,Potential Loyalists
15556,2011-11-15 16:08:00,24,1,279.77,3,1,1,5,311,Potential Loyalists
17786,2011-09-15 12:51:00,85,2,278.74,2,2,1,5,221,About to Sleep
14764,2011-10-24 11:54:00,46,1,278.3,3,1,1,5,311,Potential Loyalists
14819,2011-10-06 13:41:00,64,2,272.07,2,2,1,5,221,About to Sleep
17011,2011-11-09 13:30:00,30,1,270.9,3,1,1,5,311,Potential Loyalists
13533,2011-06-10 11:54:00,182,3,270.79,1,3,1,5,131,Need Attention
17550,2011-05-26 14:09:00,197,3,267.16,1,3,1,5,131,Need Attention
15320,2011-10-26 13:27:00,44,1,267.13,3,1,1,5,311,Potential Loyalists
14863,2011-11-10 15:04:00,29,1,266.76,3,1,1,5,311,Potential Loyalists
12492,2011-10-07 15:15:00,63,2,263.21,2,2,1,5,221,About to Sleep
16936,2011-11-14 11:04:00,25,1,262.68,3,1,1,5,311,Potential Loyalists
14053,2011-08-07 14:27:00,124,2,260.25,2,2,1,5,221,About to Sleep
15577,2011-07-11 17:03:00,151,3,258.88,1,3,1,5,131,Need Attention
12430,2011-10-27 15:09:00,43,1,256.4,3,1,1,5,311,Potential Loyalists
17896,2011-11-16 13:59:00,23,1,256.32,3,1,1,5,311,Potential Loyalists
14761,2011-10-12 12:10:00,58,2,255.9,2,2,1,5,221,About to Sleep
15277,2011-10-24 10:08:00,46,1,255.9,3,1,1,5,311,Potential Loyalists
14881,2011-11-20 11:06:00,19,1,255.4,3,1,1,5,311,Potential Loyalists
16226,2011-05-20 14:41:00,203,3,255.12,1,3,1,5,131,Need Attention
12604,2011-09-21 14:08:00,79,2,254.18,2,2,1,5,221,About to Sleep
15689,2011-08-12 09:37:00,119,2,254.1,2,2,1,5,221,About to Sleep
15759,2011-05-05 15:13:00,218,3,253.04,1,3,1,5,131,Need Attention
17111,2011-10-23 15:59:00,47,1,248.61,3,1,1,5,311,Potential Loyalists
16778,2011-09-26 13:48:00,74,2,245.94,2,2,1,5,221,About to Sleep
17771,2011-10-14 11:43:00,56,2,245.81,2,2,1,5,221,About to Sleep
16601,2011-10-30 11:09:00,40,1,244.8,3,1,1,5,311,Potential Loyalists
13103,2011-10-31 09:38:00,39,1,243.94,3,1,1,5,311,Potential Loyalists
15634,2011-11-22 16:28:00,17,1,243.55,3,1,1,5,311,Potential Loyalists
17339,2011-09-06 13:29:00,94,2,243.36,2,2,1,5,221,About to Sleep
15286,2011-10-21 11:08:00,49,1,240.55,3,1,1,5,311,Potential Loyalists
17256,2011-08-24 13:30:00,107,2,240.0,2,2,1,5,221,About to Sleep
17181,2011-10-13 14:48:00,57,2,239.92,2,2,1,5,221,About to Sleep
17684,2011-10-27 11:10:00,43,1,239.41,3,1,1,5,311,Potential Loyalists
18110,2011-11-20 12:34:00,19,1,236.3,3,1,1,5,311,Potential Loyalists
16026,2011-10-27 13:53:00,43,1,236.09,3,1,1,5,311,Potential Loyalists
14473,2011-09-26 15:10:00,74,2,234.34,2,2,1,5,221,About to Sleep
15483,2011-07-01 13:07:00,161,4,233.81,1,3,1,5,131,Need Attention
16445,2011-11-06 12:32:00,33,1,230.51,3,1,1,5,311,Potential Loyalists
12812,2011-10-26 09:54:00,44,1,229.64,3,1,1,5,311,Potential Loyalists
14793,2011-11-18 14:50:00,21,1,228.99,3,1,1,5,311,Potential Loyalists
13146,2011-11-13 15:29:00,26,1,228.91,3,1,1,5,311,Potential Loyalists
16777,2011-09-20 13:41:00,80,2,226.35,2,2,1,5,221,About to Sleep
14624,2011-10-13 13:44:00,57,2,225.85,2,2,1,5,221,About to Sleep
14357,2011-10-27 16:23:00,43,1,225.77,3,1,1,5,311,Potential Loyalists
16690,2011-09-28 15:02:00,72,2,225.58,2,2,1,5,221,About to Sleep
14052,2011-11-20 12:30:00,19,1,225.36,3,1,1,5,311,Potential Loyalists
14929,2011-11-07 17:21:00,32,1,223.88,3,1,1,5,311,Potential Loyalists
13926,2011-11-16 13:16:00,23,1,223.85,3,1,1,5,311,Potential Loyalists
14598,2011-10-26 13:19:00,44,1,221.97,3,1,1,5,311,Potential Loyalists
15096,2011-10-28 10:27:00,42,1,219.39,3,1,1,5,311,Potential Loyalists
12702,2011-11-20 10:36:00,19,1,219.0,3,1,1,5,311,Potential Loyalists
13271,2011-11-02 14:31:00,37,1,217.38,3,1,1,5,311,Potential Loyalists
16080,2011-09-19 10:42:00,81,2,217.16,2,2,1,5,221,About to Sleep
13739,2011-11-21 13:35:00,18,1,216.9,3,1,1,5,311,Potential Loyalists
17580,2011-04-01 12:41:00,252,3,215.72,1,3,1,5,131,Need Attention
16190,2011-10-30 15:59:00,40,1,215.08,3,1,1,5,311,Potential Loyalists
12588,2011-10-31 15:01:00,39,1,214.9,3,1,1,5,311,Potential Loyalists
17153,2011-11-15 13:42:00,24,1,213.78,3,1,1,5,311,Potential Loyalists
16017,2011-10-23 12:56:00,47,1,211.88,3,1,1,5,311,Potential Loyalists
16356,2011-05-26 11:51:00,197,3,211.77,1,3,1,5,131,Need Attention
16415,2011-10-26 13:35:00,44,1,210.35,3,1,1,5,311,Potential Loyalists
13532,2011-11-06 12:25:00,33,1,210.31,3,1,1,5,311,Potential Loyalists
13828,2011-11-17 16:02:00,22,1,209.49,3,1,1,5,311,Potential Loyalists
16914,2011-11-03 15:27:00,36,1,208.46,3,1,1,5,311,Potential Loyalists
15758,2011-11-15 10:48:00,24,1,205.25,3,1,1,5,311,Potential Loyalists
17376,2011-09-30 12:36:00,70,2,203.2,2,2,1,5,221,About to Sleep
13322,2011-11-22 14:21:00,17,1,199.48,3,1,1,5,311,Potential Loyalists
16832,2011-06-08 15:36:00,184,3,199.15,1,3,1,5,131,Need Attention
12581,2011-10-31 08:56:00,39,1,197.71,3,1,1,5,311,Potential Loyalists
14789,2011-11-11 08:59:00,28,1,197.64,3,1,1,5,311,Potential Loyalists
17301,2011-11-18 13:43:00,21,1,197.63,3,1,1,5,311,Potential Loyalists
12586,2011-11-22 16:24:00,17,1,196.94,3,1,1,5,311,Potential Loyalists
16112,2011-07-19 14:28:00,143,4,195.74,1,3,1,5,131,Need Attention
13792,2011-10-04 14:31:00,66,2,195.55,2,2,1,5,221,About to Sleep
17010,2011-11-21 14:49:00,18,1,195.36,3,1,1,5,311,Potential Loyalists
14666,2011-11-15 12:57:00,24,1,195.25,3,1,1,5,311,Potential Loyalists
16887,2011-11-04 14:07:00,35,1,194.88,3,1,1,5,311,Potential Loyalists
15198,2011-09-08 14:42:00,92,2,193.64,2,2,1,5,221,About to Sleep
16847,2011-10-27 13:29:00,43,1,193.44,3,1,1,5,311,Potential Loyalists
17904,2011-11-18 12:57:00,21,1,191.67,3,1,1,5,311,Potential Loyalists
15692,2011-11-11 14:12:00,28,1,191.04,3,1,1,5,311,Potential Loyalists
17233,2011-11-04 14:06:00,35,1,190.88,3,1,1,5,311,Potential Loyalists
13972,2011-09-30 11:54:00,70,2,190.25,2,2,1,5,221,About to Sleep
18045,2011-10-25 13:07:00,45,1,189.4,3,1,1,5,311,Potential Loyalists
12893,2011-11-09 12:34:00,30,1,188.14,3,1,1,5,311,Potential Loyalists
17440,2011-07-06 11:54:00,156,3,186.42,1,3,1,5,131,Need Attention
15567,2011-11-21 10:48:00,18,1,186.01,3,1,1,5,311,Potential Loyalists
17680,2011-11-16 12:42:00,23,1,184.4,3,1,1,5,311,Potential Loyalists
16433,2011-11-11 14:09:00,28,1,184.26,3,1,1,5,311,Potential Loyalists
16680,2011-10-27 17:35:00,43,1,183.7,3,1,1,5,311,Potential Loyalists
16835,2011-08-03 13:50:00,128,2,180.85,2,2,1,5,221,About to Sleep
13710,2011-11-08 08:16:00,31,1,180.48,3,1,1,5,311,Potential Loyalists
13598,2011-10-23 14:28:00,47,1,180.17,3,1,1,5,311,Potential Loyalists
17253,2011-11-21 12:59:00,18,1,178.26,3,1,1,5,311,Potential Loyalists
12618,2011-11-18 11:10:00,21,1,177.31,3,1,1,5,311,Potential Loyalists
17947,2011-11-02 13:05:00,37,1,176.68,3,1,1,5,311,Potential Loyalists
18274,2011-11-09 17:03:00,30,1,175.92,3,1,1,5,311,Potential Loyalists
16861,2011-10-11 09:05:00,59,2,173.76,2,2,1,5,221,About to Sleep
15432,2011-11-16 16:30:00,23,1,171.19,3,1,1,5,311,Potential Loyalists
14860,2011-11-20 14:17:00,19,1,170.32,3,1,1,5,311,Potential Loyalists
14218,2011-10-28 10:00:00,42,1,169.48,3,1,1,5,311,Potential Loyalists
15986,2011-11-09 15:17:00,30,1,168.12,3,1,1,5,311,Potential Loyalists
17561,2011-11-20 12:53:00,19,1,167.62,3,1,1,5,311,Potential Loyalists
16952,2011-08-22 13:03:00,109,2,167.61,2,2,1,5,221,About to Sleep
15920,2011-07-08 15:31:00,154,4,167.5,1,3,1,5,131,Need Attention
18014,2011-11-11 15:28:00,28,1,166.42,3,1,1,5,311,Potential Loyalists
14295,2011-10-30 15:50:00,40,1,166.2,3,1,1,5,311,Potential Loyalists
17650,2011-11-18 14:52:00,21,1,166.08,3,1,1,5,311,Potential Loyalists
14485,2011-11-01 12:25:00,38,1,165.75,3,1,1,5,311,Potential Loyalists
13470,2011-09-01 14:57:00,99,2,165.0,2,2,1,5,221,About to Sleep
13603,2011-11-13 15:57:00,26,1,164.34,3,1,1,5,311,Potential Loyalists
12920,2011-11-22 15:05:00,17,1,164.23,3,1,1,5,311,Potential Loyalists
16406,2011-11-21 11:57:00,18,1,163.07,3,1,1,5,311,Potential Loyalists
17600,2011-11-22 09:43:00,17,1,161.67,3,1,1,5,311,Potential Loyalists
15458,2011-11-14 13:08:00,25,1,161.64,3,1,1,5,311,Potential Loyalists
14362,2011-11-17 15:08:00,22,1,161.2,3,1,1,5,311,Potential Loyalists
17344,2011-10-24 12:56:00,46,1,160.57,3,1,1,5,311,Potential Loyalists
18146,2011-07-22 12:08:00,140,2,160.35,2,2,1,5,221,About to Sleep
14714,2011-11-15 13:07:00,24,1,160.19,3,1,1,5,311,Potential Loyalists
15988,2011-11-20 13:23:00,19,1,158.03,3,1,1,5,311,Potential Loyalists
17832,2011-10-21 11:43:00,49,1,155.37,3,1,1,5,311,Potential Loyalists
16720,2011-11-13 16:22:00,26,1,155.24,3,1,1,5,311,Potential Loyalists
15740,2011-10-21 14:29:00,49,1,154.88,3,1,1,5,311,Potential Loyalists
17286,2011-11-18 12:47:00,21,1,153.92,3,1,1,5,311,Potential Loyalists
14039,2011-11-06 13:48:00,33,1,152.2,3,1,1,5,311,Potential Loyalists
17898,2011-09-15 14:56:00,85,2,152.06,2,2,1,5,221,About to Sleep
13697,2011-11-01 09:14:00,38,1,151.3,3,1,1,5,311,Potential Loyalists
16337,2011-11-03 10:03:00,36,1,151.05,3,1,1,5,311,Potential Loyalists
14073,2011-11-07 15:49:00,32,1,151.04,3,1,1,5,311,Potential Loyalists
15748,2011-10-30 12:51:00,40,1,149.31,3,1,1,5,311,Potential Loyalists
15435,2011-11-17 16:39:00,22,1,149.29,3,1,1,5,311,Potential Loyalists
14968,2011-11-09 13:58:00,30,1,147.59,3,1,1,5,311,Potential Loyalists
14098,2011-11-03 10:13:00,36,1,147.35,3,1,1,5,311,Potential Loyalists
17935,2011-07-24 13:18:00,138,2,145.79,2,2,1,5,221,About to Sleep
14494,2011-11-14 09:21:00,25,1,139.56,3,1,1,5,311,Potential Loyalists
18209,2011-11-11 12:07:00,28,1,139.1,3,1,1,5,311,Potential Loyalists
12512,2011-10-04 14:55:00,66,2,138.03,2,2,1,5,221,About to Sleep
15419,2011-11-15 09:23:00,24,1,135.86,3,1,1,5,311,Potential Loyalists
14174,2011-11-06 13:17:00,33,1,134.46,3,1,1,5,311,Potential Loyalists
12445,2011-11-17 18:43:00,22,1,133.4,3,1,1,5,311,Potential Loyalists
17297,2011-11-22 14:43:00,17,1,131.78,3,1,1,5,311,Potential Loyalists
15844,2011-10-24 15:19:00,46,1,130.74,3,1,1,5,311,Potential Loyalists
16828,2011-09-07 15:10:00,93,2,128.5,2,2,1,5,221,About to Sleep
15463,2011-11-10 12:57:00,29,1,126.14,3,1,1,5,311,Potential Loyalists
13522,2011-11-09 15:11:00,30,1,125.8,3,1,1,5,311,Potential Loyalists
15017,2011-11-06 10:33:00,33,1,125.58,3,1,1,5,311,Potential Loyalists
18018,2011-08-23 17:37:00,108,2,122.14,2,2,1,5,221,About to Sleep
13182,2011-10-25 13:46:00,45,1,121.18,3,1,1,5,311,Potential Loyalists
16666,2011-11-20 14:01:00,19,1,118.98,3,1,1,5,311,Potential Loyalists
13170,2011-11-13 12:19:00,26,1,116.01,3,1,1,5,311,Potential Loyalists
14974,2011-11-02 13:01:00,37,1,114.39,3,1,1,5,311,Potential Loyalists
17219,2011-11-08 11:25:00,31,1,114.23,3,1,1,5,311,Potential Loyalists
12938,2011-11-14 11:21:00,25,1,114.14,3,1,1,5,311,Potential Loyalists
14582,2011-10-30 11:56:00,40,1,114.11,3,1,1,5,311,Potential Loyalists
18105,2011-11-02 12:04:00,37,1,113.48,3,1,1,5,311,Potential Loyalists
17038,2011-11-09 13:50:00,30,1,112.4,3,1,1,5,311,Potential Loyalists
17274,2011-11-04 13:16:00,35,1,111.98,3,1,1,5,311,Potential Loyalists
14641,2011-11-18 10:42:00,21,1,110.46,3,1,1,5,311,Potential Loyalists
17901,2011-11-10 17:29:00,29,1,110.38,3,1,1,5,311,Potential Loyalists
17836,2011-10-23 16:13:00,47,1,110.21,3,1,1,5,311,Potential Loyalists
14345,2011-11-01 09:51:00,38,1,108.98,3,1,1,5,311,Potential Loyalists
14661,2011-11-13 11:51:00,26,1,107.95,3,1,1,5,311,Potential Loyalists
16784,2011-11-20 12:20:00,19,1,107.6,3,1,1,5,311,Potential Loyalists
15168,2011-11-14 11:26:00,25,1,106.56,3,1,1,5,311,Potential Loyalists
17791,2011-11-10 12:09:00,29,1,106.1,3,1,1,5,311,Potential Loyalists
16516,2011-11-09 14:59:00,30,1,101.7,3,1,1,5,311,Potential Loyalists
17538,2011-11-14 12:12:00,25,1,98.42,3,1,1,5,311,Potential Loyalists
17895,2011-10-26 17:00:00,44,1,98.0,3,1,1,5,311,Potential Loyalists
12984,2011-11-21 12:37:00,18,1,97.5,3,1,1,5,311,Potential Loyalists
18249,2011-11-22 15:07:00,17,1,95.34,3,1,1,5,311,Potential Loyalists
13283,2011-10-11 09:50:00,59,2,93.66,2,2,1,5,221,About to Sleep
13160,2011-11-17 13:07:00,22,1,91.8,3,1,1,5,311,Potential Loyalists
12659,2011-11-10 11:53:00,29,1,91.68,3,1,1,5,311,Potential Loyalists
13992,2011-11-09 15:23:00,30,1,76.8,3,1,1,5,311,Potential Loyalists
13403,2011-11-22 08:28:00,17,1,75.0,3,1,1,5,311,Potential Loyalists
13938,2011-11-04 14:37:00,35,1,71.66,3,1,1,5,311,Potential Loyalists
17022,2011-11-08 17:09:00,31,1,71.0,3,1,1,5,311,Potential Loyalists
13832,2011-11-20 15:36:00,19,1,52.2,3,1,1,5,311,Potential Loyalists
14080,2011-11-07 11:09:00,32,1,45.6,3,1,1,5,311,Potential Loyalists
15423,2011-11-01 14:01:00,38,1,43.5,3,1,1,5,311,Potential Loyalists
14300,2011-11-21 08:57:00,18,1,43.2,3,1,1,5,311,Potential Loyalists
17831,2011-11-06 15:09:00,33,1,35.4,3,1,1,5,311,Potential Loyalists
15657,2011-11-17 12:19:00,22,1,30.0,3,1,1,5,311,Potential Loyalists
16953,2011-11-09 15:54:00,30,1,20.8,3,1,1,5,311,Potential Loyalists
17508,2011-03-04 08:10:00,280,1,387.31,1,1,2,4,112,Lost / Inactive
13833,2011-07-03 13:27:00,159,1,384.8,1,1,2,4,112,Lost / Inactive
12733,2011-04-19 16:19:00,234,1,383.95,1,1,2,4,112,Lost / Inactive
12515,2010-12-21 15:43:00,353,1,383.7,1,1,2,4,112,Lost / Inactive
14304,2011-05-01 11:50:00,222,1,383.45,1,1,2,4,112,Lost / Inactive
17239,2011-01-31 09:41:00,312,1,382.5,1,1,2,4,112,Lost / Inactive
15090,2011-02-04 14:03:00,308,1,381.32,1,1,2,4,112,Lost / Inactive
17138,2011-03-09 11:54:00,275,1,380.5,1,1,2,4,112,Lost / Inactive
16769,2011-03-24 13:41:00,260,1,380.39,1,1,2,4,112,Lost / Inactive
13936,2011-06-13 08:47:00,179,1,376.58,1,1,2,4,112,Lost / Inactive
16858,2010-12-06 09:52:00,368,1,375.69,1,1,2,4,112,Lost / Inactive
17492,2011-04-05 15:21:00,248,1,374.57,1,1,2,4,112,Lost / Inactive
12873,2011-03-02 14:58:00,282,1,374.0,1,1,2,4,112,Lost / Inactive
16065,2010-12-09 13:03:00,365,1,372.09,1,1,2,4,112,Lost / Inactive
13300,2011-06-23 13:09:00,169,1,371.89,1,1,2,4,112,Lost / Inactive
15063,2011-05-10 13:25:00,213,1,370.8,1,1,2,4,112,Lost / Inactive
15922,2010-12-01 13:51:00,373,1,369.5,1,1,2,4,112,Lost / Inactive
14888,2011-05-16 14:58:00,207,1,369.2,1,1,2,4,112,Lost / Inactive
16202,2010-12-14 10:43:00,360,1,365.27,1,1,2,4,112,Lost / Inactive
14886,2011-04-01 08:56:00,252,1,364.8,1,1,2,4,112,Lost / Inactive
12373,2011-02-01 13:10:00,311,1,364.6,1,1,2,4,112,Lost / Inactive
16509,2011-02-16 09:25:00,296,1,363.7,1,1,2,4,112,Lost / Inactive
18056,2011-02-24 14:27:00,288,1,363.65,1,1,2,4,112,Lost / Inactive
14932,2010-12-09 11:48:00,365,1,363.53,1,1,2,4,112,Lost / Inactive
13291,2011-07-07 10:36:00,155,1,361.11,1,1,2,4,112,Lost / Inactive
17948,2011-07-15 12:58:00,147,1,358.56,1,1,2,4,112,Lost / Inactive
16823,2011-04-26 15:00:00,227,1,358.38,1,1,2,4,112,Lost / Inactive
13976,2011-05-17 09:13:00,206,1,357.98,1,1,2,4,112,Lost / Inactive
16274,2010-12-01 15:35:00,373,1,357.95,1,1,2,4,112,Lost / Inactive
13642,2011-05-08 12:34:00,215,1,354.8,1,1,2,4,112,Lost / Inactive
13343,2011-06-15 12:24:00,177,1,353.43,1,1,2,4,112,Lost / Inactive
17976,2010-12-02 13:49:00,372,1,353.19,1,1,2,4,112,Lost / Inactive
15789,2010-12-16 14:35:00,358,1,351.3,1,1,2,4,112,Lost / Inactive
13740,2011-04-13 10:32:00,240,1,350.75,1,1,2,4,112,Lost / Inactive
13108,2010-12-02 10:35:00,372,1,350.06,1,1,2,4,112,Lost / Inactive
13887,2011-05-19 17:22:00,204,1,349.55,1,1,2,4,112,Lost / Inactive
18250,2011-02-02 13:16:00,310,1,349.27,1,1,2,4,112,Lost / Inactive
15405,2011-06-03 14:44:00,189,1,349.1,1,1,2,4,112,Lost / Inactive
16159,2011-03-03 12:27:00,281,1,348.2,1,1,2,4,112,Lost / Inactive
13052,2011-05-11 14:12:00,212,1,348.15,1,1,2,4,112,Lost / Inactive
13062,2011-06-01 15:12:00,191,1,346.98,1,1,2,4,112,Lost / Inactive
17123,2011-07-01 10:47:00,161,1,345.3,1,1,2,4,112,Lost / Inactive
14633,2011-03-18 17:07:00,266,1,344.9,1,1,2,4,112,Lost / Inactive
17569,2011-01-11 14:15:00,332,1,344.14,1,1,2,4,112,Lost / Inactive
15047,2011-03-15 10:49:00,269,1,343.62,1,1,2,4,112,Lost / Inactive
15880,2010-12-05 13:00:00,369,1,343.28,1,1,2,4,112,Lost / Inactive
13737,2011-05-23 16:32:00,200,1,339.6,1,1,2,4,112,Lost / Inactive
16545,2011-06-28 10:37:00,164,1,339.3,1,1,2,4,112,Lost / Inactive
17697,2011-04-17 15:40:00,236,1,338.95,1,1,2,4,112,Lost / Inactive
16105,2011-04-05 10:13:00,248,1,336.96,1,1,2,4,112,Lost / Inactive
15921,2011-06-20 11:03:00,172,1,336.03,1,1,2,4,112,Lost / Inactive
16063,2011-03-24 14:56:00,260,1,335.32,1,1,2,4,112,Lost / Inactive
12489,2011-01-07 13:13:00,336,1,334.93,1,1,2,4,112,Lost / Inactive
14988,2011-05-12 12:05:00,211,1,334.54,1,1,2,4,112,Lost / Inactive
12350,2011-02-02 16:01:00,310,1,334.4,1,1,2,4,112,Lost / Inactive
13216,2011-03-17 12:18:00,267,1,333.74,1,1,2,4,112,Lost / Inactive
16625,2011-03-10 12:50:00,274,1,333.08,1,1,2,4,112,Lost / Inactive
16850,2011-01-10 11:09:00,333,1,332.41,1,1,2,4,112,Lost / Inactive
16030,2011-02-03 11:28:00,309,1,331.24,1,1,2,4,112,Lost / Inactive
15210,2011-04-28 16:11:00,225,1,331.18,1,1,2,4,112,Lost / Inactive
17862,2011-01-20 12:23:00,323,1,330.9,1,1,2,4,112,Lost / Inactive
13706,2011-02-10 09:21:00,302,1,330.79,1,1,2,4,112,Lost / Inactive
15130,2011-06-23 10:15:00,169,1,330.11,1,1,2,4,112,Lost / Inactive
17866,2011-07-20 11:07:00,142,1,329.65,1,1,2,4,112,Lost / Inactive
13239,2011-03-23 10:25:00,261,1,329.56,1,1,2,4,112,Lost / Inactive
14012,2011-03-07 12:26:00,277,1,328.8,1,1,2,4,112,Lost / Inactive
14747,2011-04-04 14:09:00,249,1,328.2,1,1,2,4,112,Lost / Inactive
14206,2011-04-14 16:38:00,239,1,328.16,1,1,2,4,112,Lost / Inactive
15314,2011-05-24 14:39:00,199,1,327.97,1,1,2,4,112,Lost / Inactive
14870,2011-03-23 10:51:00,261,1,327.25,1,1,2,4,112,Lost / Inactive
17715,2011-05-23 12:32:00,200,1,326.4,1,1,2,4,112,Lost / Inactive
15363,2010-12-02 12:28:00,372,1,326.0,1,1,2,4,112,Lost / Inactive
14850,2011-02-01 11:21:00,311,1,325.75,1,1,2,4,112,Lost / Inactive
15944,2011-03-08 10:33:00,276,1,325.1,1,1,2,4,112,Lost / Inactive
12790,2011-05-31 14:14:00,192,1,324.92,1,1,2,4,112,Lost / Inactive
16739,2011-06-16 09:17:00,176,1,323.0,1,1,2,4,112,Lost / Inactive
15236,2011-02-14 10:52:00,298,1,321.05,1,1,2,4,112,Lost / Inactive
16096,2011-03-20 13:38:00,264,1,320.62,1,1,2,4,112,Lost / Inactive
14622,2011-06-08 12:42:00,184,1,320.58,1,1,2,4,112,Lost / Inactive
16967,2011-06-03 14:24:00,189,1,319.02,1,1,2,4,112,Lost / Inactive
12648,2011-07-08 11:55:00,154,1,318.05,1,1,2,4,112,Lost / Inactive
15257,2011-03-01 12:58:00,283,1,317.15,1,1,2,4,112,Lost / Inactive
15204,2010-12-17 13:49:00,357,1,316.58,1,1,2,4,112,Lost / Inactive
13494,2011-02-01 11:58:00,311,1,316.26,1,1,2,4,112,Lost / Inactive
12614,2011-03-07 10:22:00,277,1,315.6,1,1,2,4,112,Lost / Inactive
16193,2011-04-17 11:45:00,236,1,314.45,1,1,2,4,112,Lost / Inactive
16227,2011-04-28 13:33:00,225,1,314.22,1,1,2,4,112,Lost / Inactive
15970,2011-02-09 12:08:00,303,1,314.1,1,1,2,4,112,Lost / Inactive
13484,2011-04-12 16:30:00,241,1,313.8,1,1,2,4,112,Lost / Inactive
14729,2010-12-01 12:43:00,373,1,313.49,1,1,2,4,112,Lost / Inactive
12834,2011-03-02 09:49:00,282,1,312.38,1,1,2,4,112,Lost / Inactive
12785,2010-12-10 13:48:00,364,1,311.95,1,1,2,4,112,Lost / Inactive
16450,2011-07-13 11:47:00,149,1,311.92,1,1,2,4,112,Lost / Inactive
14142,2010-12-01 16:33:00,373,1,311.81,1,1,2,4,112,Lost / Inactive
15326,2011-01-10 11:38:00,333,1,311.71,1,1,2,4,112,Lost / Inactive
14327,2011-06-29 13:58:00,163,1,311.65,1,1,2,4,112,Lost / Inactive
12852,2011-02-18 08:47:00,294,1,311.55,1,1,2,4,112,Lost / Inactive
13990,2011-05-10 15:19:00,213,1,311.3,1,1,2,4,112,Lost / Inactive
16781,2010-12-02 14:26:00,372,1,311.25,1,1,2,4,112,Lost / Inactive
15308,2011-03-10 13:08:00,274,1,310.47,1,1,2,4,112,Lost / Inactive
14311,2011-04-11 10:14:00,242,1,310.26,1,1,2,4,112,Lost / Inactive
14924,2011-04-08 09:25:00,245,1,310.05,1,1,2,4,112,Lost / Inactive
16810,2011-05-31 15:32:00,192,1,309.54,1,1,2,4,112,Lost / Inactive
14339,2011-04-11 11:06:00,242,1,309.52,1,1,2,4,112,Lost / Inactive
14847,2011-07-14 10:52:00,148,1,309.4,1,1,2,4,112,Lost / Inactive
13699,2011-07-07 16:51:00,155,1,308.58,1,1,2,4,112,Lost / Inactive
13369,2010-12-09 11:30:00,365,1,308.28,1,1,2,4,112,Lost / Inactive
13466,2011-06-08 16:39:00,184,1,307.9,1,1,2,4,112,Lost / Inactive
15973,2010-12-08 11:42:00,366,1,307.82,1,1,2,4,112,Lost / Inactive
13395,2011-06-07 15:04:00,185,1,307.72,1,1,2,4,112,Lost / Inactive
13060,2011-03-31 11:37:00,253,1,307.53,1,1,2,4,112,Lost / Inactive
17120,2011-04-20 15:21:00,233,1,307.46,1,1,2,4,112,Lost / Inactive
17334,2011-02-10 14:59:00,302,2,307.02,1,2,1,4,121,Standard
13718,2011-04-07 13:24:00,246,2,306.55,1,2,1,4,121,Standard
16796,2011-09-11 14:01:00,89,1,305.62,2,1,1,4,211,About to Sleep
16181,2011-09-27 13:38:00,73,1,305.54,2,1,1,4,211,About to Sleep
13045,2011-09-01 15:04:00,99,1,305.28,2,1,1,4,211,About to Sleep
17941,2011-08-01 08:30:00,130,1,304.56,2,1,1,4,211,About to Sleep
16217,2011-04-18 13:31:00,235,2,304.25,1,2,1,4,121,Standard
16400,2011-09-06 12:27:00,94,1,303.93,2,1,1,4,211,About to Sleep
17433,2011-09-12 14:24:00,88,1,303.16,2,1,1,4,211,About to Sleep
16104,2011-10-09 10:23:00,61,1,302.36,2,1,1,4,211,About to Sleep
16292,2011-08-10 12:24:00,121,1,302.25,2,1,1,4,211,About to Sleep
17506,2011-09-25 11:39:00,75,1,302.2,2,1,1,4,211,About to Sleep
16715,2011-09-22 18:15:00,78,1,301.72,2,1,1,4,211,About to Sleep
15623,2011-07-21 17:26:00,141,1,301.03,2,1,1,4,211,About to Sleep
13479,2011-05-23 10:45:00,200,2,300.95,1,2,1,4,121,Standard
16430,2011-10-13 14:47:00,57,1,300.85,2,1,1,4,211,About to Sleep
15254,2011-08-04 15:04:00,127,1,300.36,2,1,1,4,211,About to Sleep
18053,2011-09-30 09:05:00,70,1,300.02,2,1,1,4,211,About to Sleep
16402,2011-03-20 12:25:00,264,2,299.6,1,2,1,4,121,Standard
18215,2011-09-11 16:05:00,89,1,299.34,2,1,1,4,211,About to Sleep
17824,2011-10-19 14:14:00,51,1,298.4,2,1,1,4,211,About to Sleep
14985,2011-05-25 14:29:00,198,2,296.75,1,2,1,4,121,Standard
13441,2011-09-09 09:38:00,91,1,296.64,2,1,1,4,211,About to Sleep
15154,2011-09-25 16:05:00,75,1,296.42,2,1,1,4,211,About to Sleep
13504,2011-10-06 13:20:00,64,1,295.93,2,1,1,4,211,About to Sleep
15732,2011-05-11 14:24:00,212,2,294.12,1,2,1,4,121,Standard
12829,2011-01-07 11:13:00,336,2,293.0,1,2,1,4,121,Standard
13259,2011-10-09 10:48:00,61,1,292.32,2,1,1,4,211,About to Sleep
14656,2011-06-23 13:51:00,169,2,291.05,1,2,1,4,121,Standard
17691,2010-12-16 17:20:00,358,2,290.4,1,2,1,4,121,Standard
16897,2011-02-13 15:02:00,299,2,289.78,1,2,1,4,121,Standard
14162,2011-06-19 11:36:00,173,2,289.36,1,2,1,4,121,Standard
17501,2011-05-03 09:47:00,220,2,288.6,1,2,1,4,121,Standard
15396,2011-08-19 10:56:00,112,1,288.18,2,1,1,4,211,About to Sleep
16432,2011-10-06 13:59:00,64,1,287.4,2,1,1,4,211,About to Sleep
16429,2011-08-25 13:54:00,106,1,284.55,2,1,1,4,211,About to Sleep
18190,2011-05-31 14:48:00,192,2,284.46,1,2,1,4,121,Standard
12703,2011-09-29 17:52:00,71,1,283.55,2,1,1,4,211,About to Sleep
17694,2011-07-21 12:00:00,141,1,283.12,2,1,1,4,211,About to Sleep
13754,2011-07-11 11:51:00,151,2,282.6,1,2,1,4,121,Standard
13177,2011-10-06 09:56:00,64,1,282.45,2,1,1,4,211,About to Sleep
16848,2011-10-18 08:42:00,52,1,281.42,2,1,1,4,211,About to Sleep
14242,2011-04-19 11:46:00,234,2,280.55,1,2,1,4,121,Standard
14975,2011-10-13 14:08:00,57,1,279.94,2,1,1,4,211,About to Sleep
14908,2011-09-26 12:56:00,74,1,277.8,2,1,1,4,211,About to Sleep
16883,2011-06-05 12:51:00,187,2,276.73,1,2,1,4,121,Standard
12750,2011-08-03 09:13:00,128,1,275.88,2,1,1,4,211,About to Sleep
14512,2011-06-05 12:39:00,187,2,275.28,1,2,1,4,121,Standard
17498,2011-09-25 12:25:00,75,1,272.22,2,1,1,4,211,About to Sleep
13837,2011-05-12 12:10:00,211,2,271.24,1,2,1,4,121,Standard
15774,2011-10-02 12:04:00,68,1,270.8,2,1,1,4,211,About to Sleep
17708,2011-06-05 10:12:00,187,2,267.08,1,2,1,4,121,Standard
16451,2011-09-13 09:17:00,87,1,266.97,2,1,1,4,211,About to Sleep
15912,2011-06-14 14:29:00,178,2,264.62,1,2,1,4,121,Standard
15894,2011-03-31 13:50:00,253,2,263.55,1,2,1,4,121,Standard
17194,2011-03-11 12:05:00,273,2,262.62,1,2,1,4,121,Standard
16413,2011-10-14 12:08:00,56,1,262.2,2,1,1,4,211,About to Sleep
17125,2011-10-20 14:41:00,50,1,259.35,2,1,1,4,211,About to Sleep
13127,2011-09-23 10:26:00,77,1,259.17,2,1,1,4,211,About to Sleep
16447,2011-07-27 12:45:00,135,1,259.01,2,1,1,4,211,About to Sleep
16048,2010-12-01 15:28:00,373,2,256.44,1,2,1,4,121,Standard
13806,2011-10-07 11:43:00,63,1,256.38,2,1,1,4,211,About to Sleep
15261,2011-07-27 15:20:00,135,1,254.82,2,1,1,4,211,About to Sleep
15035,2011-09-11 11:08:00,89,1,252.73,2,1,1,4,211,About to Sleep
13645,2011-08-11 16:11:00,120,1,252.1,2,1,1,4,211,About to Sleep
13711,2011-05-05 10:31:00,218,2,252.06,1,2,1,4,121,Standard
14501,2011-06-09 12:02:00,183,2,251.21,1,2,1,4,121,Standard
13061,2011-09-28 16:04:00,72,1,248.61,2,1,1,4,211,About to Sleep
15118,2011-07-28 14:54:00,134,1,244.8,2,1,1,4,211,About to Sleep
16793,2011-10-13 15:08:00,57,1,243.84,2,1,1,4,211,About to Sleep
13886,2011-09-29 13:17:00,71,1,243.56,2,1,1,4,211,About to Sleep
16215,2011-09-20 10:18:00,80,1,242.35,2,1,1,4,211,About to Sleep
15776,2011-07-29 13:46:00,133,1,241.62,2,1,1,4,211,About to Sleep
14523,2011-08-23 13:13:00,108,1,241.09,2,1,1,4,211,About to Sleep
16427,2011-03-21 17:10:00,263,2,241.06,1,2,1,4,121,Standard
15598,2011-10-17 16:04:00,53,1,240.68,2,1,1,4,211,About to Sleep
12718,2011-09-29 16:38:00,71,1,238.25,2,1,1,4,211,About to Sleep
16961,2011-08-15 13:46:00,116,1,234.17,2,1,1,4,211,About to Sleep
13348,2011-10-06 17:28:00,64,1,233.76,2,1,1,4,211,About to Sleep
16302,2011-08-05 09:44:00,126,1,233.22,2,1,1,4,211,About to Sleep
16641,2011-08-26 12:49:00,105,1,231.1,2,1,1,4,211,About to Sleep
15866,2011-08-30 14:09:00,101,1,230.53,2,1,1,4,211,About to Sleep
17347,2011-09-14 13:12:00,86,1,228.96,2,1,1,4,211,About to Sleep
17969,2011-06-26 13:00:00,166,2,228.2,1,2,1,4,121,Standard
16527,2011-09-19 16:21:00,81,1,228.06,2,1,1,4,211,About to Sleep
15175,2011-09-29 11:31:00,71,1,224.14,2,1,1,4,211,About to Sleep
16753,2011-10-12 13:14:00,58,1,223.92,2,1,1,4,211,About to Sleep
17534,2011-10-17 12:47:00,53,1,223.36,2,1,1,4,211,About to Sleep
15637,2011-10-18 08:28:00,52,1,223.36,2,1,1,4,211,About to Sleep
15897,2011-05-29 13:50:00,194,2,222.05,1,2,1,4,121,Standard
13419,2011-10-07 12:49:00,63,1,221.06,2,1,1,4,211,About to Sleep
16895,2011-10-06 12:15:00,64,1,219.14,2,1,1,4,211,About to Sleep
15724,2011-05-22 14:40:00,201,2,218.25,1,2,1,4,121,Standard
14570,2011-03-04 10:58:00,280,2,218.06,1,2,1,4,121,Standard
16634,2011-05-01 12:09:00,222,2,217.9,1,2,1,4,121,Standard
13503,2011-09-29 13:23:00,71,1,216.85,2,1,1,4,211,About to Sleep
12897,2011-05-19 12:13:00,204,2,216.5,1,2,1,4,121,Standard
15604,2011-10-18 14:47:00,52,1,216.39,2,1,1,4,211,About to Sleep
14104,2011-07-08 12:50:00,154,2,216.21,1,2,1,4,121,Standard
13858,2011-10-13 16:17:00,57,1,216.17,2,1,1,4,211,About to Sleep
16179,2011-10-10 09:41:00,60,1,215.83,2,1,1,4,211,About to Sleep
16846,2011-10-20 13:55:00,50,1,214.32,2,1,1,4,211,About to Sleep
16647,2011-06-23 11:47:00,169,2,214.06,1,2,1,4,121,Standard
13621,2011-08-15 08:26:00,116,1,213.85,2,1,1,4,211,About to Sleep
13411,2011-08-24 13:57:00,107,1,213.55,2,1,1,4,211,About to Sleep
16591,2011-10-02 10:43:00,68,1,213.5,2,1,1,4,211,About to Sleep
12995,2011-09-15 15:44:00,85,1,211.32,2,1,1,4,211,About to Sleep
15327,2011-10-18 11:55:00,52,1,208.75,2,1,1,4,211,About to Sleep
17514,2011-08-03 15:45:00,128,1,208.65,2,1,1,4,211,About to Sleep
12547,2011-05-26 12:38:00,197,2,207.8,1,2,1,4,121,Standard
13099,2011-09-01 17:40:00,99,1,207.36,2,1,1,4,211,About to Sleep
18126,2011-10-10 12:19:00,60,1,206.83,2,1,1,4,211,About to Sleep
15307,2011-09-05 11:38:00,95,1,205.3,2,1,1,4,211,About to Sleep
13513,2011-08-05 11:50:00,126,1,205.1,2,1,1,4,211,About to Sleep
17206,2011-10-17 13:25:00,53,1,204.24,2,1,1,4,211,About to Sleep
17889,2011-05-11 16:26:00,212,2,203.87,1,2,1,4,121,Standard
14381,2011-10-18 17:10:00,52,1,202.68,2,1,1,4,211,About to Sleep
18169,2011-10-10 12:18:00,60,1,202.65,2,1,1,4,211,About to Sleep
17693,2011-07-25 15:48:00,137,1,200.47,2,1,1,4,211,About to Sleep
13980,2011-10-10 13:34:00,60,1,200.14,2,1,1,4,211,About to Sleep
15593,2011-09-30 11:46:00,70,1,199.8,2,1,1,4,211,About to Sleep
16178,2011-07-24 16:05:00,138,1,197.9,2,1,1,4,211,About to Sleep
12450,2011-07-06 14:41:00,156,2,197.88,1,2,1,4,121,Standard
14830,2011-10-17 14:29:00,53,1,197.13,2,1,1,4,211,About to Sleep
15746,2011-07-28 15:21:00,134,1,196.88,2,1,1,4,211,About to Sleep
17660,2011-07-21 13:37:00,141,1,196.0,2,1,1,4,211,About to Sleep
14100,2011-07-25 11:01:00,137,1,194.9,2,1,1,4,211,About to Sleep
17475,2011-09-21 14:55:00,79,1,194.37,2,1,1,4,211,About to Sleep
15683,2011-08-14 12:56:00,117,1,193.75,2,1,1,4,211,About to Sleep
14806,2011-09-25 15:32:00,75,1,193.39,2,1,1,4,211,About to Sleep
14801,2011-10-09 15:24:00,61,1,193.14,2,1,1,4,211,About to Sleep
14697,2011-05-05 15:39:00,218,2,188.61,1,2,1,4,121,Standard
17781,2011-07-03 16:00:00,159,2,188.02,1,2,1,4,121,Standard
17279,2011-10-13 11:58:00,57,1,187.83,2,1,1,4,211,About to Sleep
18013,2011-07-07 14:11:00,155,2,187.29,1,2,1,4,121,Standard
13672,2011-02-11 13:53:00,301,2,186.39,1,2,1,4,121,Standard
12641,2011-08-16 13:26:00,115,1,185.9,2,1,1,4,211,About to Sleep
16594,2011-09-25 14:08:00,75,1,181.09,2,1,1,4,211,About to Sleep
15886,2011-10-10 14:25:00,60,1,181.09,2,1,1,4,211,About to Sleep
15139,2011-04-14 11:39:00,239,2,178.96,1,2,1,4,121,Standard
13778,2011-08-28 15:25:00,103,1,178.7,2,1,1,4,211,About to Sleep
12923,2011-10-06 16:20:00,64,1,176.97,2,1,1,4,211,About to Sleep
17331,2011-08-08 11:55:00,123,1,175.2,2,1,1,4,211,About to Sleep
14518,2011-10-06 14:43:00,64,1,174.37,2,1,1,4,211,About to Sleep
15335,2011-10-17 12:50:00,53,1,173.97,2,1,1,4,211,About to Sleep
18278,2011-09-27 11:58:00,73,1,173.9,2,1,1,4,211,About to Sleep
18048,2011-05-20 14:58:00,203,2,172.29,1,2,1,4,121,Standard
13690,2011-10-11 15:03:00,59,1,172.25,2,1,1,4,211,About to Sleep
16773,2011-10-13 14:37:00,57,1,171.59,2,1,1,4,211,About to Sleep
16921,2011-10-09 16:22:00,61,1,169.79,2,1,1,4,211,About to Sleep
18099,2011-08-04 15:52:00,127,1,168.31,2,1,1,4,211,About to Sleep
15888,2011-09-20 12:30:00,80,1,168.31,2,1,1,4,211,About to Sleep
15374,2011-08-03 09:59:00,128,1,168.0,2,1,1,4,211,About to Sleep
18088,2011-10-09 13:41:00,61,1,167.67,2,1,1,4,211,About to Sleep
16405,2011-02-10 15:24:00,302,2,167.25,1,2,1,4,121,Standard
18042,2011-10-17 11:49:00,53,1,165.05,2,1,1,4,211,About to Sleep
18200,2011-08-25 18:45:00,106,1,163.8,2,1,1,4,211,About to Sleep
13223,2011-05-23 13:03:00,200,2,163.2,1,2,1,4,121,Standard
15325,2011-08-28 11:55:00,103,1,162.29,2,1,1,4,211,About to Sleep
16932,2011-10-17 14:12:00,53,1,161.94,2,1,1,4,211,About to Sleep
14089,2011-10-14 10:38:00,56,1,161.0,2,1,1,4,211,About to Sleep
15852,2011-06-06 11:22:00,186,2,160.71,1,2,1,4,121,Standard
13420,2011-07-13 08:48:00,149,2,159.85,1,2,1,4,121,Standard
16213,2011-09-22 10:03:00,78,1,159.0,2,1,1,4,211,About to Sleep
15348,2011-09-28 13:17:00,72,1,158.04,2,1,1,4,211,About to Sleep
14799,2011-10-19 16:16:00,51,1,157.7,2,1,1,4,211,About to Sleep
14585,2011-10-20 14:33:00,50,1,157.05,2,1,1,4,211,About to Sleep
14406,2011-08-12 16:54:00,119,1,156.75,2,1,1,4,211,About to Sleep
15438,2011-07-31 14:19:00,131,1,156.58,2,1,1,4,211,About to Sleep
15263,2011-08-25 10:26:00,106,1,156.51,2,1,1,4,211,About to Sleep
14813,2010-12-05 11:57:00,369,2,155.43,1,2,1,4,121,Standard
17026,2011-06-07 14:28:00,185,2,154.83,1,2,1,4,121,Standard
12602,2011-10-12 11:22:00,58,1,153.12,2,1,1,4,211,About to Sleep
16248,2011-10-09 11:32:00,61,1,152.94,2,1,1,4,211,About to Sleep
17707,2011-06-07 15:03:00,185,2,152.4,1,2,1,4,121,Standard
13514,2011-09-27 09:39:00,73,1,152.2,2,1,1,4,211,About to Sleep
16412,2011-10-17 12:35:00,53,1,151.83,2,1,1,4,211,About to Sleep
14208,2011-09-06 12:48:00,94,1,151.74,2,1,1,4,211,About to Sleep
15869,2011-03-07 17:23:00,277,2,149.64,1,2,1,4,121,Standard
17946,2011-04-20 17:00:00,233,2,149.58,1,2,1,4,121,Standard
18262,2011-07-22 16:04:00,140,1,149.48,2,1,1,4,211,About to Sleep
14037,2011-06-16 13:57:00,176,2,147.2,1,2,1,4,121,Standard
12864,2011-07-24 13:03:00,138,1,147.12,2,1,1,4,211,About to Sleep
17030,2011-10-07 08:49:00,63,1,146.87,2,1,1,4,211,About to Sleep
13866,2011-09-26 14:54:00,74,1,145.67,2,1,1,4,211,About to Sleep
15937,2011-10-06 15:48:00,64,1,145.35,2,1,1,4,211,About to Sleep
14109,2011-09-28 10:18:00,72,1,144.2,2,1,1,4,211,About to Sleep
13483,2011-10-05 11:53:00,65,1,140.34,2,1,1,4,211,About to Sleep
14772,2011-08-19 15:04:00,112,1,139.26,2,1,1,4,211,About to Sleep
13273,2011-08-18 14:02:00,113,1,138.98,2,1,1,4,211,About to Sleep
17122,2011-08-12 14:33:00,119,1,138.32,2,1,1,4,211,About to Sleep
15663,2011-08-25 15:50:00,106,1,138.14,2,1,1,4,211,About to Sleep
13279,2011-09-22 17:24:00,78,1,137.75,2,1,1,4,211,About to Sleep
15836,2011-10-20 17:13:00,50,1,137.37,2,1,1,4,211,About to Sleep
12968,2011-08-19 15:44:00,112,1,135.95,2,1,1,4,211,About to Sleep
15276,2011-10-04 16:39:00,66,1,135.31,2,1,1,4,211,About to Sleep
12851,2011-09-04 12:41:00,96,1,135.18,2,1,1,4,211,About to Sleep
13364,2011-09-29 18:13:00,71,1,134.96,2,1,1,4,211,About to Sleep
17647,2011-10-05 15:38:00,65,1,133.06,2,1,1,4,211,About to Sleep
17785,2011-10-17 13:43:00,53,1,131.94,2,1,1,4,211,About to Sleep
12814,2011-08-30 12:11:00,101,1,125.92,2,1,1,4,211,About to Sleep
14861,2011-10-18 12:54:00,52,1,125.79,2,1,1,4,211,About to Sleep
17148,2011-10-19 09:59:00,51,1,124.88,2,1,1,4,211,About to Sleep
13519,2011-09-22 18:24:00,78,1,122.75,2,1,1,4,211,About to Sleep
13876,2011-10-07 10:22:00,63,1,122.7,2,1,1,4,211,About to Sleep
14076,2011-08-02 15:19:00,129,1,122.47,2,1,1,4,211,About to Sleep
13244,2011-09-08 11:46:00,92,1,121.74,2,1,1,4,211,About to Sleep
15512,2011-07-07 10:20:00,155,2,121.0,1,2,1,4,121,Standard
17446,2011-06-16 10:42:00,176,2,120.9,1,2,1,4,121,Standard
14259,2011-07-21 10:44:00,141,1,120.0,2,1,1,4,211,About to Sleep
14314,2011-08-25 10:39:00,106,1,120.0,2,1,1,4,211,About to Sleep
16542,2011-10-17 10:47:00,53,1,119.62,2,1,1,4,211,About to Sleep
17079,2011-09-22 15:34:00,78,1,118.8,2,1,1,4,211,About to Sleep
13193,2011-10-09 14:30:00,61,1,117.88,2,1,1,4,211,About to Sleep
16959,2011-09-13 15:03:00,87,1,117.35,2,1,1,4,211,About to Sleep
13877,2011-09-14 15:49:00,86,1,117.24,2,1,1,4,211,About to Sleep
14143,2011-07-29 09:48:00,133,1,115.8,2,1,1,4,211,About to Sleep
13067,2011-09-18 13:38:00,82,1,115.46,2,1,1,4,211,About to Sleep
18027,2011-09-02 10:38:00,98,1,115.31,2,1,1,4,211,About to Sleep
14972,2011-08-03 14:54:00,128,1,114.77,2,1,1,4,211,About to Sleep
14652,2011-09-23 14:21:00,77,1,114.18,2,1,1,4,211,About to Sleep
15610,2011-10-19 10:36:00,51,1,112.46,2,1,1,4,211,About to Sleep
17900,2011-06-02 14:38:00,190,2,112.2,1,2,1,4,121,Standard
12756,2011-09-14 09:31:00,86,1,112.08,2,1,1,4,211,About to Sleep
17957,2011-10-04 14:58:00,66,1,111.68,2,1,1,4,211,About to Sleep
17887,2011-08-02 17:29:00,129,1,111.35,2,1,1,4,211,About to Sleep
15853,2011-10-19 10:38:00,51,1,110.8,2,1,1,4,211,About to Sleep
16792,2011-03-02 14:41:00,282,2,110.38,1,2,1,4,121,Standard
18277,2011-10-12 15:22:00,58,1,110.38,2,1,1,4,211,About to Sleep
13133,2011-03-11 10:31:00,273,2,109.8,1,2,1,4,121,Standard
16363,2011-10-17 14:14:00,53,1,109.36,2,1,1,4,211,About to Sleep
16106,2011-10-05 10:37:00,65,1,108.38,2,1,1,4,211,About to Sleep
14027,2011-10-10 09:01:00,60,1,104.82,2,1,1,4,211,About to Sleep
15958,2011-09-26 13:41:00,74,1,104.35,2,1,1,4,211,About to Sleep
18255,2011-09-11 13:16:00,89,1,103.3,2,1,1,4,211,About to Sleep
16498,2011-07-01 15:07:00,161,2,100.97,1,2,1,4,121,Standard
17427,2011-09-29 11:29:00,71,1,100.8,2,1,1,4,211,About to Sleep
18033,2011-10-05 17:28:00,65,1,97.97,2,1,1,4,211,About to Sleep
15422,2011-01-20 16:17:00,323,2,97.7,1,2,1,4,121,Standard
15216,2011-09-13 11:41:00,87,1,96.6,2,1,1,4,211,About to Sleep
14642,2011-10-12 11:08:00,58,1,96.12,2,1,1,4,211,About to Sleep
17991,2011-04-28 15:58:00,225,2,93.35,1,2,1,4,121,Standard
14054,2011-10-05 15:49:00,65,1,92.46,2,1,1,4,211,About to Sleep
12789,2011-10-05 13:34:00,65,1,91.85,2,1,1,4,211,About to Sleep
15488,2011-09-08 10:11:00,92,1,91.32,2,1,1,4,211,About to Sleep
13947,2011-10-05 14:42:00,65,1,90.6,2,1,1,4,211,About to Sleep
14436,2011-09-02 10:13:00,98,1,89.06,2,1,1,4,211,About to Sleep
13296,2011-07-25 13:46:00,137,1,87.4,2,1,1,4,211,About to Sleep
15541,2011-08-17 14:58:00,114,1,85.13,2,1,1,4,211,About to Sleep
17309,2011-09-05 15:20:00,95,1,82.75,2,1,1,4,211,About to Sleep
13006,2011-10-14 13:49:00,56,1,81.57,2,1,1,4,211,About to Sleep
17620,2011-10-11 12:08:00,59,1,81.44,2,1,1,4,211,About to Sleep
13106,2011-07-29 15:12:00,133,1,76.5,2,1,1,4,211,About to Sleep
17628,2011-09-19 15:21:00,81,1,75.75,2,1,1,4,211,About to Sleep
16468,2011-09-26 14:13:00,74,1,74.9,2,1,1,4,211,About to Sleep
13095,2011-09-30 12:03:00,70,1,74.4,2,1,1,4,211,About to Sleep
16171,2011-10-11 14:51:00,59,1,73.2,2,1,1,4,211,About to Sleep
17747,2011-08-19 08:13:00,112,1,71.4,2,1,1,4,211,About to Sleep
17382,2011-10-05 13:05:00,65,1,65.4,2,1,1,4,211,About to Sleep
13130,2011-09-06 15:30:00,94,1,64.0,2,1,1,4,211,About to Sleep
13218,2011-08-04 16:59:00,127,1,62.64,2,1,1,4,211,About to Sleep
13194,2011-07-27 09:01:00,135,1,60.7,2,1,1,4,211,About to Sleep
13366,2011-10-20 13:37:00,50,1,56.16,2,1,1,4,211,About to Sleep
15504,2011-09-19 13:45:00,81,1,52.83,2,1,1,4,211,About to Sleep
14682,2011-06-05 12:12:00,187,2,52.0,1,2,1,4,121,Standard
15313,2011-08-21 16:02:00,110,1,52.0,2,1,1,4,211,About to Sleep
17844,2011-08-25 11:27:00,106,1,51.56,2,1,1,4,211,About to Sleep
15603,2011-09-22 10:04:00,78,1,48.48,2,1,1,4,211,About to Sleep
18019,2011-10-19 12:10:00,51,1,38.45,2,1,1,4,211,About to Sleep
15744,2011-09-23 09:52:00,77,1,34.8,2,1,1,4,211,About to Sleep
18268,2011-07-28 19:13:00,134,1,25.5,2,1,1,4,211,About to Sleep
17986,2011-10-14 14:22:00,56,1,20.8,2,1,1,4,211,About to Sleep
16093,2011-08-25 11:09:00,106,1,17.0,2,1,1,4,211,About to Sleep
13307,2011-08-11 17:14:00,120,1,15.0,2,1,1,4,211,About to Sleep
16878,2011-09-16 17:39:00,84,1,13.3,2,1,1,4,211,About to Sleep
14792,2011-10-07 09:19:00,63,1,6.2,2,1,1,4,211,About to Sleep
13932,2011-02-18 12:02:00,294,1,307.4,1,1,1,3,111,Lost / Inactive
15087,2011-03-03 10:34:00,281,1,306.94,1,1,1,3,111,Lost / Inactive
17551,2010-12-15 14:12:00,359,1,306.84,1,1,1,3,111,Lost / Inactive
13762,2011-05-05 09:15:00,218,1,306.72,1,1,1,3,111,Lost / Inactive
17176,2011-05-22 12:41:00,201,1,306.13,1,1,1,3,111,Lost / Inactive
13863,2011-04-06 10:20:00,247,1,305.78,1,1,1,3,111,Lost / Inactive
15219,2011-06-16 16:57:00,176,1,305.75,1,1,1,3,111,Lost / Inactive
18220,2011-04-27 09:03:00,226,1,305.28,1,1,1,3,111,Lost / Inactive
12623,2011-03-08 13:50:00,276,1,305.1,1,1,1,3,111,Lost / Inactive
13667,2011-07-13 15:42:00,149,1,305.02,1,1,1,3,111,Lost / Inactive
18185,2011-04-04 13:42:00,249,1,304.25,1,1,1,3,111,Lost / Inactive
17732,2010-12-02 09:29:00,372,1,303.97,1,1,1,3,111,Lost / Inactive
16425,2011-02-10 14:30:00,302,1,302.7,1,1,1,3,111,Lost / Inactive
14248,2011-01-25 14:45:00,318,1,302.58,1,1,1,3,111,Lost / Inactive
18165,2011-06-15 13:23:00,177,1,302.46,1,1,1,3,111,Lost / Inactive
17094,2011-01-21 13:09:00,322,1,302.0,1,1,1,3,111,Lost / Inactive
16297,2011-03-16 08:29:00,268,1,301.9,1,1,1,3,111,Lost / Inactive
17978,2010-12-09 14:05:00,365,1,300.92,1,1,1,3,111,Lost / Inactive
14762,2011-03-21 08:20:00,263,1,300.52,1,1,1,3,111,Lost / Inactive
13304,2010-12-23 14:35:00,351,1,300.42,1,1,1,3,111,Lost / Inactive
13745,2011-06-30 16:43:00,162,1,300.04,1,1,1,3,111,Lost / Inactive
17124,2011-06-07 14:02:00,185,1,298.89,1,1,1,3,111,Lost / Inactive
15609,2011-06-08 13:00:00,184,1,298.48,1,1,1,3,111,Lost / Inactive
17678,2011-03-21 11:52:00,263,1,298.11,1,1,1,3,111,Lost / Inactive
12881,2011-03-09 11:44:00,275,1,298.0,1,1,1,3,111,Lost / Inactive
13708,2011-03-13 13:46:00,271,1,296.88,1,1,1,3,111,Lost / Inactive
17531,2011-06-02 19:17:00,190,1,296.7,1,1,1,3,111,Lost / Inactive
13751,2011-02-24 15:56:00,288,1,296.25,1,1,1,3,111,Lost / Inactive
16721,2011-03-22 16:08:00,262,1,292.47,1,1,1,3,111,Lost / Inactive
15279,2010-12-20 10:48:00,354,1,290.51,1,1,1,3,111,Lost / Inactive
16526,2011-06-21 12:02:00,171,1,290.36,1,1,1,3,111,Lost / Inactive
17464,2011-07-04 13:19:00,158,1,289.96,1,1,1,3,111,Lost / Inactive
16125,2010-12-07 15:48:00,367,1,289.35,1,1,1,3,111,Lost / Inactive
14549,2011-02-01 13:47:00,311,1,289.24,1,1,1,3,111,Lost / Inactive
13121,2011-03-15 16:47:00,269,1,283.73,1,1,1,3,111,Lost / Inactive
13439,2011-03-29 14:20:00,255,1,283.71,1,1,1,3,111,Lost / Inactive
17251,2010-12-12 11:06:00,362,1,283.28,1,1,1,3,111,Lost / Inactive
14350,2011-03-10 14:14:00,274,1,282.93,1,1,1,3,111,Lost / Inactive
17968,2010-12-01 12:23:00,373,1,277.35,1,1,1,3,111,Lost / Inactive
13803,2011-03-29 12:57:00,255,1,277.07,1,1,1,3,111,Lost / Inactive
16727,2010-12-10 13:48:00,364,1,272.82,1,1,1,3,111,Lost / Inactive
14816,2011-05-26 13:16:00,197,1,271.85,1,1,1,3,111,Lost / Inactive
17496,2010-12-16 08:39:00,358,1,271.05,1,1,1,3,111,Lost / Inactive
18108,2011-03-30 13:56:00,254,1,271.0,1,1,1,3,111,Lost / Inactive
14727,2011-03-10 14:45:00,274,1,268.58,1,1,1,3,111,Lost / Inactive
15408,2011-03-20 15:02:00,264,1,267.18,1,1,1,3,111,Lost / Inactive
15517,2011-04-20 14:02:00,233,1,267.03,1,1,1,3,111,Lost / Inactive
15119,2011-04-08 09:08:00,245,1,266.4,1,1,1,3,111,Lost / Inactive
15019,2011-03-18 12:35:00,266,1,266.0,1,1,1,3,111,Lost / Inactive
14068,2011-01-23 16:02:00,320,1,265.85,1,1,1,3,111,Lost / Inactive
14423,2011-05-05 15:12:00,218,1,265.2,1,1,1,3,111,Lost / Inactive
13973,2011-02-25 15:21:00,287,1,264.7,1,1,1,3,111,Lost / Inactive
15143,2011-04-28 12:03:00,225,1,259.45,1,1,1,3,111,Lost / Inactive
13227,2011-05-22 11:47:00,201,1,257.7,1,1,1,3,111,Lost / Inactive
14375,2011-06-07 13:44:00,185,1,257.68,1,1,1,3,111,Lost / Inactive
18009,2011-04-18 13:36:00,235,1,257.34,1,1,1,3,111,Lost / Inactive
13626,2011-04-01 10:05:00,252,1,257.23,1,1,1,3,111,Lost / Inactive
12797,2010-12-09 10:55:00,365,1,254.03,1,1,1,3,111,Lost / Inactive
17860,2010-12-06 12:41:00,368,1,252.8,1,1,1,3,111,Lost / Inactive
15346,2011-01-11 11:18:00,332,1,252.42,1,1,1,3,111,Lost / Inactive
16976,2011-03-17 16:33:00,267,1,251.52,1,1,1,3,111,Lost / Inactive
13512,2011-03-24 10:03:00,260,1,251.21,1,1,1,3,111,Lost / Inactive
17303,2010-12-13 13:32:00,361,1,250.04,1,1,1,3,111,Lost / Inactive
15510,2011-01-13 12:10:00,330,1,250.0,1,1,1,3,111,Lost / Inactive
17456,2010-12-09 15:23:00,365,1,249.86,1,1,1,3,111,Lost / Inactive
16124,2011-01-26 14:45:00,317,1,249.0,1,1,1,3,111,Lost / Inactive
18212,2011-01-17 16:14:00,326,1,248.42,1,1,1,3,111,Lost / Inactive
16510,2010-12-02 13:39:00,372,1,248.1,1,1,1,3,111,Lost / Inactive
18072,2011-06-07 10:44:00,185,1,247.44,1,1,1,3,111,Lost / Inactive
17051,2011-05-29 14:13:00,194,1,247.14,1,1,1,3,111,Lost / Inactive
17278,2011-04-12 13:10:00,241,1,246.04,1,1,1,3,111,Lost / Inactive
17925,2010-12-02 10:10:00,372,1,244.08,1,1,1,3,111,Lost / Inactive
18193,2011-06-27 13:58:00,165,1,243.76,1,1,1,3,111,Lost / Inactive
17908,2010-12-01 11:45:00,373,1,243.28,1,1,1,3,111,Lost / Inactive
14647,2011-05-22 13:40:00,201,1,243.22,1,1,1,3,111,Lost / Inactive
13570,2011-04-10 13:36:00,243,1,239.49,1,1,1,3,111,Lost / Inactive
16756,2011-05-09 09:33:00,214,1,239.4,1,1,1,3,111,Lost / Inactive
12561,2011-02-10 11:39:00,302,1,238.85,1,1,1,3,111,Lost / Inactive
17877,2011-06-22 13:00:00,170,1,237.61,1,1,1,3,111,Lost / Inactive
14586,2011-03-08 10:04:00,276,1,237.36,1,1,1,3,111,Lost / Inactive
15457,2011-03-22 15:31:00,262,1,237.07,1,1,1,3,111,Lost / Inactive
12732,2011-06-13 11:33:00,179,1,236.26,1,1,1,3,111,Lost / Inactive
13187,2011-01-06 18:57:00,337,1,236.02,1,1,1,3,111,Lost / Inactive
17060,2011-03-18 13:27:00,266,1,234.24,1,1,1,3,111,Lost / Inactive
12736,2011-01-11 07:57:00,332,1,234.0,1,1,1,3,111,Lost / Inactive
16583,2010-12-01 12:03:00,373,1,233.45,1,1,1,3,111,Lost / Inactive
13678,2011-07-11 10:14:00,151,1,232.6,1,1,1,3,111,Lost / Inactive
18213,2011-04-17 10:21:00,236,1,232.48,1,1,1,3,111,Lost / Inactive
16117,2011-06-03 11:42:00,189,1,232.21,1,1,1,3,111,Lost / Inactive
13786,2010-12-07 13:53:00,367,1,230.4,1,1,1,3,111,Lost / Inactive
16926,2010-12-03 13:42:00,371,1,230.25,1,1,1,3,111,Lost / Inactive
13474,2011-04-17 13:53:00,236,1,229.59,1,1,1,3,111,Lost / Inactive
13008,2011-01-20 14:24:00,323,1,229.47,1,1,1,3,111,Lost / Inactive
15528,2011-03-30 16:14:00,254,1,229.33,1,1,1,3,111,Lost / Inactive
13712,2011-04-07 12:33:00,246,1,228.84,1,1,1,3,111,Lost / Inactive
13070,2011-05-31 13:45:00,192,1,228.8,1,1,1,3,111,Lost / Inactive
17212,2011-03-31 19:42:00,253,1,226.85,1,1,1,3,111,Lost / Inactive
16315,2011-01-13 11:57:00,330,1,226.37,1,1,1,3,111,Lost / Inactive
16619,2011-03-21 08:18:00,263,1,226.21,1,1,1,3,111,Lost / Inactive
12672,2011-01-14 09:20:00,329,1,225.9,1,1,1,3,111,Lost / Inactive
17789,2011-03-03 13:14:00,281,1,225.9,1,1,1,3,111,Lost / Inactive
12402,2011-01-20 13:49:00,323,1,225.6,1,1,1,3,111,Lost / Inactive
16587,2011-04-21 15:51:00,232,1,225.15,1,1,1,3,111,Lost / Inactive
17171,2011-02-23 16:37:00,289,1,224.91,1,1,1,3,111,Lost / Inactive
16471,2011-03-10 09:41:00,274,1,223.95,1,1,1,3,111,Lost / Inactive
13382,2011-03-04 10:03:00,280,1,222.99,1,1,1,3,111,Lost / Inactive
16392,2011-03-15 12:11:00,269,1,221.19,1,1,1,3,111,Lost / Inactive
18114,2011-02-22 13:20:00,290,1,220.1,1,1,1,3,111,Lost / Inactive
13600,2011-01-31 15:27:00,312,1,219.52,1,1,1,3,111,Lost / Inactive
17619,2011-01-31 14:18:00,312,1,218.52,1,1,1,3,111,Lost / Inactive
12574,2011-01-28 09:20:00,315,1,218.45,1,1,1,3,111,Lost / Inactive
15554,2011-03-07 09:00:00,277,1,217.2,1,1,1,3,111,Lost / Inactive
15460,2010-12-20 16:08:00,354,1,216.76,1,1,1,3,111,Lost / Inactive
15052,2011-01-24 15:52:00,319,1,215.78,1,1,1,3,111,Lost / Inactive
14476,2011-03-27 15:39:00,257,1,215.7,1,1,1,3,111,Lost / Inactive
12831,2011-03-22 13:02:00,262,1,215.05,1,1,1,3,111,Lost / Inactive
16338,2011-07-05 13:56:00,157,1,214.8,1,1,1,3,111,Lost / Inactive
14241,2011-06-09 11:46:00,183,1,213.7,1,1,1,3,111,Lost / Inactive
15703,2011-03-20 10:51:00,264,1,211.5,1,1,1,3,111,Lost / Inactive
17855,2010-12-02 09:44:00,372,1,208.97,1,1,1,3,111,Lost / Inactive
16457,2011-05-05 13:19:00,218,1,208.36,1,1,1,3,111,Lost / Inactive
18191,2011-03-23 12:08:00,261,1,207.8,1,1,1,3,111,Lost / Inactive
16752,2010-12-02 12:18:00,372,1,207.5,1,1,1,3,111,Lost / Inactive
17923,2011-03-02 15:15:00,282,1,207.5,1,1,1,3,111,Lost / Inactive
16323,2011-05-27 14:48:00,196,1,207.5,1,1,1,3,111,Lost / Inactive
15925,2011-05-29 15:35:00,194,1,207.15,1,1,1,3,111,Lost / Inactive
15820,2011-01-24 12:00:00,319,1,206.98,1,1,1,3,111,Lost / Inactive
14964,2011-04-06 14:13:00,247,1,206.21,1,1,1,3,111,Lost / Inactive
13065,2010-12-01 16:52:00,373,1,205.86,1,1,1,3,111,Lost / Inactive
17670,2011-04-26 09:12:00,227,1,205.7,1,1,1,3,111,Lost / Inactive
17843,2011-02-09 15:33:00,303,1,205.48,1,1,1,3,111,Lost / Inactive
15319,2011-03-01 12:48:00,283,1,204.5,1,1,1,3,111,Lost / Inactive
17187,2011-04-27 12:39:00,226,1,203.95,1,1,1,3,111,Lost / Inactive
17394,2011-05-04 13:22:00,219,1,203.87,1,1,1,3,111,Lost / Inactive
17891,2011-06-30 20:08:00,162,1,203.86,1,1,1,3,111,Lost / Inactive
15723,2010-12-10 11:12:00,364,1,203.1,1,1,1,3,111,Lost / Inactive
15347,2010-12-08 15:25:00,366,1,201.6,1,1,1,3,111,Lost / Inactive
13295,2010-12-15 11:21:00,359,1,201.2,1,1,1,3,111,Lost / Inactive
13284,2011-01-13 09:23:00,330,1,201.19,1,1,1,3,111,Lost / Inactive
16965,2011-04-27 12:08:00,226,1,201.19,1,1,1,3,111,Lost / Inactive
13859,2011-01-17 16:14:00,326,1,201.16,1,1,1,3,111,Lost / Inactive
13262,2011-03-21 15:06:00,263,1,200.29,1,1,1,3,111,Lost / Inactive
15437,2011-03-22 13:11:00,262,1,200.16,1,1,1,3,111,Lost / Inactive
14782,2011-01-24 11:12:00,319,1,200.1,1,1,1,3,111,Lost / Inactive
13723,2011-05-06 17:04:00,217,1,199.85,1,1,1,3,111,Lost / Inactive
17987,2011-06-07 14:22:00,185,1,198.57,1,1,1,3,111,Lost / Inactive
14185,2011-01-12 13:52:00,331,1,197.65,1,1,1,3,111,Lost / Inactive
16829,2011-07-06 10:48:00,156,1,197.22,1,1,1,3,111,Lost / Inactive
15234,2011-03-08 08:53:00,276,1,197.0,1,1,1,3,111,Lost / Inactive
17343,2010-12-19 15:07:00,355,1,193.64,1,1,1,3,111,Lost / Inactive
13568,2011-06-19 14:42:00,173,1,192.85,1,1,1,3,111,Lost / Inactive
12791,2010-12-01 11:27:00,373,1,192.6,1,1,1,3,111,Lost / Inactive
15909,2011-06-19 10:38:00,173,1,191.94,1,1,1,3,111,Lost / Inactive
13033,2010-12-17 14:23:00,357,1,190.55,1,1,1,3,111,Lost / Inactive
15412,2011-06-21 15:24:00,171,1,190.53,1,1,1,3,111,Lost / Inactive
12361,2011-02-25 13:51:00,287,1,189.9,1,1,1,3,111,Lost / Inactive
13826,2011-06-16 13:48:00,176,1,189.5,1,1,1,3,111,Lost / Inactive
13663,2011-06-13 15:44:00,179,1,189.47,1,1,1,3,111,Lost / Inactive
16448,2011-05-25 16:28:00,198,1,188.89,1,1,1,3,111,Lost / Inactive
14722,2011-07-15 14:58:00,147,1,187.92,1,1,1,3,111,Lost / Inactive
17574,2011-04-11 09:47:00,242,1,185.65,1,1,1,3,111,Lost / Inactive
14199,2011-05-05 13:44:00,218,1,185.4,1,1,1,3,111,Lost / Inactive
16097,2011-04-13 13:47:00,240,1,185.05,1,1,1,3,111,Lost / Inactive
13482,2011-04-21 17:03:00,232,1,184.64,1,1,1,3,111,Lost / Inactive
14326,2011-04-11 15:04:00,242,1,183.85,1,1,1,3,111,Lost / Inactive
14059,2011-03-18 10:06:00,266,1,183.6,1,1,1,3,111,Lost / Inactive
13059,2011-04-04 10:40:00,249,1,183.4,1,1,1,3,111,Lost / Inactive
14082,2010-12-10 11:02:00,364,1,182.25,1,1,1,3,111,Lost / Inactive
18119,2010-12-07 11:59:00,367,1,181.12,1,1,1,3,111,Lost / Inactive
15945,2010-12-09 13:14:00,365,1,181.0,1,1,1,3,111,Lost / Inactive
15292,2011-05-22 15:00:00,201,1,180.94,1,1,1,3,111,Lost / Inactive
18280,2011-03-07 09:52:00,277,1,180.6,1,1,1,3,111,Lost / Inactive
15041,2011-06-22 16:16:00,170,1,180.35,1,1,1,3,111,Lost / Inactive
12622,2011-04-21 16:39:00,232,1,180.1,1,1,1,3,111,Lost / Inactive
15895,2011-07-13 10:27:00,149,1,179.17,1,1,1,3,111,Lost / Inactive
15454,2010-12-12 14:21:00,362,1,179.1,1,1,1,3,111,Lost / Inactive
16990,2011-05-05 08:30:00,218,1,179.0,1,1,1,3,111,Lost / Inactive
14705,2011-05-25 12:39:00,198,1,179.0,1,1,1,3,111,Lost / Inactive
15262,2011-01-20 12:16:00,323,1,178.95,1,1,1,3,111,Lost / Inactive
17879,2011-06-19 12:36:00,173,1,178.52,1,1,1,3,111,Lost / Inactive
17356,2011-02-01 11:07:00,311,1,178.22,1,1,1,3,111,Lost / Inactive
16403,2011-01-31 13:39:00,312,1,177.5,1,1,1,3,111,Lost / Inactive
13618,2011-06-19 11:09:00,173,1,177.34,1,1,1,3,111,Lost / Inactive
13072,2011-03-18 08:12:00,266,1,177.15,1,1,1,3,111,Lost / Inactive
12509,2011-02-28 14:45:00,284,1,176.5,1,1,1,3,111,Lost / Inactive
17582,2011-04-17 13:18:00,236,1,175.27,1,1,1,3,111,Lost / Inactive
16144,2011-04-07 10:09:00,246,1,175.2,1,1,1,3,111,Lost / Inactive
18010,2011-03-28 12:27:00,256,1,174.8,1,1,1,3,111,Lost / Inactive
14355,2010-12-09 12:16:00,365,1,174.4,1,1,1,3,111,Lost / Inactive
16565,2010-12-10 15:21:00,364,1,173.7,1,1,1,3,111,Lost / Inactive
12441,2010-12-08 10:45:00,366,1,173.55,1,1,1,3,111,Lost / Inactive
15670,2011-02-16 10:50:00,296,1,173.05,1,1,1,3,111,Lost / Inactive
14693,2011-03-20 12:50:00,264,1,172.9,1,1,1,3,111,Lost / Inactive
13922,2010-12-23 10:38:00,351,1,172.25,1,1,1,3,111,Lost / Inactive
14536,2011-03-25 12:21:00,259,1,171.8,1,1,1,3,111,Lost / Inactive
17245,2011-05-19 10:43:00,204,1,171.45,1,1,1,3,111,Lost / Inactive
17542,2011-03-15 11:45:00,269,1,170.75,1,1,1,3,111,Lost / Inactive
15016,2011-06-20 12:06:00,172,1,170.04,1,1,1,3,111,Lost / Inactive
18004,2010-12-12 13:47:00,362,1,169.47,1,1,1,3,111,Lost / Inactive
18269,2010-12-08 13:53:00,366,1,168.6,1,1,1,3,111,Lost / Inactive
17367,2011-04-15 14:21:00,238,1,168.4,1,1,1,3,111,Lost / Inactive
16282,2011-01-04 11:42:00,339,1,168.3,1,1,1,3,111,Lost / Inactive
12551,2010-12-17 11:23:00,357,1,168.0,1,1,1,3,111,Lost / Inactive
12817,2011-03-03 16:28:00,281,1,166.04,1,1,1,3,111,Lost / Inactive
14552,2011-07-11 12:49:00,151,1,165.07,1,1,1,3,111,Lost / Inactive
15316,2011-01-17 11:34:00,326,1,165.0,1,1,1,3,111,Lost / Inactive
17535,2011-03-04 15:20:00,280,1,164.4,1,1,1,3,111,Lost / Inactive
17110,2011-06-27 12:58:00,165,1,163.3,1,1,1,3,111,Lost / Inactive
15167,2011-01-23 12:41:00,320,1,163.0,1,1,1,3,111,Lost / Inactive
16517,2011-03-07 13:50:00,277,1,162.7,1,1,1,3,111,Lost / Inactive
15733,2011-03-02 09:05:00,282,1,162.3,1,1,1,3,111,Lost / Inactive
16113,2011-06-09 16:16:00,183,1,161.38,1,1,1,3,111,Lost / Inactive
14237,2010-12-01 13:20:00,373,1,161.0,1,1,1,3,111,Lost / Inactive
13229,2011-04-28 12:07:00,225,1,160.95,1,1,1,3,111,Lost / Inactive
12573,2011-04-26 15:52:00,227,1,160.54,1,1,1,3,111,Lost / Inactive
18203,2011-07-05 13:07:00,157,1,160.42,1,1,1,3,111,Lost / Inactive
18224,2011-03-21 10:30:00,263,1,158.95,1,1,1,3,111,Lost / Inactive
13937,2011-06-23 16:35:00,169,1,158.85,1,1,1,3,111,Lost / Inactive
17165,2011-02-28 16:39:00,284,1,158.68,1,1,1,3,111,Lost / Inactive
15160,2010-12-17 14:15:00,357,1,158.16,1,1,1,3,111,Lost / Inactive
17556,2011-05-18 10:48:00,205,1,157.9,1,1,1,3,111,Lost / Inactive
14148,2011-04-20 12:02:00,233,1,157.2,1,1,1,3,111,Lost / Inactive
17128,2011-01-09 12:02:00,334,1,157.09,1,1,1,3,111,Lost / Inactive
17118,2011-01-26 12:19:00,317,1,157.02,1,1,1,3,111,Lost / Inactive
15007,2011-07-03 16:00:00,159,1,156.91,1,1,1,3,111,Lost / Inactive
13898,2011-01-18 10:28:00,325,1,155.93,1,1,1,3,111,Lost / Inactive
17871,2011-05-19 11:32:00,204,1,155.9,1,1,1,3,111,Lost / Inactive
17899,2011-07-03 14:58:00,159,1,155.8,1,1,1,3,111,Lost / Inactive
12738,2010-12-02 18:27:00,372,1,155.35,1,1,1,3,111,Lost / Inactive
15447,2011-01-13 11:26:00,330,1,155.17,1,1,1,3,111,Lost / Inactive
13809,2011-02-07 13:15:00,305,1,155.05,1,1,1,3,111,Lost / Inactive
14368,2011-01-24 09:52:00,319,1,155.0,1,1,1,3,111,Lost / Inactive
14046,2011-02-28 14:48:00,284,1,154.99,1,1,1,3,111,Lost / Inactive
17698,2011-03-24 11:34:00,260,1,154.95,1,1,1,3,111,Lost / Inactive
15226,2011-02-02 11:41:00,310,1,154.41,1,1,1,3,111,Lost / Inactive
17517,2011-02-04 11:48:00,308,1,153.94,1,1,1,3,111,Lost / Inactive
16351,2011-01-11 10:26:00,332,1,153.9,1,1,1,3,111,Lost / Inactive
17714,2011-01-23 10:32:00,320,1,153.0,1,1,1,3,111,Lost / Inactive
17984,2011-07-17 15:59:00,145,1,152.68,1,1,1,3,111,Lost / Inactive
18138,2011-02-17 14:51:00,295,1,152.65,1,1,1,3,111,Lost / Inactive
14066,2011-03-18 12:21:00,266,1,152.55,1,1,1,3,111,Lost / Inactive
16617,2011-04-18 10:35:00,235,1,151.85,1,1,1,3,111,Lost / Inactive
13462,2011-04-01 11:20:00,252,1,151.5,1,1,1,3,111,Lost / Inactive
16461,2011-06-15 12:07:00,177,1,151.42,1,1,1,3,111,Lost / Inactive
15717,2011-04-19 13:21:00,234,1,150.3,1,1,1,3,111,Lost / Inactive
17234,2011-06-10 11:20:00,182,1,149.89,1,1,1,3,111,Lost / Inactive
17859,2011-02-08 10:32:00,304,1,148.21,1,1,1,3,111,Lost / Inactive
15503,2010-12-12 10:57:00,362,1,147.09,1,1,1,3,111,Lost / Inactive
14238,2011-01-17 14:40:00,326,1,146.85,1,1,1,3,111,Lost / Inactive
16893,2010-12-08 12:06:00,366,1,145.93,1,1,1,3,111,Lost / Inactive
12565,2011-02-24 10:34:00,288,1,145.92,1,1,1,3,111,Lost / Inactive
16598,2011-02-27 11:42:00,285,1,145.05,1,1,1,3,111,Lost / Inactive
17524,2010-12-13 14:32:00,361,1,145.0,1,1,1,3,111,Lost / Inactive
12974,2011-05-26 09:33:00,197,1,144.8,1,1,1,3,111,Lost / Inactive
17578,2011-05-05 18:38:00,218,1,143.46,1,1,1,3,111,Lost / Inactive
15705,2011-05-22 15:37:00,201,1,143.1,1,1,1,3,111,Lost / Inactive
13299,2011-03-16 12:55:00,268,1,142.5,1,1,1,3,111,Lost / Inactive
16287,2011-06-23 09:08:00,169,1,142.5,1,1,1,3,111,Lost / Inactive
13584,2011-02-06 12:49:00,306,1,142.4,1,1,1,3,111,Lost / Inactive
14386,2011-02-16 09:45:00,296,1,142.4,1,1,1,3,111,Lost / Inactive
13561,2011-05-08 12:39:00,215,1,141.86,1,1,1,3,111,Lost / Inactive
14041,2011-03-18 13:25:00,266,1,141.41,1,1,1,3,111,Lost / Inactive
15388,2011-03-14 13:53:00,270,1,140.54,1,1,1,3,111,Lost / Inactive
17718,2011-04-21 13:39:00,232,1,139.35,1,1,1,3,111,Lost / Inactive
16483,2011-05-31 13:08:00,192,1,139.35,1,1,1,3,111,Lost / Inactive
15135,2011-04-14 19:16:00,239,1,139.05,1,1,1,3,111,Lost / Inactive
12902,2011-03-20 12:06:00,264,1,138.68,1,1,1,3,111,Lost / Inactive
13716,2011-03-15 13:49:00,269,1,138.28,1,1,1,3,111,Lost / Inactive
16050,2011-06-19 11:44:00,173,1,137.9,1,1,1,3,111,Lost / Inactive
17709,2011-06-23 11:55:00,169,1,137.45,1,1,1,3,111,Lost / Inactive
14483,2011-03-03 10:26:00,281,1,137.1,1,1,1,3,111,Lost / Inactive
15691,2011-04-01 15:13:00,252,1,136.8,1,1,1,3,111,Lost / Inactive
14247,2011-03-06 15:21:00,278,1,136.77,1,1,1,3,111,Lost / Inactive
17972,2011-04-12 12:16:00,241,1,136.04,1,1,1,3,111,Lost / Inactive
15042,2011-05-24 16:25:00,199,1,135.93,1,1,1,3,111,Lost / Inactive
14889,2011-01-07 15:19:00,336,1,135.9,1,1,1,3,111,Lost / Inactive
15174,2011-01-21 09:06:00,322,1,135.75,1,1,1,3,111,Lost / Inactive
16114,2011-06-22 10:13:00,170,1,135.75,1,1,1,3,111,Lost / Inactive
16665,2010-12-12 14:03:00,362,1,135.4,1,1,1,3,111,Lost / Inactive
16055,2011-05-03 09:26:00,220,1,134.8,1,1,1,3,111,Lost / Inactive
14340,2011-05-05 09:44:00,218,1,134.7,1,1,1,3,111,Lost / Inactive
15562,2010-12-23 09:55:00,351,1,134.55,1,1,1,3,111,Lost / Inactive
12837,2011-06-19 16:07:00,173,1,134.1,1,1,1,3,111,Lost / Inactive
14280,2011-05-27 10:37:00,196,1,134.04,1,1,1,3,111,Lost / Inactive
16424,2011-06-01 13:40:00,191,1,133.56,1,1,1,3,111,Lost / Inactive
17881,2011-02-08 17:16:00,304,1,133.35,1,1,1,3,111,Lost / Inactive
15709,2011-03-01 10:38:00,283,1,133.25,1,1,1,3,111,Lost / Inactive
14438,2011-02-06 14:56:00,306,1,131.9,1,1,1,3,111,Lost / Inactive
17455,2011-05-20 12:31:00,203,1,131.7,1,1,1,3,111,Lost / Inactive
14795,2011-06-26 13:04:00,166,1,131.45,1,1,1,3,111,Lost / Inactive
16679,2010-12-08 13:51:00,366,1,129.75,1,1,1,3,111,Lost / Inactive
16611,2011-06-06 15:46:00,186,1,129.49,1,1,1,3,111,Lost / Inactive
16623,2011-04-08 10:09:00,245,1,129.45,1,1,1,3,111,Lost / Inactive
15543,2011-02-24 15:26:00,288,1,127.86,1,1,1,3,111,Lost / Inactive
13781,2011-04-03 12:08:00,250,1,127.84,1,1,1,3,111,Lost / Inactive
15578,2011-06-30 13:03:00,162,1,127.1,1,1,1,3,111,Lost / Inactive
15923,2010-12-02 12:16:00,372,1,127.08,1,1,1,3,111,Lost / Inactive
14962,2011-03-14 09:42:00,270,1,126.7,1,1,1,3,111,Lost / Inactive
14890,2011-03-31 11:57:00,253,1,125.65,1,1,1,3,111,Lost / Inactive
16849,2011-06-06 09:16:00,186,1,124.57,1,1,1,3,111,Lost / Inactive
16658,2010-12-06 13:47:00,368,1,123.24,1,1,1,3,111,Lost / Inactive
15917,2011-04-06 10:40:00,247,1,123.1,1,1,1,3,111,Lost / Inactive
17967,2010-12-03 11:19:00,371,1,123.07,1,1,1,3,111,Lost / Inactive
14413,2010-12-12 13:37:00,362,1,122.7,1,1,1,3,111,Lost / Inactive
14165,2011-03-09 12:39:00,275,1,122.54,1,1,1,3,111,Lost / Inactive
16073,2011-02-15 15:41:00,297,1,122.4,1,1,1,3,111,Lost / Inactive
15049,2011-03-11 12:13:00,273,1,121.17,1,1,1,3,111,Lost / Inactive
13002,2011-01-25 15:18:00,318,1,120.95,1,1,1,3,111,Lost / Inactive
14453,2011-06-02 14:15:00,190,1,119.93,1,1,1,3,111,Lost / Inactive
15266,2011-01-05 13:40:00,338,1,119.3,1,1,1,3,111,Lost / Inactive
15843,2011-02-09 10:19:00,303,1,118.95,1,1,1,3,111,Lost / Inactive
14155,2011-03-18 14:13:00,266,1,118.75,1,1,1,3,111,Lost / Inactive
13581,2011-02-03 14:41:00,309,1,118.0,1,1,1,3,111,Lost / Inactive
12929,2011-02-01 12:08:00,311,1,117.85,1,1,1,3,111,Lost / Inactive
17654,2011-03-07 13:17:00,277,1,117.55,1,1,1,3,111,Lost / Inactive
17117,2011-02-24 13:54:00,288,1,116.2,1,1,1,3,111,Lost / Inactive
17601,2011-04-14 18:02:00,239,1,116.01,1,1,1,3,111,Lost / Inactive
15350,2010-12-01 13:33:00,373,1,115.65,1,1,1,3,111,Lost / Inactive
14632,2011-03-22 08:49:00,262,1,114.56,1,1,1,3,111,Lost / Inactive
16247,2011-06-22 14:23:00,170,1,114.56,1,1,1,3,111,Lost / Inactive
12651,2011-01-09 12:46:00,334,1,114.0,1,1,1,3,111,Lost / Inactive
14457,2011-02-02 09:39:00,310,1,113.64,1,1,1,3,111,Lost / Inactive
15445,2011-03-20 15:06:00,264,1,113.5,1,1,1,3,111,Lost / Inactive
17217,2011-04-19 17:19:00,234,1,113.5,1,1,1,3,111,Lost / Inactive
16913,2011-02-22 12:56:00,290,1,113.44,1,1,1,3,111,Lost / Inactive
15280,2011-06-20 17:14:00,172,1,113.12,1,1,1,3,111,Lost / Inactive
14689,2011-05-15 11:22:00,208,1,112.8,1,1,1,3,111,Lost / Inactive
13161,2011-01-30 14:03:00,313,1,112.75,1,1,1,3,111,Lost / Inactive
16697,2011-04-12 17:12:00,241,1,112.75,1,1,1,3,111,Lost / Inactive
13807,2010-12-07 15:48:00,367,1,112.6,1,1,1,3,111,Lost / Inactive
18129,2011-04-10 14:16:00,243,1,112.55,1,1,1,3,111,Lost / Inactive
14271,2011-04-28 12:47:00,225,1,112.32,1,1,1,3,111,Lost / Inactive
17893,2011-04-28 13:50:00,225,1,112.25,1,1,1,3,111,Lost / Inactive
18120,2011-05-09 13:45:00,214,1,111.15,1,1,1,3,111,Lost / Inactive
13508,2011-04-10 11:58:00,243,1,110.97,1,1,1,3,111,Lost / Inactive
13144,2011-01-11 11:15:00,332,1,110.95,1,1,1,3,111,Lost / Inactive
15537,2011-06-29 13:10:00,163,1,110.92,1,1,1,3,111,Lost / Inactive
17349,2011-06-13 14:29:00,179,1,110.75,1,1,1,3,111,Lost / Inactive
16963,2011-06-05 13:48:00,187,1,110.55,1,1,1,3,111,Lost / Inactive
12734,2010-12-22 12:47:00,352,1,110.4,1,1,1,3,111,Lost / Inactive
17746,2011-04-13 14:31:00,240,1,110.25,1,1,1,3,111,Lost / Inactive
16339,2011-02-28 13:41:00,284,1,109.95,1,1,1,3,111,Lost / Inactive
14699,2011-05-09 14:54:00,214,1,109.13,1,1,1,3,111,Lost / Inactive
17639,2011-03-08 15:22:00,276,1,108.5,1,1,1,3,111,Lost / Inactive
13226,2011-03-11 14:35:00,273,1,108.21,1,1,1,3,111,Lost / Inactive
12956,2011-02-06 16:08:00,306,1,108.07,1,1,1,3,111,Lost / Inactive
15395,2011-01-18 12:40:00,325,1,107.45,1,1,1,3,111,Lost / Inactive
16757,2011-01-25 11:59:00,318,1,106.83,1,1,1,3,111,Lost / Inactive
15070,2010-12-02 11:23:00,372,1,106.2,1,1,1,3,111,Lost / Inactive
16581,2011-06-10 10:05:00,182,1,105.84,1,1,1,3,111,Lost / Inactive
15775,2011-04-08 12:56:00,245,1,104.9,1,1,1,3,111,Lost / Inactive
15607,2011-01-07 12:44:00,336,1,104.76,1,1,1,3,111,Lost / Inactive
17548,2011-04-20 12:01:00,233,1,103.3,1,1,1,3,111,Lost / Inactive
14542,2011-06-07 08:19:00,185,1,103.25,1,1,1,3,111,Lost / Inactive
17962,2011-07-20 14:16:00,142,1,102.83,1,1,1,3,111,Lost / Inactive
18011,2010-12-01 17:35:00,373,1,102.79,1,1,1,3,111,Lost / Inactive
14981,2011-04-07 13:45:00,246,1,102.12,1,1,1,3,111,Lost / Inactive
13948,2010-12-14 10:18:00,360,1,102.0,1,1,1,3,111,Lost / Inactive
15212,2011-04-12 13:45:00,241,1,101.8,1,1,1,3,111,Lost / Inactive
18068,2011-02-23 14:50:00,289,1,101.7,1,1,1,3,111,Lost / Inactive
17643,2010-12-01 14:38:00,373,1,101.55,1,1,1,3,111,Lost / Inactive
16006,2011-05-12 13:12:00,211,1,101.4,1,1,1,3,111,Lost / Inactive
18086,2011-03-10 13:34:00,274,1,101.34,1,1,1,3,111,Lost / Inactive
13101,2011-04-19 14:37:00,234,1,101.19,1,1,1,3,111,Lost / Inactive
16344,2011-07-04 15:50:00,158,1,101.1,1,1,1,3,111,Lost / Inactive
14371,2011-02-17 16:35:00,295,1,100.5,1,1,1,3,111,Lost / Inactive
13703,2011-01-25 13:10:00,318,1,99.5,1,1,1,3,111,Lost / Inactive
17939,2011-07-03 12:27:00,159,1,99.14,1,1,1,3,111,Lost / Inactive
15256,2011-07-14 11:47:00,148,1,98.45,1,1,1,3,111,Lost / Inactive
17325,2011-03-04 13:09:00,280,1,96.8,1,1,1,3,111,Lost / Inactive
12548,2011-06-26 15:35:00,166,1,95.2,1,1,1,3,111,Lost / Inactive
16387,2011-01-21 11:34:00,322,1,94.36,1,1,1,3,111,Lost / Inactive
15397,2011-02-23 09:25:00,289,1,94.0,1,1,1,3,111,Lost / Inactive
18227,2011-05-06 12:23:00,217,1,93.75,1,1,1,3,111,Lost / Inactive
12821,2011-05-09 15:51:00,214,1,92.72,1,1,1,3,111,Lost / Inactive
13551,2011-01-24 14:46:00,319,1,91.8,1,1,1,3,111,Lost / Inactive
14353,2011-05-08 16:06:00,215,1,90.6,1,1,1,3,111,Lost / Inactive
15552,2011-05-06 14:47:00,217,1,90.12,1,1,1,3,111,Lost / Inactive
14117,2011-07-19 09:49:00,143,1,90.0,1,1,1,3,111,Lost / Inactive
14760,2011-02-15 16:27:00,297,1,89.2,1,1,1,3,111,Lost / Inactive
12686,2010-12-03 09:51:00,371,1,89.14,1,1,1,3,111,Lost / Inactive
12353,2011-05-19 17:47:00,204,1,89.0,1,1,1,3,111,Lost / Inactive
15083,2011-03-28 12:18:00,256,1,88.2,1,1,1,3,111,Lost / Inactive
15180,2010-12-07 14:57:00,367,1,87.5,1,1,1,3,111,Lost / Inactive
13841,2011-04-01 12:10:00,252,1,85.0,1,1,1,3,111,Lost / Inactive
15729,2011-05-11 12:36:00,212,1,85.0,1,1,1,3,111,Lost / Inactive
12401,2011-02-09 13:50:00,303,1,84.3,1,1,1,3,111,Lost / Inactive
18281,2011-06-12 10:53:00,180,1,80.82,1,1,1,3,111,Lost / Inactive
13967,2011-07-17 12:02:00,145,1,80.7,1,1,1,3,111,Lost / Inactive
17752,2010-12-15 16:19:00,359,1,80.64,1,1,1,3,111,Lost / Inactive
13747,2010-12-01 10:37:00,373,1,79.6,1,1,1,3,111,Lost / Inactive
15753,2011-02-08 12:41:00,304,1,79.2,1,1,1,3,111,Lost / Inactive
16078,2011-03-01 09:47:00,283,1,79.2,1,1,1,3,111,Lost / Inactive
13132,2011-03-23 12:44:00,261,1,77.3,1,1,1,3,111,Lost / Inactive
14373,2010-12-16 15:40:00,358,1,76.55,1,1,1,3,111,Lost / Inactive
17536,2011-06-15 13:23:00,177,1,76.5,1,1,1,3,111,Lost / Inactive
18113,2010-12-06 12:31:00,368,1,76.32,1,1,1,3,111,Lost / Inactive
14090,2011-01-19 10:51:00,324,1,76.32,1,1,1,3,111,Lost / Inactive
16148,2011-02-16 14:01:00,296,1,76.32,1,1,1,3,111,Lost / Inactive
15668,2011-05-06 10:39:00,217,1,76.32,1,1,1,3,111,Lost / Inactive
17995,2011-03-03 12:30:00,281,1,76.1,1,1,1,3,111,Lost / Inactive
16610,2011-05-04 13:13:00,219,1,75.66,1,1,1,3,111,Lost / Inactive
18050,2010-12-15 14:25:00,359,1,74.4,1,1,1,3,111,Lost / Inactive
17960,2011-06-21 14:15:00,171,1,73.78,1,1,1,3,111,Lost / Inactive
18032,2011-01-09 15:32:00,334,1,73.5,1,1,1,3,111,Lost / Inactive
12506,2011-04-21 08:54:00,232,1,73.5,1,1,1,3,111,Lost / Inactive
17906,2011-04-06 17:25:00,247,1,72.9,1,1,1,3,111,Lost / Inactive
13686,2011-06-10 09:10:00,182,1,72.0,1,1,1,3,111,Lost / Inactive
13185,2011-03-17 11:56:00,267,1,71.4,1,1,1,3,111,Lost / Inactive
14393,2011-05-05 18:16:00,218,1,67.95,1,1,1,3,111,Lost / Inactive
13684,2011-02-27 10:13:00,285,1,67.23,1,1,1,3,111,Lost / Inactive
13302,2011-07-07 17:56:00,155,1,63.75,1,1,1,3,111,Lost / Inactive
17263,2011-05-15 14:32:00,208,1,63.44,1,1,1,3,111,Lost / Inactive
14437,2010-12-09 09:27:00,365,1,63.0,1,1,1,3,111,Lost / Inactive
12665,2011-01-19 08:34:00,324,1,63.0,1,1,1,3,111,Lost / Inactive
14840,2011-03-17 12:00:00,267,1,62.85,1,1,1,3,111,Lost / Inactive
17174,2011-05-06 11:47:00,217,1,59.9,1,1,1,3,111,Lost / Inactive
13391,2011-05-20 10:50:00,203,1,59.8,1,1,1,3,111,Lost / Inactive
13682,2011-06-05 14:06:00,187,1,59.5,1,1,1,3,111,Lost / Inactive
14957,2011-03-31 17:59:00,253,1,58.49,1,1,1,3,111,Lost / Inactive
13080,2011-06-13 14:59:00,179,1,58.08,1,1,1,3,111,Lost / Inactive
17775,2011-03-30 10:50:00,254,1,56.4,1,1,1,3,111,Lost / Inactive
15899,2010-12-06 10:36:00,368,1,56.25,1,1,1,3,111,Lost / Inactive
16349,2011-02-22 12:40:00,290,1,53.5,1,1,1,3,111,Lost / Inactive
14351,2011-06-28 11:56:00,164,1,51.0,1,1,1,3,111,Lost / Inactive
13011,2010-12-02 17:22:00,372,1,50.55,1,1,1,3,111,Lost / Inactive
14821,2010-12-08 08:43:00,366,1,48.8,1,1,1,3,111,Lost / Inactive
16257,2011-06-16 10:11:00,176,1,46.95,1,1,1,3,111,Lost / Inactive
15178,2011-03-24 15:12:00,260,1,40.5,1,1,1,3,111,Lost / Inactive
14589,2010-12-03 11:42:00,371,1,39.75,1,1,1,3,111,Lost / Inactive
12977,2011-07-06 16:40:00,156,1,39.24,1,1,1,3,111,Lost / Inactive
16659,2011-06-03 15:03:00,189,1,39.12,1,1,1,3,111,Lost / Inactive
12855,2010-12-02 09:37:00,372,1,38.1,1,1,1,3,111,Lost / Inactive
16162,2011-04-01 15:03:00,252,1,37.4,1,1,1,3,111,Lost / Inactive
15940,2011-02-01 16:18:00,311,1,35.8,1,1,1,3,111,Lost / Inactive
14576,2010-12-02 17:51:00,372,1,35.4,1,1,1,3,111,Lost / Inactive
16765,2011-02-18 15:41:00,294,1,34.0,1,1,1,3,111,Lost / Inactive
17408,2011-06-29 12:53:00,163,1,32.65,1,1,1,3,111,Lost / Inactive
13120,2011-04-15 10:19:00,238,1,30.6,1,1,1,3,111,Lost / Inactive
17102,2011-03-23 10:08:00,261,1,25.5,1,1,1,3,111,Lost / Inactive
15823,2010-12-02 15:08:00,372,1,15.0,1,1,1,3,111,Lost / Inactive
17763,2011-03-21 14:25:00,263,1,15.0,1,1,1,3,111,Lost / Inactive
17956,2011-04-04 13:47:00,249,1,12.75,1,1,1,3,111,Lost / Inactive
16738,2011-02-15 09:46:00,297,1,3.75,1,1,1,3,111,Lost / Inactive
