CustomerID,last_purchase_date,days_since_last_purchase,frequency,monetary_value,recency_score,frequency_score,monetary_score,rfm_score,customer_segment
14646.0,2011-12-08 12:12:00,5412.070567835588,74,280206.02,1,5,5,11,Cannot Lose Them
18102.0,2011-12-09 11:50:00,5411.0858456133865,60,259657.3,1,5,5,11,Cannot Lose Them
14911.0,2011-12-08 15:54:00,5411.916401168797,201,143825.06,1,5,5,11,Cannot Lose Them
14156.0,2011-11-30 10:54:00,5420.124734502286,55,117379.63,1,5,5,11,Cannot Lose Them
16029.0,2011-11-01 10:27:00,5449.143484502099,63,81024.84,1,5,5,11,Cannot Lose Them
13694.0,2011-12-06 09:32:00,5414.181678946596,50,65039.62,1,5,5,11,Cannot Lose Them
15311.0,2011-12-09 12:00:00,5411.07890116889,91,60767.9,1,5,5,11,Cannot Lose Them
13089.0,2011-12-07 09:02:00,5413.202512280084,97,58825.83,1,5,5,11,Cannot Lose Them
17841.0,2011-12-08 12:07:00,5412.074040057603,124,40991.57,1,5,5,11,Cannot Lose Them
13798.0,2011-12-08 15:51:00,5411.918484502006,57,37153.85,1,5,5,11,Cannot Lose Them
16422.0,2011-11-22 14:00:00,5427.995567835402,51,34684.4,1,5,5,11,Cannot Lose Them
12748.0,2011-12-09 12:20:00,5411.065012279898,210,33719.73,1,5,5,11,Cannot Lose Them
13408.0,2011-12-08 09:05:00,5412.200428946875,62,28117.04,1,5,5,11,Cannot Lose Them
14606.0,2011-12-08 19:28:00,5411.767790057696,93,12156.65,1,5,5,11,Cannot Lose Them
12971.0,2011-12-06 12:20:00,5414.065012279898,86,11189.91,1,5,5,11,Cannot Lose Them
14527.0,2011-12-07 12:19:00,5413.065706724301,55,8508.82,1,5,5,11,Cannot Lose Them
17450.0,2011-12-01 13:29:00,5419.017095613293,46,194550.79,1,4,5,10,Cannot Lose Them
12415.0,2011-11-15 14:22:00,5434.980290057603,21,124914.53,1,4,5,10,Cannot Lose Them
17511.0,2011-12-07 10:12:00,5413.153901169077,31,91062.38,1,4,5,10,Cannot Lose Them
16684.0,2011-12-05 14:06:00,5414.991401168983,28,66653.56,1,4,5,10,Cannot Lose Them
17949.0,2011-12-08 18:46:00,5411.796956724487,45,58510.48,1,4,5,10,Cannot Lose Them
15769.0,2011-12-02 13:52:00,5418.001123391092,26,56252.72,1,4,5,10,Cannot Lose Them
15061.0,2011-12-06 12:06:00,5414.074734502006,48,54534.14,1,4,5,10,Cannot Lose Them
14298.0,2011-12-01 13:12:00,5419.028901169077,44,51527.3,1,4,5,10,Cannot Lose Them
16013.0,2011-12-06 10:36:00,5414.137234502006,47,37130.6,1,4,5,10,Cannot Lose Them
17389.0,2011-12-09 09:38:00,5411.177512280177,34,31833.68,1,4,5,10,Cannot Lose Them
13098.0,2011-12-08 14:14:00,5411.985845613293,28,28882.44,1,4,5,10,Cannot Lose Them
17857.0,2011-12-05 13:13:00,5415.0282067246735,23,26879.04,1,4,5,10,Cannot Lose Them
16333.0,2011-12-02 12:19:00,5418.065706724301,22,26626.8,1,4,5,10,Cannot Lose Them
13777.0,2011-12-09 12:25:00,5411.061540057883,33,25977.16,1,4,5,10,Cannot Lose Them
17675.0,2011-12-08 18:03:00,5411.826817835681,31,20374.28,1,4,5,10,Cannot Lose Them
17381.0,2011-12-01 11:59:00,5419.079595613293,29,20275.61,1,4,5,10,Cannot Lose Them
15039.0,2011-11-30 11:31:00,5420.099040057976,47,19914.44,1,4,5,10,Cannot Lose Them
12471.0,2011-12-07 15:43:00,5412.924040057696,30,19824.05,1,4,5,10,Cannot Lose Them
15159.0,2011-12-08 12:05:00,5412.075428946875,30,18641.01,1,4,5,10,Cannot Lose Them
12901.0,2011-12-01 10:07:00,5419.157373391092,28,17654.54,1,4,5,10,Cannot Lose Them
17428.0,2011-12-09 09:45:00,5411.17265116889,28,17256.85,1,4,5,10,Cannot Lose Them
13767.0,2011-12-07 15:00:00,5412.95390116889,37,17220.36,1,4,5,10,Cannot Lose Them
13881.0,2011-12-06 12:50:00,5414.044178946875,20,17159.52,1,4,5,10,Cannot Lose Them
16839.0,2011-12-01 09:03:00,5419.201817835681,34,16594.35,1,4,5,10,Cannot Lose Them
12921.0,2011-11-30 16:22:00,5419.89695672458,37,16587.09,1,4,5,10,Cannot Lose Them
15856.0,2011-12-05 17:09:00,5414.864317835774,27,16387.57,1,4,5,10,Cannot Lose Them
17677.0,2011-12-08 09:56:00,5412.165012279991,30,16363.23,1,4,5,10,Cannot Lose Them
15189.0,2011-12-08 13:22:00,5412.02195672458,41,16225.39,1,4,5,10,Cannot Lose Them
14051.0,2011-12-09 10:20:00,5411.1483456133865,23,15610.39,1,4,5,10,Cannot Lose Them
16133.0,2011-12-06 11:24:00,5414.103901168797,33,14589.04,1,4,5,10,Cannot Lose Them
16705.0,2011-12-09 12:08:00,5411.0733456132,20,14034.99,1,4,5,10,Cannot Lose Them
12681.0,2011-11-25 11:33:00,5425.097651168704,22,13787.54,1,4,5,10,Cannot Lose Them
12621.0,2011-12-08 11:25:00,5412.103206724394,20,13689.67,1,4,5,10,Cannot Lose Them
15498.0,2011-12-07 12:48:00,5413.045567835681,27,13316.4,1,4,5,10,Cannot Lose Them
16525.0,2011-12-07 15:07:00,5412.949040057603,26,13027.45,1,4,5,10,Cannot Lose Them
13078.0,2011-12-06 15:36:00,5413.928901168983,26,12627.94,1,4,5,10,Cannot Lose Them
12682.0,2011-12-06 10:00:00,5414.162234502379,31,12288.22,1,4,5,10,Cannot Lose Them
13113.0,2011-12-09 12:49:00,5411.044873391278,24,12245.96,1,4,5,10,Cannot Lose Them
14194.0,2011-12-05 10:38:00,5415.1358456132,21,11349.52,1,4,5,10,Cannot Lose Them
14895.0,2011-12-02 09:23:00,5418.187928946689,20,11138.71,1,4,5,10,Cannot Lose Them
17581.0,2011-12-09 12:21:00,5411.064317835495,25,11045.04,1,4,5,10,Cannot Lose Them
13319.0,2011-12-04 13:34:00,5416.013623391278,26,10845.55,1,4,5,10,Cannot Lose Them
16779.0,2011-12-07 14:54:00,5412.958067835774,22,10629.72,1,4,5,10,Cannot Lose Them
17865.0,2011-11-09 12:08:00,5441.0733456132,20,10526.32,1,4,5,10,Cannot Lose Them
15615.0,2011-11-29 14:42:00,5420.966401169077,23,10399.74,1,4,5,10,Cannot Lose Them
13199.0,2011-12-06 12:30:00,5414.058067835402,38,9817.12,1,4,5,10,Cannot Lose Them
15078.0,2011-12-02 15:41:00,5417.9254289465025,32,9743.11,1,4,5,10,Cannot Lose Them
16523.0,2011-12-08 09:06:00,5412.199734502006,21,9418.47,1,4,5,10,Cannot Lose Them
14667.0,2011-11-29 11:30:00,5421.099734502379,25,9241.2,1,4,5,10,Cannot Lose Them
16033.0,2011-12-04 12:44:00,5416.048345613293,20,8816.4,1,4,5,10,Cannot Lose Them
17017.0,2011-12-07 09:32:00,5413.181678946596,20,8694.26,1,4,5,10,Cannot Lose Them
17243.0,2011-12-08 13:26:00,5412.0191789465025,26,8676.85,1,4,5,10,Cannot Lose Them
15358.0,2011-12-05 09:04:00,5415.201123391278,22,8347.2,1,4,5,10,Cannot Lose Them
16558.0,2011-12-09 10:20:00,5411.1483456133865,20,8338.49,1,4,5,10,Cannot Lose Them
14056.0,2011-12-08 13:36:00,5412.012234502006,23,8214.65,1,4,5,10,Cannot Lose Them
16672.0,2011-12-07 16:29:00,5412.892095613293,20,8134.94,1,4,5,10,Cannot Lose Them
13854.0,2011-12-01 09:06:00,5419.199734502006,25,8109.52,1,4,5,10,Cannot Lose Them
18109.0,2011-12-08 11:36:00,5412.095567835495,26,8052.97,1,4,5,10,Cannot Lose Them
14849.0,2011-11-18 10:58:00,5432.1219567246735,25,7930.54,1,4,5,10,Cannot Lose Them
17811.0,2011-12-05 13:46:00,5415.005290057976,39,7837.73,1,4,5,10,Cannot Lose Them
18172.0,2011-11-25 11:12:00,5425.112234502099,20,7561.68,1,4,5,10,Cannot Lose Them
13263.0,2011-12-08 13:59:00,5411.996262279805,35,7454.07,1,4,5,10,Cannot Lose Them
13018.0,2011-11-23 13:28:00,5427.017790057696,28,7277.7,1,4,5,10,Cannot Lose Them
18229.0,2011-11-28 09:48:00,5422.170567835681,20,7276.9,1,4,5,10,Cannot Lose Them
16729.0,2011-11-01 14:29:00,5448.975428946782,21,7239.92,1,4,5,10,Cannot Lose Them
16353.0,2011-12-06 12:23:00,5414.062928946689,23,6675.71,1,4,5,10,Cannot Lose Them
16814.0,2011-11-25 13:27:00,5425.018484502099,21,6509.1,1,4,5,10,Cannot Lose Them
13102.0,2011-12-08 12:52:00,5412.042790057603,24,6424.09,1,4,5,10,Cannot Lose Them
13668.0,2011-12-07 12:11:00,5413.071262279991,21,6363.59,1,4,5,10,Cannot Lose Them
15005.0,2011-11-24 12:25:00,5426.061540057883,28,6316.57,1,4,5,10,Cannot Lose Them
17315.0,2011-12-08 12:15:00,5412.068484502379,38,6292.26,1,4,5,10,Cannot Lose Them
14735.0,2011-12-06 12:09:00,5414.072651168797,32,6065.69,1,4,5,10,Cannot Lose Them
13534.0,2011-12-07 14:52:00,5412.95945672458,25,5870.08,1,4,5,10,Cannot Lose Them
12720.0,2011-12-07 08:03:00,5413.243484502193,25,5781.73,1,4,5,10,Cannot Lose Them
13468.0,2011-12-08 10:39:00,5412.135151168797,37,5704.97,1,4,5,10,Cannot Lose Them
18118.0,2011-11-29 11:32:00,5421.098345613107,26,5653.82,1,4,5,10,Cannot Lose Them
14688.0,2011-12-02 12:26:00,5418.06084561348,21,5630.87,1,4,5,10,Cannot Lose Them
17757.0,2011-12-08 15:31:00,5411.932373390999,30,5605.29,1,4,5,10,Cannot Lose Them
17850.0,2010-12-02 15:27:00,5782.935151169077,34,5391.21,1,4,5,10,Cannot Lose Them
13599.0,2011-12-08 16:10:00,5411.905290057883,21,5153.67,1,4,5,10,Cannot Lose Them
14096.0,2011-12-05 17:17:00,5414.858762280084,17,65164.79,1,3,5,9,Cannot Lose Them
14088.0,2011-11-29 16:16:00,5420.901123390999,13,50491.81,1,3,5,9,Cannot Lose Them
12931.0,2011-11-18 12:39:00,5432.051817835774,15,42055.96,1,3,5,9,Cannot Lose Them
15838.0,2011-11-28 14:00:00,5421.995567835402,19,33643.08,1,3,5,9,Cannot Lose Them
17404.0,2011-12-05 16:26:00,5414.8941789465025,15,31906.82,1,3,5,9,Cannot Lose Them
14680.0,2011-11-14 16:59:00,5435.871262279805,16,28754.11,1,3,5,9,Cannot Lose Them
13081.0,2011-11-28 10:54:00,5422.124734502286,11,28337.38,1,3,5,9,Cannot Lose Them
16210.0,2011-12-08 12:36:00,5412.053901168983,18,21086.3,1,3,5,9,Cannot Lose Them
12731.0,2011-11-16 11:59:00,5434.079595613293,12,18895.91,1,3,5,9,Cannot Lose Them
12678.0,2011-10-28 13:04:00,5453.034456724301,12,17628.46,1,3,5,9,Cannot Lose Them
14031.0,2011-12-02 17:13:00,5417.861540057696,19,17286.86,1,3,5,9,Cannot Lose Them
14607.0,2011-11-24 10:35:00,5426.137928946875,14,16569.5,1,3,5,9,Cannot Lose Them
15513.0,2011-11-06 14:36:00,5443.970567835495,19,14758.22,1,3,5,9,Cannot Lose Them
14866.0,2011-11-29 11:45:00,5421.089317835402,12,14389.9,1,3,5,9,Cannot Lose Them
12540.0,2011-11-20 11:31:00,5430.099040057976,17,13400.24,1,3,5,9,Cannot Lose Them
17735.0,2011-12-07 16:47:00,5412.879595613107,19,13110.02,1,3,5,9,Cannot Lose Them
15640.0,2011-12-05 14:35:00,5414.971262279898,15,12515.66,1,3,5,9,Cannot Lose Them
17340.0,2011-11-10 10:45:00,5440.130984502379,11,12353.29,1,3,5,9,Cannot Lose Them
15125.0,2011-11-14 13:57:00,5435.997651169077,15,11528.48,1,3,5,9,Cannot Lose Them
15482.0,2011-11-24 10:46:00,5426.130290057976,12,11054.96,1,3,5,9,Cannot Lose Them
17139.0,2011-11-24 10:12:00,5426.153901169077,12,10668.47,1,3,5,9,Cannot Lose Them
17706.0,2011-12-05 13:34:00,5415.013623391278,17,10504.49,1,3,5,9,Cannot Lose Them
15251.0,2011-11-30 15:02:00,5419.952512280084,11,10484.99,1,3,5,9,Cannot Lose Them
14062.0,2011-11-30 10:04:00,5420.159456724301,12,10464.85,1,3,5,9,Cannot Lose Them
15502.0,2011-11-24 12:48:00,5426.045567835681,12,10384.93,1,3,5,9,Cannot Lose Them
16843.0,2011-10-28 09:06:00,5453.199734502006,16,10196.57,1,3,5,9,Cannot Lose Them
13001.0,2011-12-05 14:51:00,5414.960151168983,13,9818.82,1,3,5,9,Cannot Lose Them
12709.0,2011-11-24 15:38:00,5425.927512280177,15,9736.52,1,3,5,9,Cannot Lose Them
13458.0,2011-12-02 15:29:00,5417.933762279805,14,9646.57,1,3,5,9,Cannot Lose Them
14733.0,2011-11-23 15:39:00,5426.926817835774,12,9585.91,1,3,5,9,Cannot Lose Them
12567.0,2011-11-17 11:02:00,5433.119178946596,10,9401.28,1,3,5,9,Cannot Lose Them
14367.0,2011-12-01 13:19:00,5419.0240400577895,16,9261.52,1,3,5,9,Cannot Lose Them
18092.0,2011-12-07 13:14:00,5413.027512279805,11,9068.26,1,3,5,9,Cannot Lose Them
13969.0,2011-12-02 15:11:00,5417.946262279991,18,9053.94,1,3,5,9,Cannot Lose Them
13488.0,2011-11-22 14:41:00,5427.96709561348,13,8968.31,1,3,5,9,Cannot Lose Them
13090.0,2011-12-01 12:39:00,5419.051817835774,14,8910.82,1,3,5,9,Cannot Lose Them
17306.0,2011-11-29 12:14:00,5421.069178946782,19,8631.31,1,3,5,9,Cannot Lose Them
16656.0,2011-11-17 14:43:00,5432.9657067246735,15,8625.8,1,3,5,9,Cannot Lose Them
12683.0,2011-12-05 16:31:00,5414.890706724487,15,8476.57,1,3,5,9,Cannot Lose Them
14952.0,2011-10-11 10:33:00,5470.139317835681,11,8099.49,1,3,5,9,Cannot Lose Them
14796.0,2011-12-08 15:31:00,5411.932373390999,17,8022.49,1,3,5,9,Cannot Lose Them
15290.0,2011-12-05 11:39:00,5415.093484502286,18,7943.22,1,3,5,9,Cannot Lose Them
12757.0,2011-11-24 12:30:00,5426.058067835402,13,7857.1,1,3,5,9,Cannot Lose Them
13629.0,2011-11-16 13:21:00,5434.022651168983,11,7792.36,1,3,5,9,Cannot Lose Them
15044.0,2011-11-20 13:20:00,5430.0233456133865,17,7700.23,1,3,5,9,Cannot Lose Them
15194.0,2011-12-06 15:10:00,5413.946956724394,15,7616.53,1,3,5,9,Cannot Lose Them
12474.0,2011-11-22 14:39:00,5427.968484502286,18,7375.79,1,3,5,9,Cannot Lose Them
15465.0,2011-11-20 10:11:00,5430.15459561348,18,7354.62,1,3,5,9,Cannot Lose Them
12583.0,2011-12-07 08:07:00,5413.24070672458,15,7281.38,1,3,5,9,Cannot Lose Them
16923.0,2011-11-27 13:00:00,5423.037234502379,19,7247.61,1,3,5,9,Cannot Lose Them
16745.0,2011-09-14 11:58:00,5497.080290057696,17,7194.3,1,3,5,9,Cannot Lose Them
13324.0,2011-11-03 16:28:00,5446.892790057696,10,7121.95,1,3,5,9,Cannot Lose Them
13985.0,2011-12-05 17:06:00,5414.866401168983,15,7060.13,1,3,5,9,Cannot Lose Them
12989.0,2011-12-06 15:28:00,5413.9344567246735,15,6924.11,1,3,5,9,Cannot Lose Them
16713.0,2011-11-21 12:36:00,5429.053901168983,15,6923.13,1,3,5,9,Cannot Lose Them
16187.0,2011-11-08 09:50:00,5442.169178946875,15,6911.44,1,3,5,9,Cannot Lose Them
12476.0,2011-11-24 12:40:00,5426.051123390906,11,6816.42,1,3,5,9,Cannot Lose Them
15023.0,2011-12-06 17:23:00,5413.8545956132,11,6802.76,1,3,5,9,Cannot Lose Them
18055.0,2011-12-02 14:25:00,5417.978206724394,10,6784.19,1,3,5,9,Cannot Lose Them
15601.0,2011-11-28 15:15:00,5421.943484502379,14,6776.56,1,3,5,9,Cannot Lose Them
13576.0,2011-11-29 15:34:00,5420.9302900577895,18,6717.34,1,3,5,9,Cannot Lose Them
16746.0,2011-12-05 12:33:00,5415.055984502193,18,6697.66,1,3,5,9,Cannot Lose Them
15249.0,2011-11-08 11:45:00,5442.089317835402,13,6688.46,1,3,5,9,Cannot Lose Them
15144.0,2011-12-01 15:12:00,5418.945567835588,17,6580.44,1,3,5,9,Cannot Lose Them
12431.0,2011-11-04 11:55:00,5446.082373390906,15,6487.45,1,3,5,9,Cannot Lose Them
18223.0,2011-12-05 09:11:00,5415.196262279991,14,6484.54,1,3,5,9,Cannot Lose Them
15694.0,2011-12-09 09:44:00,5411.173345613293,14,6479.4,1,3,5,9,Cannot Lose Them
13871.0,2011-11-17 10:49:00,5433.128206724301,13,6403.25,1,3,5,9,Cannot Lose Them
13709.0,2011-12-06 10:28:00,5414.142790057696,13,6328.05,1,3,5,9,Cannot Lose Them
14057.0,2011-11-16 10:32:00,5434.140012280084,17,6217.96,1,3,5,9,Cannot Lose Them
14060.0,2011-12-05 12:29:00,5415.058762279805,19,6140.42,1,3,5,9,Cannot Lose Them
13418.0,2011-11-28 10:23:00,5422.146262280177,18,6127.43,1,3,5,9,Cannot Lose Them
15939.0,2011-09-11 11:30:00,5500.099734502379,15,6115.01,1,3,5,9,Cannot Lose Them
13097.0,2011-11-07 10:43:00,5443.132373391185,10,6010.42,1,3,5,9,Cannot Lose Them
14415.0,2011-12-08 14:38:00,5411.969178946689,13,5900.28,1,3,5,9,Cannot Lose Them
14944.0,2011-11-10 09:10:00,5440.196956724394,12,5900.25,1,3,5,9,Cannot Lose Them
13050.0,2011-11-25 09:18:00,5425.191401168704,17,5836.86,1,3,5,9,Cannot Lose Them
15218.0,2011-11-29 11:48:00,5421.087234502193,11,5756.89,1,3,5,9,Cannot Lose Them
13178.0,2011-11-13 16:14:00,5436.902512279805,11,5725.47,1,3,5,9,Cannot Lose Them
16553.0,2011-06-29 15:42:00,5573.924734502099,12,5719.82,1,3,5,9,Cannot Lose Them
14110.0,2011-12-06 12:26:00,5414.06084561348,12,5683.15,1,3,5,9,Cannot Lose Them
17716.0,2011-11-17 12:00:00,5433.07890116889,11,5655.99,1,3,5,9,Cannot Lose Them
13004.0,2011-11-28 11:27:00,5422.101817835588,18,5655.91,1,3,5,9,Cannot Lose Them
12481.0,2011-11-17 08:29:00,5433.225428946782,10,5596.32,1,3,5,9,Cannot Lose Them
12839.0,2011-12-07 12:33:00,5413.055984502193,14,5591.42,1,3,5,9,Cannot Lose Them
16767.0,2011-11-09 09:42:00,5441.174734502099,11,5580.6,1,3,5,9,Cannot Lose Them
16161.0,2011-12-08 12:10:00,5412.071956724394,19,5575.56,1,3,5,9,Cannot Lose Them
15805.0,2011-11-16 16:32:00,5433.890012280084,17,5528.48,1,3,5,9,Cannot Lose Them
18225.0,2011-12-06 13:27:00,5414.018484502099,12,5509.12,1,3,5,9,Cannot Lose Them
16985.0,2011-11-22 13:33:00,5428.014317835681,10,5464.12,1,3,5,9,Cannot Lose Them
18198.0,2011-12-05 14:49:00,5414.9615400577895,17,5425.56,1,3,5,9,Cannot Lose Them
12490.0,2011-12-04 16:07:00,5415.907373391092,10,5417.93,1,3,5,9,Cannot Lose Them
17809.0,2011-11-23 12:59:00,5427.037928946782,12,5411.91,1,3,5,9,Cannot Lose Them
16701.0,2011-12-01 11:10:00,5419.113623390906,13,5398.3,1,3,5,9,Cannot Lose Them
17719.0,2011-11-02 10:36:00,5448.137234502006,15,5396.04,1,3,5,9,Cannot Lose Them
13269.0,2011-12-08 14:53:00,5411.958762280177,15,5346.23,1,3,5,9,Cannot Lose Them
15150.0,2011-11-22 12:52:00,5428.042790057603,10,5314.47,1,3,5,9,Cannot Lose Them
17730.0,2011-12-06 15:43:00,5413.924040057696,13,5298.48,1,3,5,9,Cannot Lose Them
17061.0,2011-09-27 11:24:00,5484.103901168797,11,5232.23,1,3,5,9,Cannot Lose Them
18226.0,2011-10-26 13:36:00,5455.012234502006,11,5228.05,1,3,5,9,Cannot Lose Them
12362.0,2011-12-06 15:40:00,5413.926123390906,10,5226.23,1,3,5,9,Cannot Lose Them
15046.0,2011-11-30 15:50:00,5419.919178946875,15,5213.77,1,3,5,9,Cannot Lose Them
13756.0,2011-12-07 16:44:00,5412.881678946782,14,5189.52,1,3,5,9,Cannot Lose Them
16191.0,2011-12-07 11:26:00,5413.102512279991,13,5180.52,1,3,5,9,Cannot Lose Them
17858.0,2011-12-04 11:56:00,5416.0816789465025,12,5155.66,1,3,5,9,Cannot Lose Them
16700.0,2011-12-01 11:00:00,5419.120567835402,13,5076.55,1,3,5,9,Cannot Lose Them
14562.0,2011-12-06 11:05:00,5414.1170956133865,18,5074.77,1,3,5,9,Cannot Lose Them
15301.0,2011-10-20 09:57:00,5461.164317835588,12,5070.35,1,3,5,9,Cannot Lose Them
15719.0,2011-11-07 12:29:00,5443.058762279805,13,5045.61,1,3,5,9,Cannot Lose Them
14755.0,2011-11-30 11:24:00,5420.103901168797,11,5010.28,1,3,5,9,Cannot Lose Them
14180.0,2011-11-29 10:56:00,5421.12334561348,25,4748.52,1,4,4,9,Cannot Lose Them
16931.0,2011-12-04 13:15:00,5416.026817835402,21,4604.22,1,4,4,9,Cannot Lose Them
17068.0,2011-11-27 13:14:00,5423.027512279805,21,4552.14,1,4,4,9,Cannot Lose Them
13069.0,2011-12-09 08:39:00,5411.218484502286,24,4436.12,1,4,4,9,Cannot Lose Them
18041.0,2011-11-28 11:39:00,5422.093484502286,21,4183.39,1,4,4,9,Cannot Lose Them
12569.0,2011-12-07 16:24:00,5412.895567835774,32,4124.69,1,4,4,9,Cannot Lose Them
17377.0,2011-11-16 11:17:00,5434.108762280084,20,4100.92,1,4,4,9,Cannot Lose Them
12841.0,2011-12-05 11:13:00,5415.111540057696,25,4022.35,1,4,4,9,Cannot Lose Them
16168.0,2011-11-29 12:45:00,5421.04765116889,27,3787.6,1,4,4,9,Cannot Lose Them
14560.0,2011-12-02 15:22:00,5417.938623391092,22,2237.77,1,4,4,9,Cannot Lose Them
12753.0,2011-11-17 10:52:00,5433.126123391092,6,21429.39,1,2,5,8,Hibernating
12744.0,2011-10-19 11:18:00,5462.108067835681,7,21279.29,1,2,5,8,Hibernating
12433.0,2011-12-09 10:02:00,5411.160845613107,7,13375.87,1,2,5,8,Hibernating
12477.0,2011-11-17 09:51:00,5433.168484502006,6,13219.74,1,2,5,8,Hibernating
14258.0,2011-11-30 15:27:00,5419.935151169077,9,12669.98,1,2,5,8,Hibernating
12557.0,2011-11-23 16:59:00,5426.871262279805,5,11990.96,1,2,5,8,Hibernating
12939.0,2011-10-06 14:33:00,5474.972651168704,8,11581.8,1,2,5,8,Hibernating
17107.0,2011-11-06 14:14:00,5443.985845613293,6,10815.43,1,2,5,8,Hibernating
13340.0,2011-10-25 13:15:00,5456.026817835402,7,10736.48,1,2,5,8,Hibernating
14769.0,2011-12-07 10:24:00,5413.145567835774,8,10674.75,1,2,5,8,Hibernating
16180.0,2011-08-31 16:28:00,5510.892790057696,8,10254.18,1,2,5,8,Hibernating
12451.0,2011-11-29 08:40:00,5421.217790057883,5,9035.52,1,2,5,8,Hibernating
18139.0,2011-11-22 10:44:00,5428.131678946782,6,8438.34,1,2,5,8,Hibernating
14936.0,2011-11-06 10:30:00,5444.14140116889,8,8137.02,1,2,5,8,Hibernating
12428.0,2011-11-14 08:22:00,5436.230290057603,9,7956.46,1,2,5,8,Hibernating
13093.0,2011-03-09 12:14:00,5686.069178946782,8,7832.47,1,2,5,8,Hibernating
12980.0,2011-07-05 09:34:00,5568.1802900577895,9,7374.9,1,2,5,8,Hibernating
17396.0,2011-10-31 14:12:00,5449.987234502099,8,7330.8,1,2,5,8,Hibernating
16873.0,2011-12-05 12:05:00,5415.075428946875,6,7123.62,1,2,5,8,Hibernating
14961.0,2011-11-29 09:42:00,5421.174734502099,9,7044.68,1,2,5,8,Hibernating
12766.0,2011-12-06 08:46:00,5414.213623390999,7,6989.63,1,2,5,8,Hibernating
13027.0,2011-08-18 09:39:00,5524.176817835774,6,6912.0,1,2,5,8,Hibernating
17416.0,2011-11-10 12:47:00,5440.046262280084,7,6893.42,1,2,5,8,Hibernating
12705.0,2011-11-24 13:17:00,5426.025428946596,9,6868.29,1,2,5,8,Hibernating
12830.0,2011-11-02 11:54:00,5448.083067835774,6,6814.64,1,2,5,8,Hibernating
16652.0,2011-10-12 09:38:00,5469.177512280177,7,6773.97,1,2,5,8,Hibernating
17338.0,2011-11-22 14:23:00,5427.9795956132,8,6643.93,1,2,5,8,Hibernating
12626.0,2011-11-16 16:06:00,5433.908067835495,9,6620.48,1,2,5,8,Hibernating
12472.0,2011-11-07 14:01:00,5442.994873390999,7,6572.11,1,2,5,8,Hibernating
13225.0,2011-12-06 13:29:00,5414.017095613293,7,6463.84,1,2,5,8,Hibernating
17509.0,2011-10-13 10:26:00,5468.1441789465025,8,6115.14,1,2,5,8,Hibernating
12637.0,2011-10-03 13:46:00,5478.005290057976,8,6021.9,1,2,5,8,Hibernating
14101.0,2011-09-27 12:28:00,5484.0594567246735,6,5976.79,1,2,5,8,Hibernating
15382.0,2011-11-25 10:58:00,5425.1219567246735,6,5955.71,1,2,5,8,Hibernating
14505.0,2011-11-22 15:45:00,5427.92265116889,8,5905.64,1,2,5,8,Hibernating
13209.0,2011-11-09 13:54:00,5440.999734502286,8,5891.61,1,2,5,8,Hibernating
17686.0,2011-12-02 15:39:00,5417.926817835774,7,5739.46,1,2,5,8,Hibernating
17049.0,2011-12-07 10:48:00,5413.128901168704,9,5659.98,1,2,5,8,Hibernating
16609.0,2011-11-24 13:32:00,5426.015012280084,7,5493.46,1,2,5,8,Hibernating
16265.0,2011-11-30 16:41:00,5419.883762279991,9,5447.0,1,2,5,8,Hibernating
16258.0,2011-10-25 13:30:00,5456.01640116889,5,5203.51,1,2,5,8,Hibernating
15727.0,2011-11-23 12:36:00,5427.053901168983,7,5178.96,1,2,5,8,Hibernating
15903.0,2011-11-30 08:08:00,5420.240012280177,7,5126.76,1,2,5,8,Hibernating
13941.0,2011-11-18 09:43:00,5432.174040057696,5,5112.96,1,2,5,8,Hibernating
17602.0,2011-12-07 13:53:00,5413.000428946689,6,5102.97,1,2,5,8,Hibernating
13139.0,2011-11-23 13:54:00,5426.999734502286,7,5064.94,1,2,5,8,Hibernating
12432.0,2011-10-28 11:43:00,5453.0907067246735,5,5059.32,1,2,5,8,Hibernating
17426.0,2011-12-01 18:07:00,5418.824040057603,6,5037.26,1,2,5,8,Hibernating
14329.0,2011-11-22 15:50:00,5427.919178946875,7,5014.84,1,2,5,8,Hibernating
12444.0,2011-11-18 13:23:00,5432.021262280177,5,5005.46,1,2,5,8,Hibernating
15547.0,2011-12-02 12:52:00,5418.042790057603,14,4954.84,1,3,4,8,Cannot Lose Them
12437.0,2011-12-08 11:35:00,5412.096262279898,18,4951.41,1,3,4,8,Cannot Lose Them
14709.0,2011-11-24 15:41:00,5425.9254289465025,13,4921.04,1,3,4,8,Cannot Lose Them
17652.0,2011-11-14 12:55:00,5436.040706724394,12,4867.72,1,3,4,8,Cannot Lose Them
15738.0,2011-11-21 08:26:00,5429.227512279991,16,4812.42,1,3,4,8,Cannot Lose Them
13013.0,2011-12-08 15:01:00,5411.953206724487,13,4810.94,1,3,4,8,Cannot Lose Them
15555.0,2011-11-27 16:19:00,5422.8990400577895,16,4805.17,1,3,4,8,Cannot Lose Them
15298.0,2011-12-07 17:17:00,5412.858762280084,12,4799.9,1,3,4,8,Cannot Lose Them
15187.0,2011-12-08 11:56:00,5412.0816789465025,16,4777.18,1,3,4,8,Cannot Lose Them
17690.0,2011-11-09 15:17:00,5440.942095613107,15,4757.95,1,3,4,8,Cannot Lose Them
12955.0,2011-12-08 16:29:00,5411.892095613293,11,4757.16,1,3,4,8,Cannot Lose Them
15152.0,2011-11-30 12:32:00,5420.056678946596,13,4745.69,1,3,4,8,Cannot Lose Them
16722.0,2011-11-22 13:28:00,5428.017790057696,13,4730.81,1,3,4,8,Cannot Lose Them
14159.0,2011-11-20 12:36:00,5430.053901168983,11,4693.01,1,3,4,8,Cannot Lose Them
14135.0,2011-12-08 11:38:00,5412.094178946689,15,4690.31,1,3,4,8,Cannot Lose Them
14191.0,2011-12-08 09:23:00,5412.187928946689,13,4684.76,1,3,4,8,Cannot Lose Them
15291.0,2011-11-14 11:02:00,5436.119178946596,15,4668.3,1,3,4,8,Cannot Lose Them
14189.0,2011-12-07 15:55:00,5412.915706724394,15,4654.08,1,3,4,8,Cannot Lose Them
17613.0,2011-11-17 10:51:00,5433.126817835495,14,4559.15,1,3,4,8,Cannot Lose Them
13267.0,2011-12-07 11:12:00,5413.112234502099,19,4521.49,1,3,4,8,Cannot Lose Them
17975.0,2011-11-24 13:27:00,5426.018484502099,13,4488.81,1,3,4,8,Cannot Lose Them
14426.0,2011-11-16 12:25:00,5434.061540057883,10,4481.67,1,3,4,8,Cannot Lose Them
17364.0,2011-12-09 09:00:00,5411.20390116889,11,4481.18,1,3,4,8,Cannot Lose Them
14085.0,2011-12-07 13:46:00,5413.005290057976,18,4448.54,1,3,4,8,Cannot Lose Them
14534.0,2011-12-07 12:19:00,5413.065706724301,18,4447.05,1,3,4,8,Cannot Lose Them
15955.0,2011-11-15 14:15:00,5434.98515116889,14,4416.26,1,3,4,8,Cannot Lose Them
16626.0,2011-12-09 11:56:00,5411.0816789465025,17,4413.1,1,3,4,8,Cannot Lose Them
12712.0,2011-11-11 08:19:00,5439.232373391278,13,4396.13,1,3,4,8,Cannot Lose Them
16945.0,2011-11-18 11:39:00,5432.093484502286,19,4345.5,1,3,4,8,Cannot Lose Them
14800.0,2011-10-23 12:46:00,5458.046956724487,12,4339.74,1,3,4,8,Cannot Lose Them
12500.0,2011-11-16 16:20:00,5433.8983456133865,11,4257.82,1,3,4,8,Cannot Lose Them
17419.0,2011-11-28 13:47:00,5422.004595613107,12,4226.57,1,3,4,8,Cannot Lose Them
15804.0,2011-12-09 12:31:00,5411.057373390999,13,4206.39,1,3,4,8,Cannot Lose Them
17920.0,2011-12-05 14:29:00,5414.975428946782,17,4204.1,1,3,4,8,Cannot Lose Them
15971.0,2011-11-22 12:50:00,5428.044178946875,12,4199.85,1,3,4,8,Cannot Lose Them
12747.0,2011-12-07 14:34:00,5412.971956724301,11,4196.01,1,3,4,8,Cannot Lose Them
15570.0,2011-12-02 14:47:00,5417.962928946596,12,4165.52,1,3,4,8,Cannot Lose Them
16549.0,2011-11-29 15:06:00,5420.949734502006,10,4154.64,1,3,4,8,Cannot Lose Them
15514.0,2011-11-27 14:40:00,5422.967790057883,11,4139.46,1,3,4,8,Cannot Lose Them
16592.0,2011-12-05 13:49:00,5415.003206724301,16,4113.68,1,3,4,8,Cannot Lose Them
17940.0,2011-10-21 13:27:00,5460.018484502099,10,4106.44,1,3,4,8,Cannot Lose Them
16401.0,2011-12-08 18:15:00,5411.818484502379,12,4098.32,1,3,4,8,Cannot Lose Them
16670.0,2011-11-23 09:34:00,5427.1802900577895,11,4095.9,1,3,4,8,Cannot Lose Them
14092.0,2011-12-02 12:13:00,5418.069873391185,14,4076.91,1,3,4,8,Cannot Lose Them
14401.0,2011-12-05 13:30:00,5415.01640116889,13,4051.48,1,3,4,8,Cannot Lose Them
16186.0,2011-11-17 12:43:00,5433.049040057696,12,4006.94,1,3,4,8,Cannot Lose Them
17769.0,2011-11-27 11:18:00,5423.108067835681,10,3997.98,1,3,4,8,Cannot Lose Them
15529.0,2011-11-17 11:29:00,5433.100428946782,11,3995.23,1,3,4,8,Cannot Lose Them
17001.0,2011-12-09 09:38:00,5411.177512280177,11,3989.57,1,3,4,8,Cannot Lose Them
17611.0,2011-12-02 13:29:00,5418.017095613293,15,3984.22,1,3,4,8,Cannot Lose Them
17651.0,2011-11-28 10:29:00,5422.142095613293,10,3945.0,1,3,4,8,Cannot Lose Them
13999.0,2011-11-29 13:40:00,5421.009456724394,12,3901.81,1,3,4,8,Cannot Lose Them
14291.0,2011-12-08 10:26:00,5412.1441789465025,11,3883.25,1,3,4,8,Cannot Lose Them
18073.0,2011-08-17 14:02:00,5524.994178946596,12,3877.52,1,3,4,8,Cannot Lose Them
12662.0,2011-12-09 11:59:00,5411.079595613293,11,3849.78,1,3,4,8,Cannot Lose Them
13266.0,2011-11-28 14:39:00,5421.968484502286,12,3834.26,1,3,4,8,Cannot Lose Them
15867.0,2011-12-04 13:32:00,5416.015012280084,15,3812.64,1,3,4,8,Cannot Lose Them
16145.0,2011-12-01 10:33:00,5419.139317835681,11,3799.49,1,3,4,8,Cannot Lose Them
16904.0,2011-12-05 13:10:00,5415.030290057883,16,3754.27,1,3,4,8,Cannot Lose Them
17238.0,2011-12-07 11:35:00,5413.096262279898,17,3744.65,1,3,4,8,Cannot Lose Them
13552.0,2011-10-04 15:19:00,5476.940706724301,12,3740.07,1,3,4,8,Cannot Lose Them
16570.0,2011-11-24 17:02:00,5425.869178946596,10,3738.4,1,3,4,8,Cannot Lose Them
14282.0,2011-12-06 17:04:00,5413.8677900577895,15,3729.34,1,3,4,8,Cannot Lose Them
12647.0,2011-11-17 12:56:00,5433.040012279991,12,3722.82,1,3,4,8,Cannot Lose Them
13148.0,2011-11-10 15:23:00,5439.937928946689,12,3707.12,1,3,4,8,Cannot Lose Them
12553.0,2011-12-01 16:38:00,5418.8858456132,10,3692.28,1,3,4,8,Cannot Lose Them
15581.0,2011-08-11 09:38:00,5531.177512280177,13,3679.97,1,3,4,8,Cannot Lose Them
16712.0,2011-11-30 13:48:00,5420.003901168704,11,3645.43,1,3,4,8,Cannot Lose Them
13426.0,2011-12-09 08:59:00,5411.204595613293,10,3641.32,1,3,4,8,Cannot Lose Them
14543.0,2011-11-11 12:45:00,5439.04765116889,16,3630.33,1,3,4,8,Cannot Lose Them
17576.0,2011-12-01 17:56:00,5418.8316789465025,19,3622.68,1,3,4,8,Cannot Lose Them
14040.0,2011-10-30 12:42:00,5451.049734502099,12,3614.92,1,3,4,8,Cannot Lose Them
14132.0,2011-12-07 13:35:00,5413.012928946875,11,3586.03,1,3,4,8,Cannot Lose Them
17491.0,2011-12-08 16:18:00,5411.899734502193,10,3558.87,1,3,4,8,Cannot Lose Them
16458.0,2011-12-07 09:34:00,5413.1802900577895,18,3482.74,1,3,4,8,Cannot Lose Them
13014.0,2011-11-29 12:27:00,5421.060151169077,10,3466.28,1,3,4,8,Cannot Lose Them
15129.0,2011-10-20 14:40:00,5460.967790057883,11,3447.4,1,3,4,8,Cannot Lose Them
17725.0,2011-11-23 16:34:00,5426.888623391278,11,3439.08,1,3,4,8,Cannot Lose Them
16011.0,2011-12-01 16:31:00,5418.890706724487,16,3362.71,1,3,4,8,Cannot Lose Them
14227.0,2011-11-13 15:48:00,5436.920567835681,10,3350.96,1,3,4,8,Cannot Lose Them
16818.0,2011-11-29 10:41:00,5421.133762279991,11,3349.57,1,3,4,8,Cannot Lose Them
16607.0,2011-11-22 10:24:00,5428.145567835774,14,3347.71,1,3,4,8,Cannot Lose Them
12594.0,2011-11-02 12:20:00,5448.065012279898,10,3338.22,1,3,4,8,Cannot Lose Them
14702.0,2011-12-08 19:29:00,5411.767095613293,17,3292.14,1,3,4,8,Cannot Lose Them
13047.0,2011-11-08 12:06:00,5442.074734502006,10,3237.54,1,3,4,8,Cannot Lose Them
13880.0,2011-11-18 13:44:00,5432.006678946782,13,3219.77,1,3,4,8,Cannot Lose Them
13268.0,2011-11-22 11:51:00,5428.085151168983,11,3214.69,1,3,4,8,Cannot Lose Them
17220.0,2011-11-15 13:47:00,5435.004595613107,14,3198.25,1,3,4,8,Cannot Lose Them
17231.0,2011-11-27 15:18:00,5422.941401168704,10,3174.32,1,3,4,8,Cannot Lose Them
16837.0,2011-11-08 14:27:00,5441.976817835588,11,3170.98,1,3,4,8,Cannot Lose Them
13742.0,2011-11-23 11:07:00,5427.11570672458,12,3131.02,1,3,4,8,Cannot Lose Them
16326.0,2011-12-04 10:11:00,5416.15459561348,14,3110.96,1,3,4,8,Cannot Lose Them
16678.0,2011-12-07 12:17:00,5413.067095613107,12,3109.99,1,3,4,8,Cannot Lose Them
14099.0,2011-11-23 13:53:00,5427.000428946689,11,3104.17,1,3,4,8,Cannot Lose Them
13631.0,2011-09-01 09:57:00,5510.164317835588,11,3070.42,1,3,4,8,Cannot Lose Them
17799.0,2011-11-17 15:16:00,5432.942790057976,10,3055.93,1,3,4,8,Cannot Lose Them
16393.0,2011-12-07 12:51:00,5413.043484502006,13,3046.21,1,3,4,8,Cannot Lose Them
12395.0,2011-11-20 15:21:00,5429.939317835495,12,3018.63,1,3,4,8,Cannot Lose Them
17659.0,2011-11-22 13:29:00,5428.017095613293,12,2999.46,1,3,4,8,Cannot Lose Them
14032.0,2011-12-07 15:23:00,5412.937928946689,11,2975.59,1,3,4,8,Cannot Lose Them
15854.0,2011-12-05 13:39:00,5415.010151168797,12,2974.65,1,3,4,8,Cannot Lose Them
17512.0,2011-11-11 12:11:00,5439.071262279991,10,2924.99,1,3,4,8,Cannot Lose Them
17644.0,2011-12-08 13:43:00,5412.007373391185,11,2895.64,1,3,4,8,Cannot Lose Them
18144.0,2011-12-02 12:46:00,5418.046956724487,12,2888.75,1,3,4,8,Cannot Lose Them
14711.0,2011-11-29 14:58:00,5420.955290057696,11,2868.8,1,3,4,8,Cannot Lose Them
16928.0,2011-09-20 15:10:00,5490.946956724394,17,2847.6,1,3,4,8,Cannot Lose Them
15984.0,2011-12-07 12:16:00,5413.067790057976,10,2837.67,1,3,4,8,Cannot Lose Them
13230.0,2011-12-05 16:03:00,5414.910151168704,14,2806.97,1,3,4,8,Cannot Lose Them
16764.0,2011-12-06 11:41:00,5414.09209561348,13,2799.25,1,3,4,8,Cannot Lose Them
13769.0,2011-12-07 15:08:00,5412.9483456132,10,2796.51,1,3,4,8,Cannot Lose Them
15356.0,2011-11-08 13:11:00,5442.02959561348,10,2766.5,1,3,4,8,Cannot Lose Them
15114.0,2011-11-09 15:05:00,5440.950428946875,10,2760.56,1,3,4,8,Cannot Lose Them
12708.0,2011-11-10 09:52:00,5440.167790057603,10,2712.91,1,3,4,8,Cannot Lose Them
17346.0,2011-12-06 12:18:00,5414.066401168704,15,2676.56,1,3,4,8,Cannot Lose Them
14713.0,2011-11-30 16:26:00,5419.8941789465025,11,2666.36,1,3,4,8,Cannot Lose Them
17402.0,2011-12-05 10:15:00,5415.151817835402,13,2633.85,1,3,4,8,Cannot Lose Them
18077.0,2011-12-01 13:32:00,5419.015012280084,11,2633.01,1,3,4,8,Cannot Lose Them
17965.0,2011-11-02 09:31:00,5448.182373390999,14,2622.57,1,3,4,8,Cannot Lose Them
14397.0,2011-12-07 09:22:00,5413.188623391092,19,2612.96,1,3,4,8,Cannot Lose Them
18075.0,2011-11-16 15:21:00,5433.939317835495,10,2611.75,1,3,4,8,Cannot Lose Them
16241.0,2011-11-30 11:08:00,5420.115012280177,13,2607.87,1,3,4,8,Cannot Lose Them
13983.0,2011-11-10 11:06:00,5440.116401168983,12,2603.43,1,3,4,8,Cannot Lose Them
12600.0,2011-11-11 10:29:00,5439.142095613293,10,2599.04,1,3,4,8,Cannot Lose Them
16919.0,2011-07-06 13:35:00,5567.012928946875,11,2596.45,1,3,4,8,Cannot Lose Them
14243.0,2011-12-01 11:12:00,5419.112234502099,10,2588.77,1,3,4,8,Cannot Lose Them
15033.0,2011-12-05 12:40:00,5415.051123390906,10,2586.67,1,3,4,8,Cannot Lose Them
16912.0,2011-11-11 12:18:00,5439.066401168704,11,2575.38,1,3,4,8,Cannot Lose Them
14776.0,2011-10-19 15:34:00,5461.9302900577895,11,2538.3,1,3,4,8,Cannot Lose Them
15271.0,2011-12-02 14:11:00,5417.9879289465025,15,2507.07,1,3,4,8,Cannot Lose Them
13695.0,2011-11-08 14:26:00,5441.977512279991,15,2504.13,1,3,4,8,Cannot Lose Them
16710.0,2011-11-20 14:50:00,5429.9608456133865,10,2483.04,1,3,4,8,Cannot Lose Them
14502.0,2011-11-20 11:50:00,5430.0858456133865,11,2470.67,1,3,4,8,Cannot Lose Them
13784.0,2011-11-30 09:33:00,5420.180984502193,11,2462.79,1,3,4,8,Cannot Lose Them
15373.0,2011-12-01 15:05:00,5418.950428946875,12,2415.91,1,3,4,8,Cannot Lose Them
18065.0,2011-12-04 10:30:00,5416.14140116889,14,2392.83,1,3,4,8,Cannot Lose Them
17530.0,2011-12-08 18:42:00,5411.799734502099,10,2385.0,1,3,4,8,Cannot Lose Them
14239.0,2011-10-27 14:40:00,5453.967790057883,11,2380.85,1,3,4,8,Cannot Lose Them
17954.0,2011-12-04 14:15:00,5415.98515116889,12,2332.72,1,3,4,8,Cannot Lose Them
16782.0,2011-11-29 13:20:00,5421.0233456133865,13,2279.9,1,3,4,8,Cannot Lose Them
13700.0,2011-11-13 13:00:00,5437.037234502379,10,2265.12,1,3,4,8,Cannot Lose Them
16293.0,2011-11-18 09:58:00,5432.163623391185,10,2248.99,1,3,4,8,Cannot Lose Them
15235.0,2011-05-06 09:44:00,5628.173345613293,12,2247.51,1,3,4,8,Cannot Lose Them
16076.0,2011-12-06 14:59:00,5413.954595613293,10,2234.73,1,3,4,8,Cannot Lose Them
14825.0,2011-12-06 11:38:00,5414.094178946689,12,2226.91,1,3,4,8,Cannot Lose Them
16407.0,2011-11-27 11:05:00,5423.1170956133865,10,2126.93,1,3,4,8,Cannot Lose Them
15058.0,2011-11-14 14:57:00,5435.955984502099,11,2124.99,1,3,4,8,Cannot Lose Them
18061.0,2011-11-18 11:20:00,5432.106678946875,10,2119.41,1,3,4,8,Cannot Lose Them
18283.0,2011-12-06 12:02:00,5414.077512280084,16,2094.88,1,3,4,8,Cannot Lose Them
13571.0,2011-11-27 10:47:00,5423.129595613107,12,2092.32,1,3,4,8,Cannot Lose Them
18044.0,2011-12-05 14:26:00,5414.977512279991,10,2088.6,1,3,4,8,Cannot Lose Them
14810.0,2011-10-30 11:19:00,5451.107373391278,11,2087.88,1,3,4,8,Cannot Lose Them
18241.0,2011-11-30 12:10:00,5420.071956724394,17,2073.09,1,3,4,8,Cannot Lose Them
18219.0,2011-12-07 11:43:00,5413.0907067246735,10,2069.77,1,3,4,8,Cannot Lose Them
14217.0,2011-12-08 11:53:00,5412.083762280177,17,2004.98,1,3,4,8,Cannot Lose Them
14462.0,2011-10-04 15:55:00,5476.915706724394,11,2004.02,1,3,4,8,Cannot Lose Them
13305.0,2011-12-05 15:15:00,5414.943484502379,10,2000.86,1,3,4,8,Cannot Lose Them
17961.0,2011-11-18 16:55:00,5431.874040057883,39,1296.44,1,4,3,8,Cannot Lose Them
16446.0,2011-12-09 09:15:00,5411.193484502379,2,168472.5,1,1,5,7,Hibernating
12346.0,2011-01-18 10:01:00,5736.161540057976,1,77183.6,1,1,5,7,Hibernating
15749.0,2011-04-18 13:20:00,5646.0233456133865,3,44534.3,1,1,5,7,Hibernating
15098.0,2011-06-10 15:33:00,5592.930984502193,3,39916.5,1,1,5,7,Hibernating
12536.0,2011-10-27 14:20:00,5453.981678946875,3,12601.83,1,1,5,7,Hibernating
16000.0,2011-12-07 12:17:00,5413.067095613107,3,12393.7,1,1,5,7,Hibernating
12409.0,2011-09-22 10:38:00,5489.1358456132,3,11072.67,1,1,5,7,Hibernating
12590.0,2011-05-12 14:52:00,5621.95945672458,2,9864.26,1,1,5,7,Hibernating
12435.0,2011-09-21 09:06:00,5490.199734502006,2,7829.89,1,1,5,7,Hibernating
12798.0,2011-11-29 15:52:00,5420.917790057603,3,6977.04,1,1,5,7,Hibernating
16532.0,2011-11-22 11:08:00,5428.115012280177,3,6748.8,1,1,5,7,Hibernating
16182.0,2011-09-28 13:23:00,5483.021262280177,4,6617.65,1,1,5,7,Hibernating
12359.0,2011-10-13 12:47:00,5468.046262280084,4,6372.58,1,1,5,7,Hibernating
16126.0,2011-11-10 16:03:00,5439.910151168704,4,6287.77,1,1,5,7,Hibernating
12357.0,2011-11-06 16:07:00,5443.907373391092,1,6207.67,1,1,5,7,Hibernating
13316.0,2011-11-02 13:40:00,5448.009456724394,4,5977.73,1,1,5,7,Hibernating
14049.0,2011-11-23 12:20:00,5427.065012279898,4,5681.72,1,1,5,7,Hibernating
12539.0,2011-11-17 13:30:00,5433.01640116889,4,5568.35,1,1,5,7,Hibernating
16303.0,2011-11-14 10:49:00,5436.128206724301,3,5360.63,1,1,5,7,Hibernating
17133.0,2011-11-24 12:27:00,5426.060151169077,7,4892.24,1,2,4,7,Hibernating
12664.0,2011-12-01 17:07:00,5418.86570672458,9,4881.88,1,2,4,7,Hibernating
14292.0,2011-12-02 11:50:00,5418.0858456133865,9,4871.93,1,2,4,7,Hibernating
17365.0,2011-11-27 12:13:00,5423.069873391185,8,4801.56,1,2,4,7,Hibernating
12714.0,2011-11-30 15:43:00,5419.924040057696,5,4708.86,1,2,4,7,Hibernating
14390.0,2011-11-29 13:49:00,5421.003206724301,9,4652.82,1,2,4,7,Hibernating
15093.0,2011-11-21 13:09:00,5429.030984502286,6,4597.02,1,2,4,7,Hibernating
14004.0,2011-10-27 14:40:00,5453.967790057883,7,4582.64,1,2,4,7,Hibernating
12484.0,2011-11-07 11:37:00,5443.094873391092,6,4541.72,1,2,4,7,Hibernating
15299.0,2011-10-03 14:19:00,5477.982373391278,7,4507.01,1,2,4,7,Hibernating
12524.0,2011-11-30 15:31:00,5419.932373390999,8,4485.72,1,2,4,7,Hibernating
12627.0,2011-11-29 12:07:00,5421.074040057603,7,4478.53,1,2,4,7,Hibernating
15874.0,2011-10-07 12:31:00,5474.057373390999,7,4405.88,1,2,4,7,Hibernating
14525.0,2011-11-20 11:37:00,5430.094873391092,9,4332.2,1,2,4,7,Hibernating
17567.0,2011-12-02 15:48:00,5417.920567835681,8,4331.48,1,2,4,7,Hibernating
12347.0,2011-12-07 15:52:00,5412.917790057603,7,4310.0,1,2,4,7,Hibernating
15034.0,2011-11-24 12:11:00,5426.071262279991,8,4308.61,1,2,4,7,Hibernating
17937.0,2011-12-01 11:45:00,5419.089317835402,7,4301.22,1,2,4,7,Hibernating
14422.0,2011-12-09 11:26:00,5411.102512279991,6,4263.64,1,2,4,7,Hibernating
14146.0,2011-12-01 10:18:00,5419.149734502193,5,4191.0,1,2,4,7,Hibernating
12949.0,2011-11-09 11:25:00,5441.103206724394,8,4167.22,1,2,4,7,Hibernating
13384.0,2011-11-09 11:04:00,5441.1177900577895,7,4151.93,1,2,4,7,Hibernating
13988.0,2011-11-20 10:15:00,5430.151817835402,6,4147.96,1,2,4,7,Hibernating
12749.0,2011-12-06 09:56:00,5414.165012279991,5,4090.88,1,2,4,7,Hibernating
12656.0,2011-11-22 13:42:00,5428.008067835588,5,4051.17,1,2,4,7,Hibernating
12867.0,2011-11-13 15:30:00,5436.933067835402,7,4036.82,1,2,4,7,Hibernating
12957.0,2011-11-30 09:53:00,5420.1670956132,8,4017.54,1,2,4,7,Hibernating
14547.0,2011-12-06 11:06:00,5414.116401168983,8,4007.54,1,2,4,7,Hibernating
12779.0,2011-11-02 11:43:00,5448.0907067246735,8,3981.36,1,2,4,7,Hibernating
12727.0,2011-11-29 11:46:00,5421.088623390999,7,3980.7,1,2,4,7,Hibernating
14299.0,2011-12-01 16:05:00,5418.908762279898,9,3965.62,1,2,4,7,Hibernating
13523.0,2011-11-06 15:11:00,5443.946262279991,5,3964.88,1,2,4,7,Hibernating
13183.0,2011-12-02 10:30:00,5418.14140116889,9,3957.78,1,2,4,7,Hibernating
12473.0,2011-11-10 13:46:00,5440.005290057976,5,3938.55,1,2,4,7,Hibernating
17593.0,2011-12-06 10:30:00,5414.14140116889,5,3927.34,1,2,4,7,Hibernating
14739.0,2011-12-05 16:54:00,5414.874734502286,7,3902.28,1,2,4,7,Hibernating
16717.0,2011-11-16 12:16:00,5434.067790057976,6,3858.38,1,2,4,7,Hibernating
16327.0,2011-11-25 13:23:00,5425.021262280177,6,3844.22,1,2,4,7,Hibernating
17091.0,2011-12-07 10:43:00,5413.132373391185,9,3827.76,1,2,4,7,Hibernating
13435.0,2011-12-04 14:45:00,5415.964317835402,7,3809.89,1,2,4,7,Hibernating
16655.0,2011-11-22 11:25:00,5428.103206724394,6,3794.52,1,2,4,7,Hibernating
16019.0,2011-10-24 11:51:00,5457.085151168983,9,3786.24,1,2,4,7,Hibernating
12562.0,2011-12-01 17:20:00,5418.856678946875,7,3781.74,1,2,4,7,Hibernating
17173.0,2011-12-04 14:40:00,5415.967790057883,8,3766.6,1,2,4,7,Hibernating
12502.0,2011-09-05 11:52:00,5506.08445672458,5,3723.87,1,2,4,7,Hibernating
14364.0,2011-08-23 11:01:00,5519.119873390999,8,3717.35,1,2,4,7,Hibernating
15845.0,2011-11-22 09:42:00,5428.174734502099,8,3711.77,1,2,4,7,Hibernating
15622.0,2011-10-27 16:44:00,5453.881678946782,9,3709.56,1,2,4,7,Hibernating
17819.0,2011-09-29 10:52:00,5482.126123391092,7,3704.87,1,2,4,7,Hibernating
15379.0,2011-06-23 13:13:00,5580.0282067246735,7,3703.29,1,2,4,7,Hibernating
15296.0,2011-10-20 11:47:00,5461.087928946596,6,3672.86,1,2,4,7,Hibernating
13137.0,2011-11-29 12:09:00,5421.072651168797,8,3650.41,1,2,4,7,Hibernating
12417.0,2011-12-06 14:52:00,5413.95945672458,9,3649.1,1,2,4,7,Hibernating
12619.0,2011-11-23 14:52:00,5426.95945672458,9,3641.24,1,2,4,7,Hibernating
16440.0,2011-12-02 12:02:00,5418.077512280084,5,3640.67,1,2,4,7,Hibernating
13381.0,2011-11-08 11:58:00,5442.080290057696,6,3639.31,1,2,4,7,Hibernating
17230.0,2011-03-20 16:12:00,5674.903901169077,8,3638.41,1,2,4,7,Hibernating
17528.0,2011-12-08 13:27:00,5412.018484502099,8,3628.5,1,2,4,7,Hibernating
13327.0,2011-11-01 10:21:00,5449.147651168983,8,3627.77,1,2,4,7,Hibernating
13520.0,2011-10-12 10:20:00,5469.1483456133865,6,3624.35,1,2,4,7,Hibernating
13082.0,2011-08-05 16:16:00,5536.901123390999,9,3613.63,1,2,4,7,Hibernating
15505.0,2011-10-18 07:56:00,5463.24834561348,5,3610.96,1,2,4,7,Hibernating
16242.0,2011-12-01 15:12:00,5418.945567835588,7,3603.21,1,2,4,7,Hibernating
17203.0,2011-11-04 12:27:00,5446.060151169077,6,3563.85,1,2,4,7,Hibernating
15544.0,2011-11-30 16:43:00,5419.882373391185,9,3546.71,1,2,4,7,Hibernating
14503.0,2011-12-06 13:30:00,5414.01640116889,6,3543.26,1,2,4,7,Hibernating
13448.0,2011-11-23 12:33:00,5427.055984502193,6,3539.37,1,2,4,7,Hibernating
17160.0,2011-11-08 14:05:00,5441.9920956133865,6,3518.03,1,2,4,7,Hibernating
13953.0,2011-12-02 16:04:00,5417.909456724301,7,3515.68,1,2,4,7,Hibernating
16360.0,2011-12-05 12:16:00,5415.067790057976,6,3512.53,1,2,4,7,Hibernating
14395.0,2011-12-07 14:34:00,5412.971956724301,9,3507.71,1,2,4,7,Hibernating
16131.0,2011-10-19 11:53:00,5462.083762280177,6,3506.54,1,2,4,7,Hibernating
14907.0,2011-12-06 14:14:00,5413.985845613293,7,3501.1,1,2,4,7,Hibernating
13993.0,2011-10-28 09:06:00,5453.199734502006,9,3466.36,1,2,4,7,Hibernating
17758.0,2011-11-20 14:45:00,5429.964317835402,8,3456.7,1,2,4,7,Hibernating
15410.0,2011-09-16 14:47:00,5494.962928946596,8,3450.84,1,2,4,7,Hibernating
13536.0,2011-12-08 16:38:00,5411.8858456132,7,3448.29,1,2,4,7,Hibernating
15974.0,2011-10-31 13:13:00,5450.0282067246735,7,3442.15,1,2,4,7,Hibernating
14221.0,2011-10-28 13:42:00,5453.008067835588,9,3432.8,1,2,4,7,Hibernating
15981.0,2011-11-15 08:00:00,5435.245567835402,8,3408.48,1,2,4,7,Hibernating
13437.0,2011-11-25 14:00:00,5424.995567835402,7,3408.06,1,2,4,7,Hibernating
17669.0,2011-10-28 08:53:00,5453.208762280177,7,3406.72,1,2,4,7,Hibernating
13198.0,2011-11-29 15:17:00,5420.942095613107,6,3401.24,1,2,4,7,Hibernating
13842.0,2011-10-12 10:51:00,5469.126817835495,9,3385.62,1,2,4,7,Hibernating
15708.0,2011-10-30 10:54:00,5451.124734502286,7,3364.24,1,2,4,7,Hibernating
17183.0,2011-12-02 10:07:00,5418.157373391092,6,3347.31,1,2,4,7,Hibernating
13015.0,2011-10-17 13:19:00,5464.0240400577895,5,3346.28,1,2,4,7,Hibernating
12643.0,2011-08-03 12:56:00,5539.040012279991,6,3344.64,1,2,4,7,Hibernating
12613.0,2011-10-13 14:59:00,5467.954595613293,5,3344.38,1,2,4,7,Hibernating
16556.0,2011-10-04 11:36:00,5477.095567835495,7,3313.79,1,2,4,7,Hibernating
14841.0,2011-10-17 15:03:00,5463.951817835681,6,3295.76,1,2,4,7,Hibernating
15632.0,2011-11-24 09:51:00,5426.168484502006,8,3285.31,1,2,4,7,Hibernating
15764.0,2011-09-12 17:58:00,5498.830290057696,6,3279.97,1,2,4,7,Hibernating
17723.0,2011-08-04 18:37:00,5537.80320672458,6,3276.4,1,2,4,7,Hibernating
15443.0,2011-12-08 10:40:00,5412.134456724394,7,3236.91,1,2,4,7,Hibernating
17050.0,2011-09-04 13:48:00,5507.003901168704,6,3228.84,1,2,4,7,Hibernating
14388.0,2011-11-29 13:32:00,5421.015012280084,8,3212.84,1,2,4,7,Hibernating
16107.0,2011-11-22 09:40:00,5428.176123390906,7,3204.16,1,2,4,7,Hibernating
17685.0,2011-11-23 11:36:00,5427.095567835495,7,3191.53,1,2,4,7,Hibernating
13758.0,2011-11-28 11:11:00,5422.1129289465025,7,3190.55,1,2,4,7,Hibernating
15861.0,2011-11-27 15:59:00,5422.912928946782,8,3165.36,1,2,4,7,Hibernating
17863.0,2011-10-11 13:45:00,5470.005984502379,6,3160.0,1,2,4,7,Hibernating
14235.0,2011-09-25 14:37:00,5485.969873391092,5,3144.86,1,2,4,7,Hibernating
16156.0,2011-12-01 12:42:00,5419.049734502099,9,3122.04,1,2,4,7,Hibernating
13685.0,2011-12-07 11:41:00,5413.09209561348,7,3119.44,1,2,4,7,Hibernating
16905.0,2011-12-04 14:01:00,5415.994873390999,7,3102.43,1,2,4,7,Hibernating
15491.0,2011-09-05 15:56:00,5505.915012279991,6,3100.09,1,2,4,7,Hibernating
14257.0,2011-10-06 16:54:00,5474.874734502286,5,3099.72,1,2,4,7,Hibernating
17059.0,2011-11-10 12:27:00,5440.060151169077,5,3095.04,1,2,4,7,Hibernating
15998.0,2011-11-03 12:45:00,5447.04765116889,5,3089.97,1,2,4,7,Hibernating
16218.0,2011-11-10 09:59:00,5440.162928946782,7,3084.68,1,2,4,7,Hibernating
18272.0,2011-12-07 12:43:00,5413.049040057696,6,3078.58,1,2,4,7,Hibernating
12910.0,2011-11-16 14:28:00,5433.976123391185,8,3075.04,1,2,4,7,Hibernating
16686.0,2011-10-23 13:49:00,5458.003206724301,7,3062.83,1,2,4,7,Hibernating
14456.0,2011-12-04 13:59:00,5415.996262279805,9,3062.4,1,2,4,7,Hibernating
16709.0,2011-09-16 10:56:00,5495.12334561348,5,3029.87,1,2,4,7,Hibernating
12598.0,2011-11-30 12:18:00,5420.066401168704,8,3023.08,1,2,4,7,Hibernating
18094.0,2011-09-19 09:28:00,5492.1844567246735,7,3017.3,1,2,4,7,Hibernating
15521.0,2011-10-30 13:42:00,5451.008067835588,8,3000.2,1,2,4,7,Hibernating
17504.0,2011-05-17 12:59:00,5617.037928946782,9,2997.03,1,2,4,7,Hibernating
12670.0,2011-11-29 15:23:00,5420.937928946689,5,2996.05,1,2,4,7,Hibernating
14307.0,2011-09-12 09:38:00,5499.177512280177,6,2995.72,1,2,4,7,Hibernating
15687.0,2011-12-01 08:33:00,5419.222651168704,9,2993.1,1,2,4,7,Hibernating
14639.0,2011-10-18 15:06:00,5462.949734502006,6,2984.49,1,2,4,7,Hibernating
13451.0,2011-11-13 15:58:00,5436.913623391185,5,2976.15,1,2,4,7,Hibernating
16497.0,2011-10-21 10:55:00,5460.124040057883,6,2965.69,1,2,4,7,Hibernating
17924.0,2011-11-28 09:11:00,5422.196262279991,7,2962.5,1,2,4,7,Hibernating
14868.0,2011-12-06 14:49:00,5413.9615400577895,8,2953.59,1,2,4,7,Hibernating
16316.0,2011-10-06 13:48:00,5475.003901168704,8,2938.91,1,2,4,7,Hibernating
14530.0,2011-11-14 10:38:00,5436.1358456132,6,2925.91,1,2,4,7,Hibernating
15606.0,2011-10-09 15:47:00,5471.921262280084,9,2920.16,1,2,4,7,Hibernating
12906.0,2011-11-28 09:55:00,5422.165706724394,5,2919.81,1,2,4,7,Hibernating
14112.0,2011-11-17 12:30:00,5433.058067835402,7,2915.15,1,2,4,7,Hibernating
12408.0,2011-11-07 12:27:00,5443.060151169077,5,2888.55,1,2,4,7,Hibernating
16633.0,2011-11-22 13:41:00,5428.008762279991,6,2883.1,1,2,4,7,Hibernating
14251.0,2011-12-08 08:32:00,5412.223345613107,5,2879.7,1,2,4,7,Hibernating
14005.0,2011-11-30 12:41:00,5420.0504289465025,5,2874.72,1,2,4,7,Hibernating
15628.0,2011-12-05 10:24:00,5415.145567835774,9,2870.24,1,2,4,7,Hibernating
13901.0,2011-09-28 14:48:00,5482.962234502193,5,2867.2,1,2,4,7,Hibernating
12685.0,2011-11-11 13:46:00,5439.005290057976,6,2863.08,1,2,4,7,Hibernating
14852.0,2011-10-12 13:20:00,5469.0233456133865,6,2836.69,1,2,4,7,Hibernating
14572.0,2011-12-06 14:40:00,5413.967790057883,7,2832.84,1,2,4,7,Hibernating
17596.0,2011-11-16 14:11:00,5433.9879289465025,7,2827.93,1,2,4,7,Hibernating
16871.0,2011-11-17 19:27:00,5432.768484502099,6,2812.34,1,2,4,7,Hibernating
14903.0,2011-11-18 16:07:00,5431.907373391092,5,2810.63,1,2,4,7,Hibernating
18230.0,2011-11-30 13:22:00,5420.02195672458,7,2810.2,1,2,4,7,Hibernating
16081.0,2011-10-14 13:06:00,5467.033067835495,5,2806.9,1,2,4,7,Hibernating
15993.0,2011-12-01 10:45:00,5419.130984502379,7,2797.57,1,2,4,7,Hibernating
17739.0,2011-11-28 09:12:00,5422.195567835588,7,2791.35,1,2,4,7,Hibernating
17213.0,2011-10-30 14:53:00,5450.958762280177,7,2781.23,1,2,4,7,Hibernating
12388.0,2011-11-24 12:30:00,5426.058067835402,6,2780.66,1,2,4,7,Hibernating
17838.0,2011-11-13 11:20:00,5437.106678946875,5,2779.3,1,2,4,7,Hibernating
13870.0,2011-12-07 13:23:00,5413.021262280177,8,2770.94,1,2,4,7,Hibernating
14854.0,2011-09-22 17:00:00,5488.870567835402,7,2759.83,1,2,4,7,Hibernating
13971.0,2011-11-21 12:06:00,5429.074734502006,8,2758.26,1,2,4,7,Hibernating
14808.0,2011-10-31 12:21:00,5450.064317835495,8,2741.17,1,2,4,7,Hibernating
15696.0,2011-11-06 14:02:00,5443.994178946596,8,2736.46,1,2,4,7,Hibernating
16003.0,2011-11-10 09:57:00,5440.164317835588,5,2735.37,1,2,4,7,Hibernating
15796.0,2011-12-08 19:55:00,5411.749040057883,8,2711.56,1,2,4,7,Hibernating
17069.0,2011-11-11 17:13:00,5438.861540057696,9,2709.7,1,2,4,7,Hibernating
13654.0,2011-10-27 16:24:00,5453.895567835774,6,2707.33,1,2,4,7,Hibernating
14107.0,2011-10-19 12:12:00,5462.070567835588,7,2703.23,1,2,4,7,Hibernating
14732.0,2011-12-01 14:34:00,5418.971956724301,8,2702.49,1,2,4,7,Hibernating
18097.0,2011-12-02 11:16:00,5418.109456724487,6,2697.8,1,2,4,7,Hibernating
17386.0,2011-12-02 11:28:00,5418.101123391185,6,2686.42,1,2,4,7,Hibernating
13883.0,2011-11-29 10:45:00,5421.130984502379,5,2674.48,1,2,4,7,Hibernating
15671.0,2011-11-21 12:43:00,5429.049040057696,7,2657.13,1,2,4,7,Hibernating
12721.0,2011-11-08 12:13:00,5442.069873391185,6,2656.13,1,2,4,7,Hibernating
16618.0,2011-11-08 13:52:00,5442.001123391092,5,2647.59,1,2,4,7,Hibernating
18260.0,2011-06-20 12:37:00,5583.05320672458,6,2643.2,1,2,4,7,Hibernating
13658.0,2011-11-30 10:13:00,5420.1532067246735,5,2639.17,1,2,4,7,Hibernating
17655.0,2011-11-29 11:34:00,5421.096956724301,7,2638.94,1,2,4,7,Hibernating
15752.0,2011-10-31 11:37:00,5450.094873391092,7,2637.38,1,2,4,7,Hibernating
13804.0,2011-11-09 12:32:00,5441.056678946596,7,2635.79,1,2,4,7,Hibernating
12520.0,2011-09-21 15:23:00,5489.937928946689,5,2634.26,1,2,4,7,Hibernating
18210.0,2011-12-08 11:02:00,5412.119178946596,6,2621.38,1,2,4,7,Hibernating
16255.0,2011-11-23 12:40:00,5427.051123390906,8,2619.91,1,2,4,7,Hibernating
14262.0,2011-12-01 14:17:00,5418.983762280084,8,2618.23,1,2,4,7,Hibernating
13021.0,2011-12-05 16:37:00,5414.886540057603,9,2616.38,1,2,4,7,Hibernating
12726.0,2011-11-11 13:35:00,5439.012928946875,7,2609.1,1,2,4,7,Hibernating
13136.0,2011-10-14 13:41:00,5467.008762279991,5,2607.61,1,2,4,7,Hibernating
14408.0,2011-11-29 11:41:00,5421.09209561348,7,2606.53,1,2,4,7,Hibernating
13911.0,2011-10-13 15:43:00,5467.924040057696,9,2580.91,1,2,4,7,Hibernating
14546.0,2011-12-04 13:00:00,5416.037234502379,5,2578.09,1,2,4,7,Hibernating
18245.0,2011-12-02 14:48:00,5417.962234502193,7,2567.06,1,2,4,7,Hibernating
15572.0,2011-12-05 10:09:00,5415.155984502286,7,2552.86,1,2,4,7,Hibernating
14334.0,2011-11-23 10:01:00,5427.161540057976,8,2552.21,1,2,4,7,Hibernating
14701.0,2011-11-29 12:38:00,5421.052512280177,9,2549.37,1,2,4,7,Hibernating
14676.0,2011-11-08 13:29:00,5442.017095613293,6,2548.24,1,2,4,7,Hibernating
14659.0,2011-12-01 12:17:00,5419.067095613107,9,2529.93,1,2,4,7,Hibernating
17314.0,2011-11-15 09:41:00,5435.1754289465025,8,2527.92,1,2,4,7,Hibernating
13975.0,2011-11-08 13:19:00,5442.0240400577895,6,2526.28,1,2,4,7,Hibernating
17449.0,2011-12-07 16:56:00,5412.87334561348,7,2520.86,1,2,4,7,Hibernating
13394.0,2011-12-08 11:36:00,5412.095567835495,8,2520.02,1,2,4,7,Hibernating
12352.0,2011-11-03 14:37:00,5446.969873391092,8,2506.04,1,2,4,7,Hibernating
12517.0,2011-11-11 14:04:00,5438.9927900577895,5,2502.84,1,2,4,7,Hibernating
15932.0,2011-12-05 17:13:00,5414.861540057696,8,2495.87,1,2,4,7,Hibernating
16477.0,2011-10-07 09:44:00,5474.173345613293,7,2494.46,1,2,4,7,Hibernating
12483.0,2011-11-22 17:02:00,5427.869178946596,8,2484.98,1,2,4,7,Hibernating
12913.0,2011-12-05 12:11:00,5415.071262279991,5,2483.63,1,2,4,7,Hibernating
14315.0,2011-10-26 12:06:00,5455.074734502006,6,2481.13,1,2,4,7,Hibernating
13588.0,2011-11-24 10:42:00,5426.133067835588,9,2478.95,1,2,4,7,Hibernating
17682.0,2011-11-29 15:59:00,5420.912928946782,6,2474.33,1,2,4,7,Hibernating
17188.0,2011-11-28 13:53:00,5422.000428946689,7,2474.23,1,2,4,7,Hibernating
14766.0,2011-12-01 16:05:00,5418.908762279898,6,2473.37,1,2,4,7,Hibernating
17164.0,2011-11-07 09:14:00,5443.194178946782,7,2467.35,1,2,4,7,Hibernating
12455.0,2011-09-27 15:31:00,5483.932373390999,6,2466.86,1,2,4,7,Hibernating
15750.0,2011-12-07 12:34:00,5413.0552900577895,8,2465.48,1,2,4,7,Hibernating
17131.0,2011-12-04 12:52:00,5416.042790057603,5,2463.17,1,2,4,7,Hibernating
15674.0,2011-09-27 15:17:00,5483.942095613107,5,2446.6,1,2,4,7,Hibernating
15527.0,2011-11-21 12:17:00,5429.067095613107,8,2429.78,1,2,4,7,Hibernating
17071.0,2011-11-11 16:31:00,5438.890706724487,9,2429.03,1,2,4,7,Hibernating
13949.0,2011-12-07 09:35:00,5413.1795956133865,6,2427.32,1,2,4,7,Hibernating
16143.0,2011-12-06 14:13:00,5413.986540057696,6,2424.94,1,2,4,7,Hibernating
15089.0,2011-11-29 16:31:00,5420.890706724487,6,2420.84,1,2,4,7,Hibernating
13141.0,2011-09-16 09:54:00,5495.166401168797,5,2388.75,1,2,4,7,Hibernating
15370.0,2011-10-30 10:58:00,5451.1219567246735,7,2386.05,1,2,4,7,Hibernating
14493.0,2011-12-02 16:14:00,5417.902512279805,5,2383.24,1,2,4,7,Hibernating
15270.0,2011-11-24 09:24:00,5426.187234502286,7,2379.49,1,2,4,7,Hibernating
17434.0,2011-12-07 13:16:00,5413.026123390999,7,2373.82,1,2,4,7,Hibernating
15755.0,2011-11-29 14:57:00,5420.955984502099,6,2364.25,1,2,4,7,Hibernating
12457.0,2011-10-04 13:13:00,5477.0282067246735,7,2363.23,1,2,4,7,Hibernating
17634.0,2011-11-03 13:09:00,5447.030984502286,9,2361.97,1,2,4,7,Hibernating
14030.0,2011-11-21 16:48:00,5428.878901168704,8,2360.09,1,2,4,7,Hibernating
14440.0,2011-12-01 15:42:00,5418.924734502099,5,2357.68,1,2,4,7,Hibernating
15140.0,2011-10-18 14:07:00,5462.99070672458,7,2354.25,1,2,4,7,Hibernating
14309.0,2011-12-01 13:33:00,5419.014317835681,9,2352.53,1,2,4,7,Hibernating
12704.0,2011-12-02 13:15:00,5418.026817835402,8,2340.84,1,2,4,7,Hibernating
12584.0,2011-12-06 09:35:00,5414.1795956133865,9,2338.15,1,2,4,7,Hibernating
18257.0,2011-10-31 14:48:00,5449.962234502193,8,2337.63,1,2,4,7,Hibernating
15281.0,2011-10-12 09:10:00,5469.196956724394,9,2332.15,1,2,4,7,Hibernating
12782.0,2011-12-05 09:16:00,5415.192790057976,5,2330.92,1,2,4,7,Hibernating
15785.0,2011-11-07 11:33:00,5443.097651168704,5,2328.97,1,2,4,7,Hibernating
17744.0,2011-12-06 12:11:00,5414.071262279991,6,2322.4,1,2,4,7,Hibernating
17211.0,2011-11-13 12:03:00,5437.076817835681,8,2317.22,1,2,4,7,Hibernating
14290.0,2011-11-28 14:02:00,5421.994178946596,5,2314.65,1,2,4,7,Hibernating
15365.0,2011-11-14 08:29:00,5436.225428946782,7,2314.32,1,2,4,7,Hibernating
13994.0,2011-12-06 11:05:00,5414.1170956133865,6,2313.14,1,2,4,7,Hibernating
13704.0,2011-12-04 15:13:00,5415.944873391185,9,2308.06,1,2,4,7,Hibernating
15288.0,2011-10-27 16:58:00,5453.8719567246735,5,2306.52,1,2,4,7,Hibernating
16735.0,2011-09-22 11:49:00,5489.0865400577895,5,2300.56,1,2,4,7,Hibernating
16550.0,2011-08-23 11:12:00,5519.112234502099,5,2298.97,1,2,4,7,Hibernating
15105.0,2011-11-21 16:54:00,5428.874734502286,7,2298.93,1,2,4,7,Hibernating
13527.0,2011-11-06 12:04:00,5444.076123391278,7,2287.51,1,2,4,7,Hibernating
17696.0,2011-11-01 13:43:00,5449.007373391185,8,2285.71,1,2,4,7,Hibernating
12684.0,2011-12-02 09:53:00,5418.1670956132,7,2283.63,1,2,4,7,Hibernating
13317.0,2011-10-04 13:35:00,5477.012928946875,6,2273.68,1,2,4,7,Hibernating
14466.0,2011-11-10 14:07:00,5439.99070672458,7,2272.4,1,2,4,7,Hibernating
16057.0,2011-11-23 15:23:00,5426.937928946689,7,2263.12,1,2,4,7,Hibernating
16209.0,2011-09-12 11:58:00,5499.080290057696,5,2262.62,1,2,4,7,Hibernating
14432.0,2011-11-30 08:04:00,5420.2427900577895,6,2255.51,1,2,4,7,Hibernating
17442.0,2011-11-03 09:17:00,5447.192095613107,6,2248.56,1,2,4,7,Hibernating
16771.0,2011-11-06 13:28:00,5444.017790057696,5,2246.81,1,2,4,7,Hibernating
14211.0,2011-10-17 13:23:00,5464.021262280177,9,2241.1,1,2,4,7,Hibernating
16743.0,2011-11-10 13:13:00,5440.0282067246735,7,2238.09,1,2,4,7,Hibernating
14226.0,2011-11-11 11:34:00,5439.096956724301,5,2232.19,1,2,4,7,Hibernating
17591.0,2011-09-27 13:42:00,5484.008067835588,7,2225.97,1,2,4,7,Hibernating
12783.0,2011-12-07 15:56:00,5412.915012279991,6,2225.91,1,2,4,7,Hibernating
15722.0,2011-11-04 11:43:00,5446.0907067246735,5,2222.56,1,2,4,7,Hibernating
15811.0,2011-11-17 15:31:00,5432.932373390999,6,2218.62,1,2,4,7,Hibernating
13862.0,2011-11-21 16:24:00,5428.895567835774,8,2209.36,1,2,4,7,Hibernating
15179.0,2011-11-21 12:53:00,5429.0420956132,5,2206.95,1,2,4,7,Hibernating
13831.0,2011-11-23 15:41:00,5426.9254289465025,6,2202.99,1,2,4,7,Hibernating
16628.0,2011-11-10 12:45:00,5440.04765116889,5,2188.05,1,2,4,7,Hibernating
14341.0,2011-10-25 15:48:00,5455.920567835681,8,2182.28,1,2,4,7,Hibernating
12856.0,2011-12-02 10:52:00,5418.126123391092,6,2179.93,1,2,4,7,Hibernating
12909.0,2011-10-31 12:43:00,5450.049040057696,5,2178.67,1,2,4,7,Hibernating
13755.0,2011-12-06 12:26:00,5414.06084561348,9,2161.35,1,2,4,7,Hibernating
12935.0,2011-12-07 17:25:00,5412.853206724394,7,2160.7,1,2,4,7,Hibernating
16456.0,2011-09-01 13:50:00,5510.002512279898,5,2158.37,1,2,4,7,Hibernating
14407.0,2011-08-24 14:02:00,5517.994178946596,6,2157.73,1,2,4,7,Hibernating
16966.0,2011-12-01 13:40:00,5419.009456724394,7,2154.97,1,2,4,7,Hibernating
17400.0,2011-08-05 15:38:00,5536.927512280177,5,2129.96,1,2,4,7,Hibernating
14640.0,2011-11-15 13:07:00,5435.032373391092,6,2125.08,1,2,4,7,Hibernating
13632.0,2011-11-15 10:51:00,5435.126817835495,5,2121.27,1,2,4,7,Hibernating
18008.0,2011-09-30 15:17:00,5480.942095613107,9,2116.19,1,2,4,7,Hibernating
14691.0,2011-11-09 12:30:00,5441.058067835402,5,2114.33,1,2,4,7,Hibernating
13265.0,2011-10-17 15:02:00,5463.952512280084,5,2107.66,1,2,4,7,Hibernating
14515.0,2011-11-22 11:37:00,5428.094873391092,6,2102.09,1,2,4,7,Hibernating
17861.0,2011-12-06 16:21:00,5413.897651168983,8,2100.8,1,2,4,7,Hibernating
15815.0,2011-10-07 12:42:00,5474.049734502099,5,2100.6,1,2,4,7,Hibernating
13126.0,2011-12-05 10:00:00,5415.162234502379,8,2099.64,1,2,4,7,Hibernating
12610.0,2011-11-17 09:34:00,5433.1802900577895,5,2099.54,1,2,4,7,Hibernating
16875.0,2011-10-03 13:39:00,5478.010151168797,5,2095.53,1,2,4,7,Hibernating
17191.0,2011-11-11 16:58:00,5438.8719567246735,7,2095.13,1,2,4,7,Hibernating
17490.0,2011-12-09 09:08:00,5411.1983456132,7,2092.32,1,2,4,7,Hibernating
16954.0,2011-12-09 09:46:00,5411.171956724487,9,2085.08,1,2,4,7,Hibernating
18231.0,2011-05-31 14:18:00,5602.983067835681,5,2083.27,1,2,4,7,Hibernating
14696.0,2011-12-05 13:43:00,5415.007373391185,7,2078.95,1,2,4,7,Hibernating
14209.0,2011-11-29 10:18:00,5421.149734502193,6,2073.43,1,2,4,7,Hibernating
14482.0,2011-11-21 13:14:00,5429.027512279805,6,2068.15,1,2,4,7,Hibernating
12948.0,2011-11-23 17:10:00,5426.863623390906,7,2064.95,1,2,4,7,Hibernating
12928.0,2011-11-04 14:24:00,5445.978901168797,5,2062.7,1,2,4,7,Hibernating
14409.0,2011-09-29 18:18:00,5481.816401168704,6,2059.45,1,2,4,7,Hibernating
12518.0,2011-12-09 10:13:00,5411.1532067246735,5,2056.89,1,2,4,7,Hibernating
17667.0,2011-10-04 14:32:00,5476.973345613107,5,2055.51,1,2,4,7,Hibernating
14188.0,2011-11-09 12:45:00,5441.04765116889,6,2054.36,1,2,4,7,Hibernating
16150.0,2011-10-28 12:39:00,5453.051817835774,5,2053.02,1,2,4,7,Hibernating
17086.0,2011-12-02 13:54:00,5417.999734502286,6,2050.08,1,2,4,7,Hibernating
17612.0,2011-10-17 14:59:00,5463.954595613293,6,2048.45,1,2,4,7,Hibernating
14232.0,2011-10-28 11:09:00,5453.114317835774,5,2048.07,1,2,4,7,Hibernating
13495.0,2011-12-02 11:21:00,5418.105984502006,5,2044.87,1,2,4,7,Hibernating
17090.0,2011-12-05 13:44:00,5415.006678946782,7,2043.95,1,2,4,7,Hibernating
13450.0,2011-11-13 11:54:00,5437.083067835774,6,2043.72,1,2,4,7,Hibernating
13593.0,2011-08-23 13:35:00,5519.012928946875,5,2037.08,1,2,4,7,Hibernating
18069.0,2011-11-13 16:03:00,5436.910151168704,5,2036.67,1,2,4,7,Hibernating
13630.0,2011-12-04 15:16:00,5415.942790057976,7,2031.78,1,2,4,7,Hibernating
16409.0,2011-11-03 16:45:00,5446.880984502379,5,2028.88,1,2,4,7,Hibernating
14506.0,2011-11-22 13:02:00,5428.035845613107,5,2012.17,1,2,4,7,Hibernating
16098.0,2011-09-13 09:59:00,5498.162928946782,7,2005.63,1,2,4,7,Hibernating
14730.0,2011-12-08 14:39:00,5411.968484502286,8,2005.06,1,2,4,7,Hibernating
15493.0,2011-11-07 12:04:00,5443.076123391278,5,2001.8,1,2,4,7,Hibernating
17790.0,2011-11-13 11:30:00,5437.099734502379,14,1965.55,1,3,3,7,Cannot Lose Them
17218.0,2011-12-05 13:52:00,5415.001123391092,10,1960.72,1,3,3,7,Cannot Lose Them
13094.0,2011-11-18 14:07:00,5431.99070672458,12,1927.32,1,3,3,7,Cannot Lose Them
16426.0,2011-12-07 14:01:00,5412.994873390999,10,1908.25,1,3,3,7,Cannot Lose Them
17870.0,2011-12-07 15:07:00,5412.949040057603,12,1894.35,1,3,3,7,Cannot Lose Them
13890.0,2011-12-08 15:36:00,5411.928901168983,10,1883.81,1,3,3,7,Cannot Lose Them
15827.0,2011-09-27 15:35:00,5483.9295956133865,14,1836.09,1,3,3,7,Cannot Lose Them
12523.0,2011-11-20 12:55:00,5430.040706724394,11,1789.77,1,3,3,7,Cannot Lose Them
17162.0,2011-11-11 11:34:00,5439.096956724301,10,1715.46,1,3,3,7,Cannot Lose Them
13184.0,2011-11-25 12:02:00,5425.077512280084,10,1701.29,1,3,3,7,Cannot Lose Them
16775.0,2011-11-29 15:22:00,5420.938623391092,11,1695.66,1,3,3,7,Cannot Lose Them
16813.0,2011-12-01 14:03:00,5418.993484502193,10,1692.98,1,3,3,7,Cannot Lose Them
16638.0,2011-11-17 11:09:00,5433.114317835774,10,1680.72,1,3,3,7,Cannot Lose Them
15024.0,2011-11-30 12:06:00,5420.074734502006,10,1661.33,1,3,3,7,Cannot Lose Them
15611.0,2011-11-30 12:36:00,5420.053901168983,13,1591.45,1,3,3,7,Cannot Lose Them
12877.0,2011-12-06 10:30:00,5414.14140116889,12,1535.77,1,3,3,7,Cannot Lose Them
16794.0,2011-12-08 17:54:00,5411.833067835774,10,1222.71,1,3,3,7,Cannot Lose Them
13491.0,2011-10-19 08:32:00,5462.223345613107,10,1215.82,1,3,3,7,Cannot Lose Them
15032.0,2011-03-28 15:03:00,5666.951817835681,3,4959.1,1,1,4,6,Hibernating
12700.0,2011-12-02 10:47:00,5418.129595613107,4,4939.99,1,1,4,6,Hibernating
15786.0,2011-10-24 14:13:00,5456.986540057696,3,4932.2,1,1,4,6,Hibernating
12688.0,2011-08-18 08:49:00,5524.2115400577895,1,4873.81,1,1,4,6,Hibernating
14286.0,2011-11-16 10:34:00,5434.138623391278,3,4628.75,1,1,4,6,Hibernating
13802.0,2011-07-24 10:54:00,5549.124734502286,3,4599.42,1,1,4,6,Hibernating
16984.0,2011-09-12 13:43:00,5499.007373391185,2,4481.35,1,1,4,6,Hibernating
13505.0,2011-09-28 11:56:00,5483.0816789465025,4,4393.63,1,1,4,6,Hibernating
12752.0,2011-09-19 13:32:00,5492.015012280084,1,4366.78,1,1,4,6,Hibernating
14016.0,2011-07-01 11:29:00,5572.100428946782,4,4341.21,1,1,4,6,Hibernating
18251.0,2011-09-13 15:03:00,5497.951817835681,1,4314.72,1,1,4,6,Hibernating
14277.0,2011-11-24 15:01:00,5425.953206724487,3,4216.2,1,1,4,6,Hibernating
13555.0,2011-09-27 12:36:00,5484.053901168983,4,4149.28,1,1,4,6,Hibernating
12449.0,2011-11-17 13:46:00,5433.005290057976,4,4067.29,1,1,4,6,Hibernating
18087.0,2011-09-02 15:12:00,5508.945567835588,2,4055.72,1,1,4,6,Hibernating
13815.0,2011-11-17 14:19:00,5432.982373391278,4,4027.36,1,1,4,6,Hibernating
12378.0,2011-08-02 10:34:00,5540.138623391278,1,4008.62,1,1,4,6,Hibernating
15416.0,2011-10-06 09:38:00,5475.177512280177,4,3984.32,1,1,4,6,Hibernating
13124.0,2011-09-11 12:45:00,5500.04765116889,3,3866.33,1,1,4,6,Hibernating
15195.0,2011-12-07 12:20:00,5413.065012279898,1,3861.0,1,1,4,6,Hibernating
12755.0,2011-03-04 12:42:00,5691.049734502099,2,3811.95,1,1,4,6,Hibernating
12597.0,2011-11-20 13:33:00,5430.014317835681,4,3811.22,1,1,4,6,Hibernating
12668.0,2011-11-28 10:56:00,5422.12334561348,4,3807.15,1,1,4,6,Hibernating
12429.0,2011-11-30 17:22:00,5419.855290057603,4,3750.4,1,1,4,6,Hibernating
14145.0,2011-10-24 12:10:00,5457.071956724394,4,3742.2,1,1,4,6,Hibernating
15808.0,2011-02-06 14:33:00,5716.972651168704,4,3734.97,1,1,4,6,Hibernating
13680.0,2011-12-08 13:47:00,5412.004595613107,4,3722.42,1,1,4,6,Hibernating
16240.0,2011-11-15 14:30:00,5434.974734502379,2,3718.8,1,1,4,6,Hibernating
16253.0,2011-10-04 09:09:00,5477.197651168797,2,3683.86,1,1,4,6,Hibernating
18079.0,2011-10-25 15:27:00,5455.935151169077,4,3651.97,1,1,4,6,Hibernating
15113.0,2011-11-30 08:23:00,5420.2295956132,3,3609.33,1,1,4,6,Hibernating
15484.0,2011-12-08 15:03:00,5411.951817835681,4,3594.31,1,1,4,6,Hibernating
12370.0,2011-10-19 14:51:00,5461.960151168983,4,3545.69,1,1,4,6,Hibernating
13334.0,2011-09-18 15:21:00,5492.939317835495,3,3536.82,1,1,4,6,Hibernating
12454.0,2011-10-14 17:13:00,5466.861540057696,1,3528.34,1,1,4,6,Hibernating
15676.0,2011-11-21 12:40:00,5429.051123390906,3,3435.76,1,1,4,6,Hibernating
12406.0,2011-11-17 19:22:00,5432.77195672458,2,3415.3,1,1,4,6,Hibernating
15228.0,2011-10-04 13:56:00,5476.99834561348,4,3386.71,1,1,4,6,Hibernating
13373.0,2011-10-10 10:51:00,5471.126817835495,3,3312.25,1,1,4,6,Hibernating
12480.0,2011-11-11 14:52:00,5438.95945672458,4,3281.63,1,1,4,6,Hibernating
13952.0,2011-05-06 09:00:00,5628.20390116889,2,3251.07,1,1,4,6,Hibernating
14175.0,2011-10-11 11:55:00,5470.082373390906,3,3222.3,1,1,4,6,Hibernating
13868.0,2011-12-02 16:32:00,5417.890012280084,2,3192.54,1,1,4,6,Hibernating
14844.0,2011-10-07 10:41:00,5474.133762279991,4,3189.81,1,1,4,6,Hibernating
12456.0,2011-10-26 14:41:00,5454.96709561348,3,3181.04,1,1,4,6,Hibernating
17672.0,2011-10-20 14:18:00,5460.983067835681,2,3178.17,1,1,4,6,Hibernating
16041.0,2011-11-09 12:25:00,5441.061540057883,3,3166.4,1,1,4,6,Hibernating
15065.0,2011-11-02 09:45:00,5448.17265116889,4,3158.13,1,1,4,6,Hibernating
13869.0,2011-08-08 13:53:00,5534.000428946689,4,3104.95,1,1,4,6,Hibernating
14565.0,2011-09-05 09:07:00,5506.199040057603,4,3099.12,1,1,4,6,Hibernating
13135.0,2011-05-27 10:52:00,5607.126123391092,1,3096.0,1,1,4,6,Hibernating
13362.0,2011-11-30 14:41:00,5419.96709561348,4,3090.74,1,1,4,6,Hibernating
16940.0,2011-10-18 13:15:00,5463.026817835402,3,3049.88,1,1,4,6,Hibernating
12754.0,2011-04-18 09:00:00,5646.20390116889,3,3010.74,1,1,4,6,Hibernating
12916.0,2011-07-24 10:35:00,5549.137928946875,4,3006.15,1,1,4,6,Hibernating
17084.0,2011-11-04 14:54:00,5445.958067835774,2,2949.75,1,1,4,6,Hibernating
17444.0,2011-07-15 12:05:00,5558.075428946875,3,2940.04,1,1,4,6,Hibernating
12438.0,2011-11-25 13:28:00,5425.017790057696,2,2906.85,1,1,4,6,Hibernating
13735.0,2011-11-15 11:14:00,5435.110845613293,4,2885.24,1,1,4,6,Hibernating
15673.0,2011-09-12 16:12:00,5498.903901169077,4,2881.02,1,1,4,6,Hibernating
17728.0,2011-12-06 08:52:00,5414.20945672458,3,2876.01,1,1,4,6,Hibernating
14535.0,2011-10-10 15:39:00,5470.926817835774,3,2864.19,1,1,4,6,Hibernating
18145.0,2011-11-27 11:22:00,5423.105290057603,4,2861.55,1,1,4,6,Hibernating
14842.0,2011-10-27 12:37:00,5454.05320672458,4,2824.69,1,1,4,6,Hibernating
13174.0,2011-11-23 14:35:00,5426.971262279898,3,2817.03,1,1,4,6,Hibernating
12356.0,2011-11-17 08:40:00,5433.217790057883,3,2811.43,1,1,4,6,Hibernating
12578.0,2011-11-18 13:30:00,5432.01640116889,2,2794.51,1,1,4,6,Hibernating
12758.0,2011-08-15 10:22:00,5527.14695672458,2,2791.59,1,1,4,6,Hibernating
14626.0,2011-11-16 10:37:00,5434.136540057603,4,2791.27,1,1,4,6,Hibernating
14121.0,2011-12-06 12:19:00,5414.065706724301,4,2780.15,1,1,4,6,Hibernating
15321.0,2011-09-30 09:40:00,5481.176123390906,3,2748.31,1,1,4,6,Hibernating
12669.0,2011-07-12 09:54:00,5561.166401168797,3,2744.03,1,1,4,6,Hibernating
14125.0,2011-11-29 12:47:00,5421.046262280084,3,2740.43,1,1,4,6,Hibernating
16938.0,2011-12-01 10:20:00,5419.1483456133865,4,2736.38,1,1,4,6,Hibernating
12840.0,2011-07-19 09:29:00,5554.183762279805,4,2726.77,1,1,4,6,Hibernating
12380.0,2011-11-18 11:27:00,5432.101817835588,4,2724.81,1,1,4,6,Hibernating
13285.0,2011-11-16 13:19:00,5434.0240400577895,4,2709.12,1,1,4,6,Hibernating
12625.0,2011-05-12 09:54:00,5622.166401168797,2,2683.82,1,1,4,6,Hibernating
12360.0,2011-10-18 15:22:00,5462.938623391092,3,2662.06,1,1,4,6,Hibernating
14439.0,2011-01-24 11:39:00,5730.093484502286,1,2661.24,1,1,4,6,Hibernating
13851.0,2011-09-05 12:36:00,5506.053901168983,3,2651.46,1,1,4,6,Hibernating
13771.0,2011-10-06 14:18:00,5474.983067835681,4,2634.45,1,1,4,6,Hibernating
13422.0,2011-10-06 13:42:00,5475.008067835588,1,2626.3,1,1,4,6,Hibernating
13644.0,2011-11-23 14:07:00,5426.99070672458,4,2624.26,1,1,4,6,Hibernating
15782.0,2011-11-30 10:49:00,5420.128206724301,3,2614.74,1,1,4,6,Hibernating
12836.0,2011-10-11 15:10:00,5469.946956724394,4,2612.86,1,1,4,6,Hibernating
17317.0,2011-10-24 17:19:00,5456.857373391278,3,2600.34,1,1,4,6,Hibernating
13895.0,2011-11-11 16:57:00,5438.872651169077,4,2593.07,1,1,4,6,Hibernating
15485.0,2011-11-09 14:31:00,5440.974040057976,3,2575.0,1,1,4,6,Hibernating
16308.0,2011-11-02 11:24:00,5448.103901168797,4,2560.0,1,1,4,6,Hibernating
13344.0,2011-10-03 09:45:00,5478.17265116889,3,2543.72,1,1,4,6,Hibernating
17700.0,2011-11-23 11:51:00,5427.085151168983,4,2534.64,1,1,4,6,Hibernating
13471.0,2011-12-08 15:44:00,5411.923345613293,4,2531.58,1,1,4,6,Hibernating
15245.0,2011-07-28 18:56:00,5544.790012279991,3,2515.84,1,1,4,6,Hibernating
13507.0,2011-12-06 13:13:00,5414.0282067246735,4,2479.16,1,1,4,6,Hibernating
14163.0,2011-09-13 15:18:00,5497.941401168704,4,2445.91,1,1,4,6,Hibernating
17722.0,2011-09-04 15:22:00,5506.938623391092,4,2424.04,1,1,4,6,Hibernating
12397.0,2011-11-04 09:52:00,5446.167790057603,2,2409.9,1,1,4,6,Hibernating
17589.0,2011-10-10 16:58:00,5470.8719567246735,4,2404.17,1,1,4,6,Hibernating
15980.0,2011-09-12 09:41:00,5499.1754289465025,3,2398.86,1,1,4,6,Hibernating
14554.0,2011-11-29 16:44:00,5420.881678946782,4,2381.04,1,1,4,6,Hibernating
13722.0,2011-07-31 12:44:00,5542.048345613293,3,2375.41,1,1,4,6,Hibernating
14930.0,2011-08-23 10:31:00,5519.140706724487,3,2372.86,1,1,4,6,Hibernating
13908.0,2011-09-21 11:49:00,5490.0865400577895,4,2369.55,1,1,4,6,Hibernating
18259.0,2011-11-15 12:34:00,5435.0552900577895,3,2338.6,1,1,4,6,Hibernating
17313.0,2011-11-08 15:45:00,5441.92265116889,1,2328.84,1,1,4,6,Hibernating
13115.0,2011-11-28 12:38:00,5422.052512280177,4,2294.78,1,1,4,6,Hibernating
15704.0,2011-07-22 13:35:00,5551.012928946875,4,2293.62,1,1,4,6,Hibernating
12615.0,2011-12-07 15:02:00,5412.952512280084,4,2291.19,1,1,4,6,Hibernating
17768.0,2011-12-01 13:22:00,5419.02195672458,3,2273.18,1,1,4,6,Hibernating
15665.0,2011-06-24 14:57:00,5578.955984502099,2,2242.01,1,1,4,6,Hibernating
14700.0,2011-11-07 14:40:00,5442.967790057883,3,2235.3,1,1,4,6,Hibernating
15834.0,2011-09-30 14:41:00,5480.96709561348,4,2233.75,1,1,4,6,Hibernating
18242.0,2011-09-28 13:43:00,5483.007373391185,4,2232.49,1,1,4,6,Hibernating
13365.0,2011-11-06 12:36:00,5444.053901168983,2,2225.37,1,1,4,6,Hibernating
12876.0,2011-10-13 12:26:00,5468.06084561348,2,2218.02,1,1,4,6,Hibernating
12653.0,2011-07-14 10:41:00,5559.133762279991,2,2209.85,1,1,4,6,Hibernating
15797.0,2011-08-18 17:04:00,5523.8677900577895,4,2207.4,1,1,4,6,Hibernating
17406.0,2011-01-10 15:07:00,5743.949040057603,3,2200.42,1,1,4,6,Hibernating
15123.0,2011-12-02 13:12:00,5418.028901169077,2,2199.31,1,1,4,6,Hibernating
15394.0,2011-11-30 11:49:00,5420.0865400577895,4,2183.54,1,1,4,6,Hibernating
12501.0,2011-01-07 12:28:00,5747.0594567246735,1,2169.39,1,1,4,6,Hibernating
12633.0,2011-10-12 11:40:00,5469.092790057883,4,2163.98,1,1,4,6,Hibernating
16379.0,2011-12-05 15:38:00,5414.927512280177,4,2157.4,1,1,4,6,Hibernating
13224.0,2011-10-10 14:55:00,5470.957373390906,2,2155.95,1,1,4,6,Hibernating
17272.0,2011-10-28 16:37:00,5452.886540057603,4,2148.63,1,1,4,6,Hibernating
14828.0,2011-05-27 10:16:00,5607.151123390999,3,2139.76,1,1,4,6,Hibernating
12560.0,2011-12-04 13:54:00,5415.999734502286,3,2134.01,1,1,4,6,Hibernating
13517.0,2011-10-11 11:43:00,5470.0907067246735,3,2128.42,1,1,4,6,Hibernating
14360.0,2011-11-08 09:12:00,5442.195567835588,4,2128.23,1,1,4,6,Hibernating
18173.0,2011-09-14 11:26:00,5497.102512279991,4,2106.84,1,1,4,6,Hibernating
18093.0,2011-09-07 15:43:00,5503.924040057696,4,2106.52,1,1,4,6,Hibernating
14461.0,2011-07-14 17:11:00,5558.8629289465025,3,2103.06,1,1,4,6,Hibernating
14306.0,2011-10-19 13:23:00,5462.021262280177,2,2093.32,1,1,4,6,Hibernating
13297.0,2011-12-02 09:32:00,5418.181678946596,4,2089.85,1,1,4,6,Hibernating
16281.0,2011-09-28 14:57:00,5482.955984502099,1,2062.06,1,1,4,6,Hibernating
17625.0,2011-11-21 13:36:00,5429.012234502006,4,2047.0,1,1,4,6,Hibernating
17597.0,2011-05-10 11:54:00,5624.083067835774,1,2044.37,1,1,4,6,Hibernating
14001.0,2011-10-25 10:31:00,5456.140706724487,3,2043.08,1,1,4,6,Hibernating
12585.0,2011-04-19 13:39:00,5645.010151168797,2,2040.1,1,1,4,6,Hibernating
17846.0,2011-09-15 15:20:00,5495.940012279898,1,2033.1,1,1,4,6,Hibernating
17337.0,2011-07-11 14:55:00,5561.957373390906,4,2027.87,1,1,4,6,Hibernating
16358.0,2011-12-08 15:09:00,5411.947651168797,4,2027.5,1,1,4,6,Hibernating
14544.0,2011-11-15 15:06:00,5434.949734502006,2,2024.45,1,1,4,6,Hibernating
15341.0,2011-09-20 09:40:00,5491.176123390906,1,2020.52,1,1,4,6,Hibernating
15531.0,2011-12-01 18:43:00,5418.799040057696,2,2007.44,1,1,4,6,Hibernating
15372.0,2011-07-25 16:39:00,5547.885151168797,1,2007.4,1,1,4,6,Hibernating
17082.0,2011-11-06 15:17:00,5443.942095613107,2,2003.85,1,1,4,6,Hibernating
16754.0,2010-12-02 17:38:00,5782.844178946689,1,2002.4,1,1,4,6,Hibernating
18188.0,2011-11-24 16:46:00,5425.880290057976,3,2001.04,1,1,4,6,Hibernating
17827.0,2011-12-04 15:00:00,5415.95390116889,5,1995.46,1,2,3,6,Hibernating
13246.0,2011-11-21 16:50:00,5428.877512279898,6,1987.3,1,2,3,6,Hibernating
13590.0,2011-11-28 12:54:00,5422.041401168797,6,1981.92,1,2,3,6,Hibernating
13725.0,2011-10-21 10:03:00,5460.160151168704,8,1980.56,1,2,3,6,Hibernating
17422.0,2011-11-23 13:27:00,5427.018484502099,6,1979.37,1,2,3,6,Hibernating
17997.0,2011-09-26 16:13:00,5484.9032067246735,8,1970.67,1,2,3,6,Hibernating
15351.0,2011-11-27 12:52:00,5423.042790057603,7,1960.11,1,2,3,6,Hibernating
14498.0,2011-10-28 12:09:00,5453.072651168797,5,1957.32,1,2,3,6,Hibernating
12853.0,2011-07-28 11:29:00,5545.100428946782,6,1957.1,1,2,3,6,Hibernating
17554.0,2011-12-08 14:15:00,5411.98515116889,5,1952.45,1,2,3,6,Hibernating
14533.0,2011-11-15 12:05:00,5435.075428946875,7,1949.72,1,2,3,6,Hibernating
14653.0,2011-12-08 13:45:00,5412.005984502379,7,1947.55,1,2,3,6,Hibernating
15518.0,2011-10-06 13:05:00,5475.033762279898,8,1942.45,1,2,3,6,Hibernating
14472.0,2011-08-28 11:01:00,5514.119873390999,8,1936.84,1,2,3,6,Hibernating
15864.0,2011-11-17 13:32:00,5433.015012280084,6,1936.32,1,2,3,6,Hibernating
12528.0,2011-11-30 14:40:00,5419.967790057883,6,1933.48,1,2,3,6,Hibernating
14978.0,2011-09-28 13:07:00,5483.032373391092,5,1931.42,1,2,3,6,Hibernating
16983.0,2011-11-27 12:10:00,5423.071956724394,7,1931.25,1,2,3,6,Hibernating
16942.0,2011-11-27 12:40:00,5423.051123390906,9,1920.59,1,2,3,6,Hibernating
15021.0,2011-12-01 11:53:00,5419.083762280177,9,1914.82,1,2,3,6,Hibernating
17368.0,2011-11-16 15:26:00,5433.93584561348,8,1912.67,1,2,3,6,Hibernating
17228.0,2011-11-24 10:24:00,5426.145567835774,8,1906.09,1,2,3,6,Hibernating
14210.0,2011-08-26 12:36:00,5516.053901168983,6,1905.84,1,2,3,6,Hibernating
17463.0,2011-11-23 13:40:00,5427.009456724394,5,1896.41,1,2,3,6,Hibernating
16170.0,2011-10-20 08:21:00,5461.230984502006,6,1885.05,1,2,3,6,Hibernating
16128.0,2011-11-22 11:14:00,5428.110845613293,5,1880.22,1,2,3,6,Hibernating
17293.0,2011-12-01 14:37:00,5418.969873391092,9,1875.11,1,2,3,6,Hibernating
16474.0,2011-12-02 13:02:00,5418.035845613107,7,1871.5,1,2,3,6,Hibernating
17469.0,2011-11-23 13:15:00,5427.026817835402,5,1870.97,1,2,3,6,Hibernating
16841.0,2011-11-03 11:51:00,5447.085151168983,6,1869.82,1,2,3,6,Hibernating
14524.0,2011-11-08 12:29:00,5442.058762279805,9,1867.68,1,2,3,6,Hibernating
12423.0,2011-12-09 10:10:00,5411.155290057883,8,1859.31,1,2,3,6,Hibernating
17873.0,2011-09-20 16:41:00,5490.883762279991,5,1859.16,1,2,3,6,Hibernating
12963.0,2011-12-01 12:55:00,5419.040706724394,8,1856.63,1,2,3,6,Hibernating
16979.0,2011-12-06 12:21:00,5414.064317835495,6,1852.0,1,2,3,6,Hibernating
12383.0,2011-06-08 08:02:00,5595.244178946596,5,1850.56,1,2,3,6,Hibernating
12381.0,2011-12-05 12:44:00,5415.048345613293,5,1845.31,1,2,3,6,Hibernating
17519.0,2011-11-22 16:43:00,5427.882373391185,6,1844.02,1,2,3,6,Hibernating
18180.0,2011-12-05 08:39:00,5415.218484502286,6,1843.75,1,2,3,6,Hibernating
16455.0,2011-10-07 12:17:00,5474.067095613107,7,1841.18,1,2,3,6,Hibernating
13924.0,2011-12-08 09:39:00,5412.176817835774,6,1838.85,1,2,3,6,Hibernating
13650.0,2011-11-23 12:22:00,5427.063623391092,6,1836.34,1,2,3,6,Hibernating
14665.0,2011-10-10 09:14:00,5471.194178946782,5,1835.7,1,2,3,6,Hibernating
15203.0,2011-11-14 08:16:00,5436.234456724487,6,1827.8,1,2,3,6,Hibernating
18122.0,2011-12-01 13:08:00,5419.031678946689,6,1826.21,1,2,3,6,Hibernating
16153.0,2011-10-21 10:50:00,5460.127512279898,5,1824.23,1,2,3,6,Hibernating
17705.0,2011-12-06 13:45:00,5414.005984502379,9,1823.52,1,2,3,6,Hibernating
17629.0,2011-12-04 10:56:00,5416.12334561348,8,1814.12,1,2,3,6,Hibernating
15260.0,2011-08-31 13:55:00,5510.999040057883,7,1810.77,1,2,3,6,Hibernating
13481.0,2011-10-25 09:07:00,5456.199040057603,5,1804.56,1,2,3,6,Hibernating
17663.0,2011-11-14 08:56:00,5436.2066789465025,7,1802.91,1,2,3,6,Hibernating
15812.0,2011-08-24 14:19:00,5517.982373391278,5,1801.14,1,2,3,6,Hibernating
16249.0,2011-10-18 10:07:00,5463.157373391092,5,1800.07,1,2,3,6,Hibernating
17750.0,2011-12-04 14:09:00,5415.989317835774,9,1797.57,1,2,3,6,Hibernating
18179.0,2011-11-30 16:23:00,5419.896262280177,6,1793.17,1,2,3,6,Hibernating
16719.0,2011-11-25 09:27:00,5425.185151169077,7,1790.42,1,2,3,6,Hibernating
14215.0,2011-11-28 12:19:00,5422.065706724301,6,1789.72,1,2,3,6,Hibernating
14621.0,2011-12-08 16:22:00,5411.89695672458,5,1788.36,1,2,3,6,Hibernating
13875.0,2011-10-17 09:36:00,5464.178901168983,5,1786.79,1,2,3,6,Hibernating
15220.0,2011-10-19 12:39:00,5462.051817835774,6,1778.96,1,2,3,6,Hibernating
17754.0,2011-12-09 11:20:00,5411.106678946875,5,1772.26,1,2,3,6,Hibernating
15594.0,2011-11-24 08:53:00,5426.208762280177,5,1771.78,1,2,3,6,Hibernating
15473.0,2011-11-25 15:15:00,5424.943484502379,7,1771.2,1,2,3,6,Hibernating
17813.0,2011-11-25 16:13:00,5424.9032067246735,5,1770.88,1,2,3,6,Hibernating
16681.0,2011-09-28 11:11:00,5483.1129289465025,6,1770.34,1,2,3,6,Hibernating
13456.0,2011-11-22 09:18:00,5428.191401168704,6,1766.72,1,2,3,6,Hibernating
12823.0,2011-09-26 07:35:00,5485.262928946875,5,1759.5,1,2,3,6,Hibernating
15241.0,2011-10-04 09:05:00,5477.200428946875,8,1756.44,1,2,3,6,Hibernating
16359.0,2011-12-02 17:04:00,5417.8677900577895,9,1750.92,1,2,3,6,Hibernating
13808.0,2011-12-04 12:18:00,5416.066401168704,5,1747.66,1,2,3,6,Hibernating
14595.0,2011-11-20 12:12:00,5430.070567835588,6,1740.6,1,2,3,6,Hibernating
17930.0,2011-11-04 10:23:00,5446.146262280177,5,1740.48,1,2,3,6,Hibernating
17457.0,2011-08-05 12:48:00,5537.045567835681,5,1737.7,1,2,3,6,Hibernating
14673.0,2011-12-06 14:31:00,5413.974040057976,5,1736.4,1,2,3,6,Hibernating
16791.0,2011-11-10 19:12:00,5439.778901169077,7,1721.78,1,2,3,6,Hibernating
17451.0,2011-12-08 15:02:00,5411.952512280084,7,1721.4,1,2,3,6,Hibernating
14834.0,2011-11-22 10:30:00,5428.14140116889,6,1720.3,1,2,3,6,Hibernating
15267.0,2011-11-17 15:59:00,5432.912928946782,5,1717.36,1,2,3,6,Hibernating
12407.0,2011-10-21 10:11:00,5460.15459561348,5,1708.12,1,2,3,6,Hibernating
15240.0,2011-10-26 09:50:00,5455.169178946875,5,1706.57,1,2,3,6,Hibernating
12843.0,2011-10-05 12:09:00,5476.072651168797,8,1702.26,1,2,3,6,Hibernating
17193.0,2011-11-04 12:47:00,5446.046262280084,7,1699.3,1,2,3,6,Hibernating
13824.0,2011-11-07 12:41:00,5443.0504289465025,5,1698.94,1,2,3,6,Hibernating
15380.0,2011-12-01 12:13:00,5419.069873391185,5,1690.26,1,2,3,6,Hibernating
17656.0,2011-09-27 13:04:00,5484.034456724301,5,1674.69,1,2,3,6,Hibernating
16115.0,2011-11-30 11:32:00,5420.098345613107,8,1667.97,1,2,3,6,Hibernating
12912.0,2011-12-07 08:55:00,5413.207373390906,5,1662.3,1,2,3,6,Hibernating
13012.0,2011-11-30 13:05:00,5420.033762279898,8,1661.84,1,2,3,6,Hibernating
15214.0,2011-12-08 12:07:00,5412.074040057603,8,1661.44,1,2,3,6,Hibernating
15953.0,2011-11-24 15:32:00,5425.931678946596,8,1659.38,1,2,3,6,Hibernating
14573.0,2011-06-13 11:15:00,5590.11015116889,9,1653.42,1,2,3,6,Hibernating
17284.0,2011-10-10 14:38:00,5470.969178946689,6,1652.58,1,2,3,6,Hibernating
16711.0,2011-12-06 16:32:00,5413.890012280084,5,1651.03,1,2,3,6,Hibernating
13750.0,2011-10-17 12:16:00,5464.067790057976,5,1647.26,1,2,3,6,Hibernating
13627.0,2011-10-11 14:20:00,5469.981678946875,5,1638.47,1,2,3,6,Hibernating
17673.0,2011-12-08 12:50:00,5412.044178946875,6,1629.12,1,2,3,6,Hibernating
16515.0,2011-10-18 13:10:00,5463.030290057883,5,1627.13,1,2,3,6,Hibernating
16987.0,2011-12-06 17:26:00,5413.852512279991,7,1625.05,1,2,3,6,Hibernating
15172.0,2011-12-01 11:51:00,5419.085151168983,5,1624.05,1,2,3,6,Hibernating
14178.0,2011-12-01 12:01:00,5419.078206724487,7,1620.93,1,2,3,6,Hibernating
18161.0,2011-11-24 16:40:00,5425.884456724394,5,1618.69,1,2,3,6,Hibernating
16992.0,2011-11-29 11:50:00,5421.0858456133865,5,1614.31,1,2,3,6,Hibernating
14312.0,2011-10-24 09:46:00,5457.171956724487,6,1611.59,1,2,3,6,Hibernating
12868.0,2011-06-07 10:42:00,5596.133067835588,6,1607.06,1,2,3,6,Hibernating
16817.0,2011-12-07 11:03:00,5413.118484502193,9,1604.75,1,2,3,6,Hibernating
12947.0,2011-07-19 10:06:00,5554.158067835495,6,1603.99,1,2,3,6,Hibernating
16466.0,2011-11-06 11:35:00,5444.096262279898,7,1603.46,1,2,3,6,Hibernating
14719.0,2011-12-08 12:43:00,5412.049040057696,5,1602.13,1,2,3,6,Hibernating
14587.0,2011-11-21 11:34:00,5429.096956724301,9,1601.14,1,2,3,6,Hibernating
15660.0,2011-11-14 16:58:00,5435.8719567246735,9,1600.86,1,2,3,6,Hibernating
17837.0,2011-10-28 16:13:00,5452.9032067246735,8,1593.38,1,2,3,6,Hibernating
16332.0,2011-11-11 14:22:00,5438.980290057603,7,1593.2,1,2,3,6,Hibernating
13634.0,2011-11-06 13:40:00,5444.009456724394,5,1575.16,1,2,3,6,Hibernating
16283.0,2011-12-04 12:08:00,5416.0733456132,5,1570.81,1,2,3,6,Hibernating
15906.0,2011-11-20 12:24:00,5430.062234502286,7,1567.69,1,2,3,6,Hibernating
17085.0,2011-08-08 14:15:00,5533.98515116889,5,1566.65,1,2,3,6,Hibernating
18239.0,2011-05-05 12:38:00,5629.052512280177,5,1561.61,1,2,3,6,Hibernating
16394.0,2011-10-14 09:48:00,5467.170567835681,5,1555.34,1,2,3,6,Hibernating
13313.0,2011-11-17 16:48:00,5432.878901168704,5,1555.32,1,2,3,6,Hibernating
15117.0,2011-11-25 08:12:00,5425.237234502099,5,1551.78,1,2,3,6,Hibernating
14704.0,2011-11-28 12:51:00,5422.043484502006,9,1546.91,1,2,3,6,Hibernating
16790.0,2011-12-06 11:53:00,5414.083762280177,6,1545.62,1,2,3,6,Hibernating
13397.0,2011-09-28 10:56:00,5483.12334561348,5,1544.13,1,2,3,6,Hibernating
16365.0,2011-11-22 11:24:00,5428.103901168797,9,1540.42,1,2,3,6,Hibernating
14321.0,2011-11-29 09:47:00,5421.171262280084,5,1530.75,1,2,3,6,Hibernating
15916.0,2011-11-23 13:46:00,5427.005290057976,8,1528.09,1,2,3,6,Hibernating
16434.0,2011-11-10 14:28:00,5439.976123391185,7,1522.25,1,2,3,6,Hibernating
16066.0,2011-11-23 11:54:00,5427.083067835774,5,1521.87,1,2,3,6,Hibernating
13213.0,2011-10-14 11:42:00,5467.091401169077,5,1520.58,1,2,3,6,Hibernating
16880.0,2011-11-09 11:33:00,5441.097651168704,7,1519.08,1,2,3,6,Hibernating
16748.0,2011-11-22 10:17:00,5428.150428946596,5,1515.9,1,2,3,6,Hibernating
16910.0,2011-12-05 12:51:00,5415.043484502006,8,1510.06,1,2,3,6,Hibernating
16016.0,2011-12-06 14:35:00,5413.971262279898,8,1508.76,1,2,3,6,Hibernating
14414.0,2011-09-09 12:09:00,5502.072651168797,7,1496.98,1,2,3,6,Hibernating
13110.0,2011-11-08 14:30:00,5441.974734502379,7,1488.67,1,2,3,6,Hibernating
14963.0,2011-11-30 12:16:00,5420.067790057976,5,1487.8,1,2,3,6,Hibernating
16395.0,2011-10-10 12:50:00,5471.044178946875,5,1486.9,1,2,3,6,Hibernating
14878.0,2011-11-27 11:15:00,5423.11015116889,9,1485.54,1,2,3,6,Hibernating
18016.0,2011-11-07 13:25:00,5443.019873390906,5,1483.56,1,2,3,6,Hibernating
12826.0,2011-12-07 10:25:00,5413.144873390906,7,1474.72,1,2,3,6,Hibernating
14404.0,2011-11-06 12:30:00,5444.058067835402,6,1474.32,1,2,3,6,Hibernating
16348.0,2011-11-07 15:44:00,5442.923345613293,7,1469.45,1,2,3,6,Hibernating
14541.0,2011-10-12 10:08:00,5469.156678946689,8,1461.65,1,2,3,6,Hibernating
17063.0,2011-11-18 16:19:00,5431.8990400577895,7,1461.14,1,2,3,6,Hibernating
16059.0,2011-10-05 09:56:00,5476.165012279991,6,1459.86,1,2,3,6,Hibernating
16996.0,2011-11-09 16:43:00,5440.882373391185,6,1456.96,1,2,3,6,Hibernating
13309.0,2011-12-02 16:34:00,5417.888623391278,5,1456.79,1,2,3,6,Hibernating
13477.0,2011-11-02 12:04:00,5448.076123391278,6,1454.58,1,2,3,6,Hibernating
15987.0,2011-11-27 15:38:00,5422.927512280177,7,1451.28,1,2,3,6,Hibernating
15426.0,2011-11-20 15:36:00,5429.928901168983,5,1447.39,1,2,3,6,Hibernating
13717.0,2011-11-07 14:13:00,5442.986540057696,6,1445.01,1,2,3,6,Hibernating
15858.0,2011-11-24 12:48:00,5426.045567835681,5,1438.85,1,2,3,6,Hibernating
14071.0,2011-12-06 12:27:00,5414.060151169077,8,1438.82,1,2,3,6,Hibernating
16103.0,2011-12-02 14:16:00,5417.984456724487,6,1429.64,1,2,3,6,Hibernating
16271.0,2011-12-07 12:45:00,5413.04765116889,5,1429.24,1,2,3,6,Hibernating
14035.0,2011-11-11 10:03:00,5439.160151168704,5,1428.02,1,2,3,6,Hibernating
15681.0,2011-11-14 16:30:00,5435.89140116889,5,1426.16,1,2,3,6,Hibernating
15106.0,2011-11-22 09:16:00,5428.192790057976,5,1422.52,1,2,3,6,Hibernating
14901.0,2011-11-28 17:09:00,5421.864317835774,9,1421.29,1,2,3,6,Hibernating
17288.0,2011-11-30 16:09:00,5419.905984502286,7,1419.73,1,2,3,6,Hibernating
16173.0,2011-11-24 10:53:00,5426.125428946689,6,1418.32,1,2,3,6,Hibernating
18116.0,2011-10-03 11:00:00,5478.120567835402,8,1418.03,1,2,3,6,Hibernating
14748.0,2011-11-10 18:33:00,5439.805984502193,5,1415.75,1,2,3,6,Hibernating
15596.0,2011-08-31 10:55:00,5511.124040057883,5,1406.59,1,2,3,6,Hibernating
14741.0,2011-11-28 08:48:00,5422.212234502193,6,1400.34,1,2,3,6,Hibernating
13995.0,2011-11-24 14:22:00,5425.980290057603,5,1393.69,1,2,3,6,Hibernating
15898.0,2011-12-08 15:23:00,5411.937928946689,5,1388.88,1,2,3,6,Hibernating
15453.0,2011-12-08 10:59:00,5412.121262279805,7,1388.37,1,2,3,6,Hibernating
15134.0,2011-11-25 08:55:00,5425.207373390906,8,1387.99,1,2,3,6,Hibernating
17676.0,2011-12-05 15:16:00,5414.942790057976,6,1387.68,1,2,3,6,Hibernating
12775.0,2011-11-22 16:33:00,5427.889317835681,5,1386.04,1,2,3,6,Hibernating
14507.0,2011-11-16 12:21:00,5434.064317835495,6,1383.18,1,2,3,6,Hibernating
14116.0,2011-11-20 10:29:00,5430.142095613293,5,1382.74,1,2,3,6,Hibernating
16726.0,2011-11-13 14:53:00,5436.958762280177,5,1382.02,1,2,3,6,Hibernating
15569.0,2011-08-28 10:15:00,5514.151817835402,5,1375.71,1,2,3,6,Hibernating
14434.0,2011-11-18 08:56:00,5432.2066789465025,6,1372.8,1,2,3,6,Hibernating
14102.0,2011-12-04 15:38:00,5415.927512280177,5,1360.28,1,2,3,6,Hibernating
13232.0,2011-11-27 10:39:00,5423.135151168797,7,1357.6,1,2,3,6,Hibernating
17054.0,2011-11-11 12:56:00,5439.040012279991,5,1356.33,1,2,3,6,Hibernating
14064.0,2011-11-10 13:14:00,5440.027512279805,5,1353.74,1,2,3,6,Hibernating
17372.0,2011-10-30 11:37:00,5451.094873391092,8,1342.68,1,2,3,6,Hibernating
13743.0,2011-12-07 10:09:00,5413.155984502286,7,1341.6,1,2,3,6,Hibernating
18177.0,2011-11-08 14:44:00,5441.965012279805,6,1341.42,1,2,3,6,Hibernating
15059.0,2011-10-30 11:35:00,5451.096262279898,9,1337.72,1,2,3,6,Hibernating
12919.0,2011-12-01 13:47:00,5419.004595613107,6,1335.19,1,2,3,6,Hibernating
12676.0,2011-11-15 12:25:00,5435.061540057883,6,1331.39,1,2,3,6,Hibernating
14794.0,2011-12-07 10:11:00,5413.15459561348,7,1319.91,1,2,3,6,Hibernating
12576.0,2011-11-04 10:11:00,5446.15459561348,5,1315.83,1,2,3,6,Hibernating
14511.0,2011-11-28 17:05:00,5421.8670956133865,5,1314.81,1,2,3,6,Hibernating
14738.0,2011-10-28 08:56:00,5453.2066789465025,7,1314.45,1,2,3,6,Hibernating
14047.0,2011-12-01 11:43:00,5419.0907067246735,5,1308.61,1,2,3,6,Hibernating
16744.0,2011-11-28 13:06:00,5422.033067835495,7,1304.76,1,2,3,6,Hibernating
14898.0,2011-11-16 14:54:00,5433.958067835774,6,1303.52,1,2,3,6,Hibernating
15602.0,2011-12-01 14:14:00,5418.985845613293,9,1297.87,1,2,3,6,Hibernating
16929.0,2011-12-06 08:37:00,5414.219873391092,7,1295.39,1,2,3,6,Hibernating
16949.0,2011-12-06 11:07:00,5414.11570672458,6,1286.27,1,2,3,6,Hibernating
16899.0,2011-12-02 12:03:00,5418.076817835681,6,1281.56,1,2,3,6,Hibernating
13538.0,2011-10-27 16:34:00,5453.888623391278,7,1280.85,1,2,3,6,Hibernating
17412.0,2011-12-07 11:36:00,5413.095567835495,7,1258.06,1,2,3,6,Hibernating
14931.0,2011-12-05 10:19:00,5415.1490400577895,5,1257.68,1,2,3,6,Hibernating
17262.0,2011-10-18 12:56:00,5463.040012279991,5,1253.36,1,2,3,6,Hibernating
14698.0,2011-12-08 12:26:00,5412.06084561348,5,1250.76,1,2,3,6,Hibernating
12494.0,2011-11-24 09:34:00,5426.1802900577895,7,1246.1,1,2,3,6,Hibernating
13860.0,2011-12-08 12:57:00,5412.039317835588,5,1245.9,1,2,3,6,Hibernating
14428.0,2011-12-02 13:17:00,5418.025428946596,5,1244.83,1,2,3,6,Hibernating
16531.0,2011-11-17 16:29:00,5432.892095613293,7,1244.59,1,2,3,6,Hibernating
15201.0,2011-09-13 14:53:00,5497.958762280177,5,1236.54,1,2,3,6,Hibernating
14684.0,2011-11-14 11:33:00,5436.097651168704,5,1236.28,1,2,3,6,Hibernating
15910.0,2011-12-09 10:51:00,5411.126817835495,8,1232.18,1,2,3,6,Hibernating
18171.0,2011-10-12 09:13:00,5469.194873391185,5,1231.31,1,2,3,6,Hibernating
13208.0,2011-10-12 09:54:00,5469.166401168797,6,1223.9,1,2,3,6,Hibernating
14745.0,2011-08-19 10:05:00,5523.158762279898,5,1220.26,1,2,3,6,Hibernating
15227.0,2011-11-03 11:59:00,5447.079595613293,5,1219.4,1,2,3,6,Hibernating
17410.0,2011-11-23 15:46:00,5426.921956724487,5,1214.72,1,2,3,6,Hibernating
12464.0,2011-11-29 13:33:00,5421.014317835681,8,1212.05,1,2,3,6,Hibernating
15737.0,2011-11-25 11:21:00,5425.105984502006,8,1205.12,1,2,3,6,Hibernating
17800.0,2011-11-02 12:57:00,5448.039317835588,9,1199.01,1,2,3,6,Hibernating
15605.0,2011-11-03 14:17:00,5446.983762280084,5,1198.23,1,2,3,6,Hibernating
13118.0,2011-11-20 12:46:00,5430.046956724487,5,1197.81,1,2,3,6,Hibernating
16042.0,2011-11-17 17:50:00,5432.8358456133865,5,1197.27,1,2,3,6,Hibernating
17867.0,2011-11-09 14:15:00,5440.98515116889,6,1197.1,1,2,3,6,Hibernating
14487.0,2011-11-13 12:17:00,5437.067095613107,6,1196.33,1,2,3,6,Hibernating
13882.0,2011-12-07 11:16:00,5413.109456724487,5,1191.13,1,2,3,6,Hibernating
13752.0,2011-08-07 14:16:00,5534.984456724487,6,1186.28,1,2,3,6,Hibernating
18168.0,2011-06-16 19:21:00,5586.772651168983,6,1169.94,1,2,3,6,Hibernating
14447.0,2011-11-21 08:28:00,5429.226123391185,5,1163.23,1,2,3,6,Hibernating
17348.0,2011-11-25 11:25:00,5425.103206724394,5,1159.52,1,2,3,6,Hibernating
13499.0,2011-11-22 11:21:00,5428.105984502006,5,1159.11,1,2,3,6,Hibernating
16184.0,2011-10-06 17:43:00,5474.8407067246735,6,1158.79,1,2,3,6,Hibernating
14723.0,2011-11-29 15:23:00,5420.937928946689,6,1158.3,1,2,3,6,Hibernating
17770.0,2011-05-25 12:34:00,5609.0552900577895,5,1143.27,1,2,3,6,Hibernating
16172.0,2011-09-05 13:22:00,5506.02195672458,5,1140.21,1,2,3,6,Hibernating
17135.0,2011-11-23 16:48:00,5426.878901168704,7,1139.73,1,2,3,6,Hibernating
17302.0,2011-11-25 09:36:00,5425.178901168983,5,1135.63,1,2,3,6,Hibernating
16989.0,2011-12-02 16:39:00,5417.885151168797,6,1133.25,1,2,3,6,Hibernating
13610.0,2011-11-27 15:38:00,5422.927512280177,7,1131.88,1,2,3,6,Hibernating
17470.0,2011-10-26 12:42:00,5455.049734502099,5,1125.07,1,2,3,6,Hibernating
14129.0,2011-12-08 11:02:00,5412.119178946596,5,1123.86,1,2,3,6,Hibernating
17562.0,2011-11-25 14:21:00,5424.980984502006,7,1122.38,1,2,3,6,Hibernating
16086.0,2011-10-11 13:09:00,5470.030984502286,5,1121.39,1,2,3,6,Hibernating
17894.0,2011-09-29 09:23:00,5482.187928946689,8,1119.81,1,2,3,6,Hibernating
17609.0,2011-10-30 12:28:00,5451.0594567246735,5,1112.22,1,2,3,6,Hibernating
14410.0,2011-09-08 15:08:00,5502.9483456132,9,1105.07,1,2,3,6,Hibernating
14948.0,2011-11-16 17:16:00,5433.859456724487,6,1101.97,1,2,3,6,Hibernating
14744.0,2011-11-23 12:51:00,5427.043484502006,7,1099.98,1,2,3,6,Hibernating
13104.0,2011-12-06 13:10:00,5414.030290057883,6,1098.48,1,2,3,6,Hibernating
17966.0,2011-11-02 10:26:00,5448.1441789465025,5,1098.43,1,2,3,6,Hibernating
16225.0,2011-10-26 08:30:00,5455.224734502379,5,1096.32,1,2,3,6,Hibernating
13715.0,2011-03-03 19:21:00,5691.772651168983,5,1079.34,1,2,3,6,Hibernating
15712.0,2011-11-30 14:09:00,5419.989317835774,5,1072.36,1,2,3,6,Hibernating
17522.0,2011-12-08 12:31:00,5412.057373390999,5,1070.71,1,2,3,6,Hibernating
17214.0,2011-10-10 13:17:00,5471.025428946596,6,1069.12,1,2,3,6,Hibernating
16918.0,2011-10-21 12:50:00,5460.044178946875,6,1068.82,1,2,3,6,Hibernating
17287.0,2011-11-13 13:27:00,5437.018484502099,7,1064.11,1,2,3,6,Hibernating
12951.0,2011-12-01 12:14:00,5419.069178946782,6,1064.07,1,2,3,6,Hibernating
15996.0,2011-09-12 15:14:00,5498.944178946782,6,1060.68,1,2,3,6,Hibernating
14419.0,2011-11-29 11:22:00,5421.105290057603,6,1058.06,1,2,3,6,Hibernating
14583.0,2011-12-04 12:32:00,5416.056678946596,5,1052.55,1,2,3,6,Hibernating
14078.0,2011-08-30 12:16:00,5512.067790057976,6,1049.37,1,2,3,6,Hibernating
17042.0,2011-12-07 12:26:00,5413.06084561348,5,1044.38,1,2,3,6,Hibernating
13719.0,2011-11-24 15:26:00,5425.93584561348,5,1041.68,1,2,3,6,Hibernating
18221.0,2011-11-17 14:40:00,5432.967790057883,5,1041.61,1,2,3,6,Hibernating
15434.0,2011-12-01 13:33:00,5419.014317835681,5,1041.48,1,2,3,6,Hibernating
12691.0,2011-11-11 16:49:00,5438.878206724301,6,1035.8,1,2,3,6,Hibernating
12599.0,2011-11-10 13:34:00,5440.013623391278,7,1032.58,1,2,3,6,Hibernating
16682.0,2011-12-05 12:13:00,5415.069873391185,5,1028.0,1,2,3,6,Hibernating
13956.0,2011-12-04 13:20:00,5416.0233456133865,5,1026.42,1,2,3,6,Hibernating
15658.0,2011-06-02 15:22:00,5600.938623391092,5,1024.1,1,2,3,6,Hibernating
12828.0,2011-12-07 08:45:00,5413.214317835402,6,1018.71,1,2,3,6,Hibernating
14083.0,2011-12-05 13:14:00,5415.027512279805,9,1018.43,1,2,3,6,Hibernating
13728.0,2011-11-03 10:49:00,5447.128206724301,6,1016.14,1,2,3,6,Hibernating
17126.0,2011-07-10 13:52:00,5563.001123391092,5,1004.75,1,2,3,6,Hibernating
14214.0,2011-11-09 10:31:00,5441.140706724487,5,1004.38,1,2,3,6,Hibernating
13410.0,2011-11-15 15:33:00,5434.930984502193,5,1003.06,1,2,3,6,Hibernating
15508.0,2011-06-03 15:43:00,5599.924040057696,6,1000.27,1,2,3,6,Hibernating
16698.0,2011-04-27 10:52:00,5637.126123391092,2,1998.0,1,1,3,5,Hibernating
18204.0,2011-09-29 16:44:00,5481.881678946782,3,1993.7,1,1,3,5,Hibernating
17679.0,2011-10-18 07:43:00,5463.257373391185,2,1992.11,1,1,3,5,Hibernating
17088.0,2011-11-11 14:23:00,5438.9795956132,4,1991.01,1,1,3,5,Hibernating
16341.0,2011-11-15 09:12:00,5435.195567835588,4,1971.87,1,1,3,5,Hibernating
12674.0,2011-11-01 12:12:00,5449.070567835588,4,1970.6,1,1,3,5,Hibernating
15814.0,2011-11-23 08:17:00,5427.233762280084,4,1945.33,1,1,3,5,Hibernating
14418.0,2011-12-06 11:39:00,5414.093484502286,3,1937.25,1,1,3,5,Hibernating
15157.0,2011-12-06 11:28:00,5414.101123391185,3,1936.07,1,1,3,5,Hibernating
14655.0,2011-12-01 16:28:00,5418.892790057696,4,1932.23,1,1,3,5,Hibernating
14285.0,2011-11-18 14:50:00,5431.9608456133865,4,1910.01,1,1,3,5,Hibernating
15819.0,2011-10-21 14:50:00,5459.9608456133865,4,1905.45,1,1,3,5,Hibernating
14250.0,2011-12-02 14:30:00,5417.974734502379,3,1904.05,1,1,3,5,Hibernating
12762.0,2011-12-02 10:23:00,5418.146262280177,2,1898.52,1,1,3,5,Hibernating
14934.0,2011-09-19 10:10:00,5492.155290057883,2,1890.94,1,1,3,5,Hibernating
12371.0,2011-10-26 10:16:00,5455.151123390999,2,1887.96,1,1,3,5,Hibernating
15641.0,2011-08-26 14:04:00,5515.9927900577895,4,1887.2,1,1,3,5,Hibernating
17738.0,2011-11-20 15:05:00,5429.950428946875,4,1879.05,1,1,3,5,Hibernating
15367.0,2011-10-13 14:13:00,5467.986540057696,4,1877.59,1,1,3,5,Hibernating
16986.0,2011-11-10 11:55:00,5440.082373390906,2,1873.2,1,1,3,5,Hibernating
13982.0,2011-10-31 16:24:00,5449.895567835774,4,1871.81,1,1,3,5,Hibernating
17787.0,2011-07-10 11:24:00,5563.103901168797,4,1865.19,1,1,3,5,Hibernating
16201.0,2011-12-06 16:02:00,5413.910845613107,4,1863.47,1,1,3,5,Hibernating
14887.0,2011-09-21 15:32:00,5489.931678946596,1,1862.0,1,1,3,5,Hibernating
14305.0,2011-09-29 15:29:00,5481.933762279805,3,1858.96,1,1,3,5,Hibernating
13421.0,2011-10-30 14:21:00,5450.980984502006,2,1851.08,1,1,3,5,Hibernating
12950.0,2011-12-07 13:17:00,5413.025428946596,3,1843.0,1,1,3,5,Hibernating
17015.0,2011-11-11 10:45:00,5439.130984502379,3,1842.56,1,1,3,5,Hibernating
16102.0,2011-10-28 13:19:00,5453.0240400577895,3,1842.14,1,1,3,5,Hibernating
14113.0,2011-12-06 12:18:00,5414.066401168704,4,1840.42,1,1,3,5,Hibernating
14216.0,2011-12-06 14:56:00,5413.9566789465025,4,1839.3,1,1,3,5,Hibernating
14459.0,2011-07-07 13:35:00,5566.012928946875,1,1837.92,1,1,3,5,Hibernating
18287.0,2011-10-28 09:29:00,5453.183762279805,3,1837.28,1,1,3,5,Hibernating
13048.0,2011-11-25 13:23:00,5425.021262280177,4,1835.91,1,1,3,5,Hibernating
16152.0,2011-03-16 09:47:00,5679.171262280084,1,1829.04,1,1,3,5,Hibernating
17702.0,2011-11-09 16:03:00,5440.910151168704,4,1824.37,1,1,3,5,Hibernating
16169.0,2011-12-01 15:28:00,5418.9344567246735,4,1822.97,1,1,3,5,Hibernating
17828.0,2011-11-17 08:41:00,5433.21709561348,4,1820.09,1,1,3,5,Hibernating
13562.0,2011-09-19 10:51:00,5492.126817835495,3,1799.33,1,1,3,5,Hibernating
13196.0,2011-11-28 13:54:00,5421.999734502286,4,1797.78,1,1,3,5,Hibernating
17648.0,2011-10-10 09:41:00,5471.1754289465025,4,1797.5,1,1,3,5,Hibernating
12348.0,2011-09-25 13:13:00,5486.0282067246735,4,1797.24,1,1,3,5,Hibernating
18235.0,2011-09-29 08:27:00,5482.226817835588,3,1796.48,1,1,3,5,Hibernating
13134.0,2011-09-15 10:35:00,5496.137928946875,4,1793.58,1,1,3,5,Hibernating
13510.0,2011-12-08 13:46:00,5412.005290057976,4,1791.56,1,1,3,5,Hibernating
14608.0,2011-12-05 16:52:00,5414.876123391092,4,1785.15,1,1,3,5,Hibernating
14935.0,2011-02-15 14:44:00,5707.965012279805,1,1784.71,1,1,3,5,Hibernating
15050.0,2011-11-14 16:17:00,5435.900428946596,3,1782.09,1,1,3,5,Hibernating
16380.0,2011-10-09 15:40:00,5471.926123390906,1,1780.59,1,1,3,5,Hibernating
17092.0,2011-10-20 19:51:00,5460.751817835495,4,1777.78,1,1,3,5,Hibernating
12645.0,2011-11-06 12:38:00,5444.052512280177,4,1775.18,1,1,3,5,Hibernating
14387.0,2011-11-07 12:29:00,5443.058762279805,3,1770.56,1,1,3,5,Hibernating
15950.0,2011-11-08 11:09:00,5442.114317835774,4,1765.51,1,1,3,5,Hibernating
16751.0,2011-11-09 10:48:00,5441.128901168704,1,1764.72,1,1,3,5,Hibernating
12424.0,2011-06-30 12:06:00,5573.074734502006,2,1760.96,1,1,3,5,Hibernating
12349.0,2011-11-21 09:51:00,5429.168484502006,1,1757.55,1,1,3,5,Hibernating
13564.0,2011-07-18 14:33:00,5554.972651168704,3,1749.02,1,1,3,5,Hibernating
15067.0,2011-09-22 13:20:00,5489.0233456133865,3,1744.76,1,1,3,5,Hibernating
13157.0,2011-10-21 13:50:00,5460.002512279898,4,1741.22,1,1,3,5,Hibernating
17353.0,2011-08-02 17:19:00,5539.857373391278,2,1740.0,1,1,3,5,Hibernating
17043.0,2011-11-07 15:33:00,5442.930984502193,4,1735.18,1,1,3,5,Hibernating
13763.0,2011-10-07 15:13:00,5473.944873391185,1,1714.96,1,1,3,5,Hibernating
17147.0,2011-11-17 12:32:00,5433.056678946596,4,1714.59,1,1,3,5,Hibernating
14441.0,2011-12-09 09:07:00,5411.199040057603,4,1712.89,1,1,3,5,Hibernating
12405.0,2011-07-14 08:52:00,5559.20945672458,1,1710.39,1,1,3,5,Hibernating
15947.0,2011-09-18 10:46:00,5493.130290057976,1,1708.24,1,1,3,5,Hibernating
16902.0,2011-08-15 14:17:00,5526.983762280084,1,1706.88,1,1,3,5,Hibernating
16398.0,2011-07-08 15:16:00,5564.942790057976,2,1705.8,1,1,3,5,Hibernating
17282.0,2011-08-01 14:29:00,5540.975428946782,3,1703.41,1,1,3,5,Hibernating
16007.0,2011-10-23 11:05:00,5458.1170956133865,4,1701.94,1,1,3,5,Hibernating
12764.0,2011-01-27 10:19:00,5727.1490400577895,1,1693.88,1,1,3,5,Hibernating
14245.0,2011-05-04 08:40:00,5630.217790057883,2,1693.45,1,1,3,5,Hibernating
15549.0,2011-09-23 16:22:00,5487.89695672458,3,1693.26,1,1,3,5,Hibernating
16671.0,2011-11-11 13:40:00,5439.009456724394,3,1692.27,1,1,3,5,Hibernating
17152.0,2011-05-29 12:19:00,5605.065706724301,3,1689.5,1,1,3,5,Hibernating
12635.0,2011-09-11 11:04:00,5500.1177900577895,2,1689.18,1,1,3,5,Hibernating
13162.0,2011-08-09 15:59:00,5532.912928946782,4,1688.29,1,1,3,5,Hibernating
13577.0,2011-11-14 15:19:00,5435.940706724301,4,1687.6,1,1,3,5,Hibernating
13647.0,2011-11-30 12:00:00,5420.07890116889,4,1678.12,1,1,3,5,Hibernating
13149.0,2011-11-25 13:09:00,5425.030984502286,4,1676.06,1,1,3,5,Hibernating
12530.0,2011-10-11 12:34:00,5470.0552900577895,4,1662.28,1,1,3,5,Hibernating
15332.0,2010-12-08 14:43:00,5776.9657067246735,4,1661.06,1,1,3,5,Hibernating
12967.0,2010-12-16 19:10:00,5768.780290057883,2,1660.9,1,1,3,5,Hibernating
14045.0,2011-08-22 15:27:00,5519.935151169077,4,1659.75,1,1,3,5,Hibernating
15826.0,2011-10-14 16:05:00,5466.908762279898,3,1654.31,1,1,3,5,Hibernating
14837.0,2011-09-11 10:58:00,5500.1219567246735,4,1649.5,1,1,3,5,Hibernating
12657.0,2011-11-28 15:47:00,5421.921262280084,4,1643.18,1,1,3,5,Hibernating
15002.0,2011-08-16 10:44:00,5526.131678946782,4,1641.76,1,1,3,5,Hibernating
12398.0,2011-10-25 10:27:00,5456.143484502099,1,1635.66,1,1,3,5,Hibernating
15122.0,2011-08-17 16:48:00,5524.878901168704,3,1633.78,1,1,3,5,Hibernating
14164.0,2011-09-30 12:24:00,5481.062234502286,2,1631.77,1,1,3,5,Hibernating
12377.0,2011-01-28 15:45:00,5725.92265116889,2,1628.12,1,1,3,5,Hibernating
14759.0,2011-12-05 12:03:00,5415.076817835681,3,1625.97,1,1,3,5,Hibernating
13425.0,2011-08-23 17:13:00,5518.861540057696,3,1624.21,1,1,3,5,Hibernating
14937.0,2011-10-14 12:29:00,5467.058762279805,3,1621.88,1,1,3,5,Hibernating
17101.0,2011-11-29 13:57:00,5420.997651169077,4,1621.73,1,1,3,5,Hibernating
16801.0,2011-06-29 15:33:00,5573.930984502193,4,1619.73,1,1,3,5,Hibernating
14336.0,2011-11-23 11:40:00,5427.092790057883,4,1614.91,1,1,3,5,Hibernating
15791.0,2011-10-27 10:14:00,5454.152512279805,2,1612.69,1,1,3,5,Hibernating
13614.0,2011-11-15 14:47:00,5434.962928946596,4,1610.46,1,1,3,5,Hibernating
14918.0,2011-08-16 11:50:00,5526.0858456133865,2,1610.15,1,1,3,5,Hibernating
16496.0,2011-12-01 10:31:00,5419.140706724487,3,1599.52,1,1,3,5,Hibernating
13850.0,2011-08-02 14:04:00,5539.9927900577895,1,1595.48,1,1,3,5,Hibernating
16676.0,2011-11-06 12:01:00,5444.078206724487,4,1592.12,1,1,3,5,Hibernating
14970.0,2011-10-02 13:44:00,5479.006678946782,4,1592.06,1,1,3,5,Hibernating
18178.0,2011-08-03 09:30:00,5539.183067835402,4,1590.81,1,1,3,5,Hibernating
14442.0,2011-05-19 11:36:00,5615.095567835495,2,1589.82,1,1,3,5,Hibernating
12393.0,2011-09-28 15:41:00,5482.9254289465025,4,1582.6,1,1,3,5,Hibernating
15532.0,2011-11-14 14:51:00,5435.960151168983,4,1580.93,1,1,3,5,Hibernating
12607.0,2011-10-10 16:06:00,5470.908067835495,1,1579.51,1,1,3,5,Hibernating
13814.0,2011-09-08 13:48:00,5503.003901168704,2,1579.12,1,1,3,5,Hibernating
16889.0,2011-05-29 11:05:00,5605.1170956133865,3,1578.67,1,1,3,5,Hibernating
13186.0,2011-10-31 11:40:00,5450.092790057883,3,1575.89,1,1,3,5,Hibernating
13659.0,2011-05-18 12:37:00,5616.05320672458,2,1573.2,1,1,3,5,Hibernating
17671.0,2011-11-24 12:21:00,5426.064317835495,4,1572.71,1,1,3,5,Hibernating
12865.0,2011-11-13 14:31:00,5436.974040057976,2,1568.23,1,1,3,5,Hibernating
15111.0,2011-11-10 16:58:00,5439.8719567246735,3,1567.48,1,1,3,5,Hibernating
17204.0,2011-06-17 14:46:00,5585.963623390999,4,1564.56,1,1,3,5,Hibernating
14038.0,2011-09-22 13:37:00,5489.011540057603,3,1560.38,1,1,3,5,Hibernating
16369.0,2011-11-21 16:25:00,5428.894873390906,3,1553.66,1,1,3,5,Hibernating
15620.0,2011-10-14 12:41:00,5467.0504289465025,3,1553.18,1,1,3,5,Hibernating
13320.0,2011-09-22 18:07:00,5488.824040057603,4,1548.7,1,1,3,5,Hibernating
14229.0,2011-10-19 10:04:00,5462.159456724301,3,1547.2,1,1,3,5,Hibernating
15701.0,2011-12-07 14:39:00,5412.968484502286,4,1542.14,1,1,3,5,Hibernating
12818.0,2011-03-23 12:06:00,5672.074734502006,1,1542.08,1,1,3,5,Hibernating
17159.0,2011-11-18 10:52:00,5432.126123391092,3,1538.88,1,1,3,5,Hibernating
13849.0,2011-10-19 10:59:00,5462.121262279805,2,1537.95,1,1,3,5,Hibernating
15392.0,2011-12-05 11:01:00,5415.119873390999,4,1535.53,1,1,3,5,Hibernating
15625.0,2011-08-28 10:21:00,5514.147651168983,4,1534.26,1,1,3,5,Hibernating
13107.0,2011-10-26 14:52:00,5454.95945672458,4,1531.62,1,1,3,5,Hibernating
12759.0,2011-10-18 14:49:00,5462.9615400577895,3,1531.44,1,1,3,5,Hibernating
14567.0,2011-10-14 10:21:00,5467.147651168983,2,1530.36,1,1,3,5,Hibernating
16244.0,2011-05-12 10:18:00,5622.149734502193,2,1522.75,1,1,3,5,Hibernating
13764.0,2011-09-30 12:03:00,5481.076817835681,3,1521.76,1,1,3,5,Hibernating
14267.0,2011-06-30 10:09:00,5573.155984502286,3,1516.24,1,1,3,5,Hibernating
13791.0,2011-08-04 11:44:00,5538.090012279805,2,1516.0,1,1,3,5,Hibernating
16053.0,2011-11-07 11:21:00,5443.105984502006,2,1511.95,1,1,3,5,Hibernating
16279.0,2011-11-18 15:00:00,5431.95390116889,3,1509.58,1,1,3,5,Hibernating
15265.0,2011-07-11 14:46:00,5561.963623390999,2,1506.12,1,1,3,5,Hibernating
12937.0,2011-11-24 15:05:00,5425.950428946875,4,1504.27,1,1,3,5,Hibernating
15530.0,2011-11-18 12:25:00,5432.061540057883,4,1502.35,1,1,3,5,Hibernating
16762.0,2011-11-20 11:43:00,5430.0907067246735,3,1501.38,1,1,3,5,Hibernating
13810.0,2011-11-11 08:33:00,5439.222651168704,3,1499.01,1,1,3,5,Hibernating
17571.0,2011-10-20 15:57:00,5460.914317835588,4,1498.51,1,1,3,5,Hibernating
16755.0,2011-08-17 13:21:00,5525.022651168983,3,1496.83,1,1,3,5,Hibernating
17002.0,2011-09-15 12:40:00,5496.051123390906,3,1493.73,1,1,3,5,Hibernating
15057.0,2011-03-09 15:17:00,5685.942095613107,2,1489.5,1,1,3,5,Hibernating
13692.0,2011-11-15 11:17:00,5435.108762280084,3,1488.32,1,1,3,5,Hibernating
17553.0,2011-08-02 10:00:00,5540.162234502379,1,1487.6,1,1,3,5,Hibernating
14758.0,2011-07-18 08:21:00,5555.230984502006,4,1484.06,1,1,3,5,Hibernating
15427.0,2011-11-06 14:29:00,5443.975428946782,3,1483.14,1,1,3,5,Hibernating
17590.0,2011-12-07 12:55:00,5413.040706724394,3,1479.22,1,1,3,5,Hibernating
14403.0,2011-08-01 12:57:00,5541.039317835588,4,1475.81,1,1,3,5,Hibernating
15983.0,2011-11-17 17:34:00,5432.846956724301,4,1475.02,1,1,3,5,Hibernating
14246.0,2011-08-21 11:50:00,5521.0858456133865,3,1474.06,1,1,3,5,Hibernating
15128.0,2011-10-10 13:54:00,5470.999734502286,4,1471.0,1,1,3,5,Hibernating
14875.0,2011-08-24 12:20:00,5518.065012279898,2,1465.32,1,1,3,5,Hibernating
12882.0,2011-11-30 16:18:00,5419.899734502193,2,1463.04,1,1,3,5,Hibernating
14233.0,2011-10-21 15:54:00,5459.916401168797,4,1462.72,1,1,3,5,Hibernating
14740.0,2011-05-26 18:17:00,5607.817095613107,3,1448.21,1,1,3,5,Hibernating
14591.0,2011-11-24 13:57:00,5425.997651169077,4,1447.14,1,1,3,5,Hibernating
17073.0,2011-11-22 11:47:00,5428.087928946596,4,1446.09,1,1,3,5,Hibernating
13461.0,2011-11-01 09:01:00,5449.203206724487,3,1445.0,1,1,3,5,Hibernating
17175.0,2011-10-26 15:31:00,5454.932373390999,4,1443.69,1,1,3,5,Hibernating
15478.0,2011-10-30 14:19:00,5450.982373391278,2,1441.42,1,1,3,5,Hibernating
13159.0,2011-12-01 11:20:00,5419.106678946875,4,1437.85,1,1,3,5,Hibernating
14566.0,2011-08-21 11:05:00,5521.1170956133865,1,1432.0,1,1,3,5,Hibernating
16503.0,2011-08-25 11:46:00,5517.088623390999,4,1431.93,1,1,3,5,Hibernating
13475.0,2011-06-01 13:52:00,5602.001123391092,4,1431.78,1,1,3,5,Hibernating
16463.0,2011-11-18 14:01:00,5431.994873390999,4,1422.4,1,1,3,5,Hibernating
16571.0,2011-11-13 11:46:00,5437.088623390999,3,1421.69,1,1,3,5,Hibernating
14019.0,2011-10-24 10:13:00,5457.1532067246735,3,1421.61,1,1,3,5,Hibernating
14443.0,2011-10-17 10:10:00,5464.155290057883,4,1420.2,1,1,3,5,Hibernating
15444.0,2011-11-30 17:37:00,5419.844873391092,2,1418.26,1,1,3,5,Hibernating
17856.0,2011-12-08 09:40:00,5412.176123390906,4,1418.03,1,1,3,5,Hibernating
14649.0,2011-12-05 12:30:00,5415.058067835402,4,1417.29,1,1,3,5,Hibernating
16012.0,2011-11-04 13:25:00,5446.019873390906,3,1415.29,1,1,3,5,Hibernating
16245.0,2011-11-16 10:14:00,5434.152512279805,3,1413.66,1,1,3,5,Hibernating
17004.0,2011-10-24 14:25:00,5456.978206724394,2,1412.94,1,1,3,5,Hibernating
15237.0,2011-12-08 09:46:00,5412.171956724487,4,1412.32,1,1,3,5,Hibernating
17083.0,2011-08-22 15:43:00,5519.924040057696,3,1405.78,1,1,3,5,Hibernating
15563.0,2011-11-17 14:50:00,5432.9608456133865,4,1400.44,1,1,3,5,Hibernating
18202.0,2011-05-24 12:12:00,5610.070567835588,3,1396.99,1,1,3,5,Hibernating
17354.0,2011-10-20 10:34:00,5461.138623391278,1,1393.06,1,1,3,5,Hibernating
15810.0,2011-09-22 09:38:00,5489.177512280177,4,1391.98,1,1,3,5,Hibernating
15051.0,2011-11-16 15:38:00,5433.927512280177,3,1391.61,1,1,3,5,Hibernating
13414.0,2011-07-29 11:45:00,5544.089317835402,3,1390.5,1,1,3,5,Hibernating
13516.0,2011-11-18 13:15:00,5432.026817835402,3,1389.41,1,1,3,5,Hibernating
16539.0,2011-12-07 08:41:00,5413.21709561348,4,1388.81,1,1,3,5,Hibernating
12952.0,2011-12-04 10:35:00,5416.137928946875,4,1387.79,1,1,3,5,Hibernating
13308.0,2011-11-17 09:31:00,5433.182373390999,3,1385.51,1,1,3,5,Hibernating
18167.0,2011-11-16 15:56:00,5433.915012279991,3,1384.86,1,1,3,5,Hibernating
17311.0,2011-09-22 14:11:00,5488.9879289465025,2,1384.85,1,1,3,5,Hibernating
13572.0,2011-05-18 11:59:00,5616.079595613293,1,1384.25,1,1,3,5,Hibernating
16389.0,2011-10-17 14:41:00,5463.96709561348,4,1382.07,1,1,3,5,Hibernating
17621.0,2011-11-18 17:11:00,5431.8629289465025,3,1379.9,1,1,3,5,Hibernating
12886.0,2011-10-03 10:09:00,5478.155984502286,2,1378.4,1,1,3,5,Hibernating
16669.0,2011-11-16 12:26:00,5434.06084561348,3,1374.87,1,1,3,5,Hibernating
15095.0,2011-08-28 12:01:00,5514.078206724487,4,1370.6,1,1,3,5,Hibernating
13813.0,2011-10-31 10:38:00,5450.1358456132,4,1366.86,1,1,3,5,Hibernating
14897.0,2011-12-02 10:32:00,5418.140012280084,4,1366.38,1,1,3,5,Hibernating
13396.0,2011-11-10 16:59:00,5439.871262279805,2,1360.99,1,1,3,5,Hibernating
15411.0,2011-11-13 15:19:00,5436.940706724301,4,1358.88,1,1,3,5,Hibernating
14859.0,2011-11-27 11:18:00,5423.108067835681,4,1353.74,1,1,3,5,Hibernating
15116.0,2011-11-22 12:25:00,5428.061540057883,4,1352.75,1,1,3,5,Hibernating
16079.0,2011-11-23 12:48:00,5427.045567835681,3,1352.0,1,1,3,5,Hibernating
16493.0,2011-09-21 11:10:00,5490.113623390906,4,1351.63,1,1,3,5,Hibernating
12770.0,2011-05-13 09:33:00,5621.180984502193,1,1351.45,1,1,3,5,Hibernating
12646.0,2011-12-05 10:14:00,5415.152512279805,2,1346.97,1,1,3,5,Hibernating
14154.0,2011-04-14 16:26:00,5649.8941789465025,2,1345.62,1,1,3,5,Hibernating
15398.0,2011-11-23 16:47:00,5426.879595613107,2,1345.53,1,1,3,5,Hibernating
12463.0,2011-10-17 13:44:00,5464.006678946782,4,1344.78,1,1,3,5,Hibernating
16317.0,2011-08-12 12:46:00,5530.046956724487,3,1341.65,1,1,3,5,Hibernating
16045.0,2011-08-12 12:41:00,5530.0504289465025,4,1340.7,1,1,3,5,Hibernating
13501.0,2011-02-24 18:59:00,5698.787928946782,1,1340.32,1,1,3,5,Hibernating
15734.0,2011-08-17 10:50:00,5525.127512279898,2,1339.45,1,1,3,5,Hibernating
12620.0,2011-11-25 10:20:00,5425.1483456133865,3,1339.41,1,1,3,5,Hibernating
16110.0,2011-10-25 14:35:00,5455.971262279898,3,1337.48,1,1,3,5,Hibernating
15680.0,2011-11-30 13:46:00,5420.005290057976,3,1333.68,1,1,3,5,Hibernating
17932.0,2011-11-10 19:49:00,5439.753206724301,3,1331.57,1,1,3,5,Hibernating
16295.0,2011-11-30 08:17:00,5420.233762280084,4,1328.55,1,1,3,5,Hibernating
15146.0,2011-06-28 12:09:00,5575.072651168797,2,1327.16,1,1,3,5,Hibernating
17633.0,2011-11-08 13:25:00,5442.019873390906,4,1324.84,1,1,3,5,Hibernating
12854.0,2011-09-22 12:15:00,5489.068484502379,3,1324.5,1,1,3,5,Hibernating
17095.0,2011-11-17 12:21:00,5433.064317835495,3,1324.16,1,1,3,5,Hibernating
16370.0,2011-09-18 15:55:00,5492.915706724394,4,1320.56,1,1,3,5,Hibernating
13168.0,2011-11-03 12:56:00,5447.040012279991,4,1319.19,1,1,3,5,Hibernating
16083.0,2011-08-31 10:47:00,5511.129595613107,2,1317.62,1,1,3,5,Hibernating
12526.0,2011-12-09 12:09:00,5411.072651168797,3,1316.66,1,1,3,5,Hibernating
14921.0,2011-11-09 13:17:00,5441.025428946596,2,1316.07,1,1,3,5,Hibernating
16464.0,2011-11-20 12:11:00,5430.071262279991,3,1314.68,1,1,3,5,Hibernating
14973.0,2011-08-24 15:51:00,5517.918484502006,3,1314.45,1,1,3,5,Hibernating
16040.0,2011-10-05 13:47:00,5476.004595613107,3,1313.55,1,1,3,5,Hibernating
12364.0,2011-12-02 10:22:00,5418.14695672458,4,1313.1,1,1,3,5,Hibernating
12516.0,2011-09-23 09:13:00,5488.194873391185,2,1312.06,1,1,3,5,Hibernating
14856.0,2011-11-03 14:53:00,5446.958762280177,3,1311.38,1,1,3,5,Hibernating
14477.0,2011-11-20 11:11:00,5430.1129289465025,4,1309.6,1,1,3,5,Hibernating
16120.0,2011-10-11 14:22:00,5469.980290057603,4,1309.14,1,1,3,5,Hibernating
13328.0,2011-01-27 15:22:00,5726.938623391092,1,1308.48,1,1,3,5,Hibernating
14297.0,2011-11-22 09:06:00,5428.199734502006,4,1305.33,1,1,3,5,Hibernating
12507.0,2011-07-28 17:09:00,5544.864317835774,3,1304.81,1,1,3,5,Hibernating
17919.0,2011-09-12 13:41:00,5499.008762279991,1,1304.04,1,1,3,5,Hibernating
15813.0,2011-05-16 08:13:00,5618.236540057696,2,1303.91,1,1,3,5,Hibernating
15108.0,2011-07-21 10:24:00,5552.145567835774,4,1300.25,1,1,3,5,Hibernating
15494.0,2011-11-18 14:51:00,5431.960151168983,2,1299.23,1,1,3,5,Hibernating
12488.0,2011-11-30 08:50:00,5420.2108456133865,3,1298.66,1,1,3,5,Hibernating
12372.0,2011-09-29 12:12:00,5482.070567835588,3,1298.04,1,1,3,5,Hibernating
16224.0,2011-10-13 17:51:00,5467.835151168983,4,1295.3,1,1,3,5,Hibernating
15621.0,2011-12-05 14:01:00,5414.994873390999,4,1293.03,1,1,3,5,Hibernating
16101.0,2011-09-30 10:18:00,5481.149734502193,1,1290.7,1,1,3,5,Hibernating
15171.0,2011-01-12 15:36:00,5741.928901168983,1,1289.5,1,1,3,5,Hibernating
15136.0,2011-12-07 12:26:00,5413.06084561348,4,1286.7,1,1,3,5,Hibernating
17350.0,2011-12-01 15:47:00,5418.921262280084,4,1286.07,1,1,3,5,Hibernating
17802.0,2011-09-18 14:56:00,5492.9566789465025,3,1285.04,1,1,3,5,Hibernating
13878.0,2011-10-16 12:19:00,5465.065706724301,1,1281.53,1,1,3,5,Hibernating
16951.0,2011-07-28 12:05:00,5545.075428946875,3,1277.75,1,1,3,5,Hibernating
16692.0,2011-03-28 14:46:00,5666.963623390999,2,1276.0,1,1,3,5,Hibernating
17019.0,2011-11-28 13:06:00,5422.033067835495,4,1272.61,1,1,3,5,Hibernating
12394.0,2011-10-07 08:08:00,5474.240012280177,2,1272.48,1,1,3,5,Hibernating
12630.0,2011-11-30 10:48:00,5420.128901168704,2,1270.88,1,1,3,5,Hibernating
14669.0,2011-04-12 11:43:00,5652.0907067246735,3,1269.99,1,1,3,5,Hibernating
13492.0,2011-07-26 14:25:00,5546.978206724394,3,1269.84,1,1,3,5,Hibernating
13431.0,2011-10-03 13:49:00,5478.003206724301,2,1269.1,1,1,3,5,Hibernating
14916.0,2011-09-30 09:20:00,5481.190012279898,4,1268.98,1,1,3,5,Hibernating
15199.0,2011-10-11 15:12:00,5469.945567835588,4,1268.7,1,1,3,5,Hibernating
16660.0,2011-11-23 14:53:00,5426.958762280177,4,1267.65,1,1,3,5,Hibernating
17037.0,2011-09-13 12:49:00,5498.044873391278,1,1267.32,1,1,3,5,Hibernating
17158.0,2011-11-07 15:15:00,5442.943484502379,3,1266.97,1,1,3,5,Hibernating
14105.0,2011-04-14 17:58:00,5649.830290057696,1,1266.23,1,1,3,5,Hibernating
13989.0,2011-10-05 09:47:00,5476.171262280084,2,1266.08,1,1,3,5,Hibernating
16842.0,2011-08-31 10:42:00,5511.133067835588,3,1264.19,1,1,3,5,Hibernating
15497.0,2011-11-22 11:51:00,5428.085151168983,2,1262.2,1,1,3,5,Hibernating
15009.0,2011-11-27 13:35:00,5423.012928946875,3,1261.78,1,1,3,5,Hibernating
16688.0,2011-12-08 15:24:00,5411.937234502286,4,1260.86,1,1,3,5,Hibernating
17388.0,2011-09-23 10:31:00,5488.140706724487,4,1259.56,1,1,3,5,Hibernating
13151.0,2011-02-17 12:29:00,5706.058762279805,1,1257.87,1,1,3,5,Hibernating
16639.0,2011-11-08 13:20:00,5442.0233456133865,3,1257.51,1,1,3,5,Hibernating
17481.0,2011-12-06 12:28:00,5414.0594567246735,4,1255.59,1,1,3,5,Hibernating
13848.0,2011-09-08 12:58:00,5503.038623391185,3,1255.0,1,1,3,5,Hibernating
14383.0,2011-11-01 15:53:00,5448.9170956132,3,1247.69,1,1,3,5,Hibernating
12689.0,2011-11-14 08:31:00,5436.224040057976,2,1247.61,1,1,3,5,Hibernating
13029.0,2011-11-09 09:13:00,5441.194873391185,3,1247.5,1,1,3,5,Hibernating
15004.0,2011-07-15 14:05:00,5557.9920956133865,1,1246.32,1,1,3,5,Hibernating
17584.0,2011-12-02 17:12:00,5417.862234502099,2,1242.3,1,1,3,5,Hibernating
17588.0,2011-08-31 13:37:00,5511.011540057603,3,1240.2,1,1,3,5,Hibernating
17731.0,2011-09-21 15:02:00,5489.952512280084,4,1240.11,1,1,3,5,Hibernating
12985.0,2011-12-09 10:46:00,5411.130290057976,2,1239.38,1,1,3,5,Hibernating
13476.0,2011-06-14 12:00:00,5589.07890116889,2,1238.47,1,1,3,5,Hibernating
14893.0,2011-11-30 12:31:00,5420.057373390999,2,1237.85,1,1,3,5,Hibernating
13931.0,2011-09-05 10:12:00,5506.153901169077,2,1237.53,1,1,3,5,Hibernating
15376.0,2011-10-30 15:04:00,5450.951123391278,3,1233.36,1,1,3,5,Hibernating
18080.0,2011-11-21 08:02:00,5429.244178946596,2,1231.5,1,1,3,5,Hibernating
14913.0,2011-11-04 08:29:00,5446.225428946782,4,1227.43,1,1,3,5,Hibernating
12997.0,2011-11-17 15:47:00,5432.921262280084,4,1226.89,1,1,3,5,Hibernating
12412.0,2011-09-26 10:16:00,5485.151123390999,3,1226.88,1,1,3,5,Hibernating
17774.0,2011-09-04 12:49:00,5507.044873391278,4,1225.41,1,1,3,5,Hibernating
15841.0,2011-09-28 12:15:00,5483.068484502379,4,1224.06,1,1,3,5,Hibernating
13055.0,2011-09-22 14:26:00,5488.977512279991,3,1214.41,1,1,3,5,Hibernating
18263.0,2011-11-14 09:00:00,5436.20390116889,3,1213.16,1,1,3,5,Hibernating
13918.0,2011-10-21 12:25:00,5460.061540057883,2,1212.84,1,1,3,5,Hibernating
16653.0,2011-11-23 14:51:00,5426.960151168983,2,1212.66,1,1,3,5,Hibernating
17653.0,2011-11-03 12:46:00,5447.046956724487,4,1207.56,1,1,3,5,Hibernating
16800.0,2011-11-28 14:06:00,5421.991401168983,1,1201.49,1,1,3,5,Hibernating
13158.0,2011-09-06 11:58:00,5505.080290057696,4,1201.06,1,1,3,5,Hibernating
17320.0,2011-08-31 13:31:00,5511.015706724487,3,1200.62,1,1,3,5,Hibernating
13211.0,2011-11-29 14:43:00,5420.9657067246735,3,1197.42,1,1,3,5,Hibernating
17720.0,2011-11-13 15:04:00,5436.951123391278,4,1195.94,1,1,3,5,Hibernating
17526.0,2011-12-05 11:05:00,5415.1170956133865,4,1195.9,1,1,3,5,Hibernating
15145.0,2011-12-05 17:21:00,5414.855984502006,4,1194.73,1,1,3,5,Hibernating
12611.0,2011-10-18 13:12:00,5463.028901169077,1,1193.32,1,1,3,5,Hibernating
12462.0,2011-11-21 09:11:00,5429.196262279991,2,1189.59,1,1,3,5,Hibernating
16612.0,2011-11-07 07:38:00,5443.2608456132,4,1187.66,1,1,3,5,Hibernating
15630.0,2011-10-25 15:36:00,5455.928901168983,2,1186.35,1,1,3,5,Hibernating
17058.0,2011-09-19 10:13:00,5492.1532067246735,3,1179.89,1,1,3,5,Hibernating
16950.0,2011-10-14 09:06:00,5467.199734502006,3,1178.56,1,1,3,5,Hibernating
12885.0,2011-10-07 13:40:00,5474.009456724394,3,1175.22,1,1,3,5,Hibernating
12640.0,2011-11-16 11:52:00,5434.08445672458,3,1174.58,1,1,3,5,Hibernating
15306.0,2011-10-06 12:56:00,5475.040012279991,3,1174.35,1,1,3,5,Hibernating
14857.0,2011-10-11 09:23:00,5470.187928946689,2,1173.12,1,1,3,5,Hibernating
13611.0,2011-09-11 14:51:00,5499.960151168983,3,1171.8,1,1,3,5,Hibernating
12358.0,2011-12-08 10:26:00,5412.1441789465025,2,1168.06,1,1,3,5,Hibernating
13500.0,2011-11-16 15:35:00,5433.9295956133865,3,1166.77,1,1,3,5,Hibernating
14737.0,2011-12-06 10:16:00,5414.151123390999,3,1164.55,1,1,3,5,Hibernating
14261.0,2011-10-20 10:04:00,5461.159456724301,2,1163.45,1,1,3,5,Hibernating
16714.0,2011-05-05 11:09:00,5629.114317835774,3,1161.53,1,1,3,5,Hibernating
12546.0,2011-10-24 12:09:00,5457.072651168797,2,1161.5,1,1,3,5,Hibernating
15088.0,2011-11-18 13:14:00,5432.027512279805,2,1160.07,1,1,3,5,Hibernating
13744.0,2011-09-05 15:19:00,5505.940706724301,2,1156.36,1,1,3,5,Hibernating
16637.0,2011-11-07 13:17:00,5443.025428946596,4,1154.47,1,1,3,5,Hibernating
16062.0,2011-11-30 12:15:00,5420.068484502379,4,1153.62,1,1,3,5,Hibernating
12710.0,2011-09-04 12:00:00,5507.07890116889,3,1149.02,1,1,3,5,Hibernating
17505.0,2011-07-01 12:50:00,5572.044178946875,2,1145.84,1,1,3,5,Hibernating
16766.0,2011-03-11 15:22:00,5683.938623391092,2,1145.6,1,1,3,5,Hibernating
12769.0,2011-04-15 10:25:00,5649.144873390906,1,1143.6,1,1,3,5,Hibernating
18125.0,2011-11-10 12:29:00,5440.058762279805,4,1142.99,1,1,3,5,Hibernating
15985.0,2011-08-08 16:31:00,5533.890706724487,2,1142.42,1,1,3,5,Hibernating
16270.0,2010-12-21 14:26:00,5763.977512279991,1,1141.24,1,1,3,5,Hibernating
13330.0,2011-09-08 12:27:00,5503.060151169077,3,1140.93,1,1,3,5,Hibernating
13819.0,2011-02-11 10:38:00,5712.1358456132,3,1140.35,1,1,3,5,Hibernating
17500.0,2011-11-22 14:25:00,5427.978206724394,3,1138.0,1,1,3,5,Hibernating
17242.0,2011-08-23 14:55:00,5518.957373390906,2,1135.04,1,1,3,5,Hibernating
15489.0,2011-11-17 08:53:00,5433.208762280177,3,1134.28,1,1,3,5,Hibernating
17585.0,2011-08-22 13:30:00,5520.01640116889,4,1133.07,1,1,3,5,Hibernating
13282.0,2011-11-21 15:33:00,5428.930984502193,3,1132.14,1,1,3,5,Hibernating
13772.0,2011-11-06 11:43:00,5444.0907067246735,3,1132.13,1,1,3,5,Hibernating
13310.0,2011-11-11 17:23:00,5438.8545956132,3,1132.03,1,1,3,5,Hibernating
15500.0,2011-12-01 13:47:00,5419.004595613107,4,1131.56,1,1,3,5,Hibernating
13447.0,2011-11-16 13:38:00,5434.0108456132,3,1129.14,1,1,3,5,Hibernating
14824.0,2011-11-29 14:20:00,5420.981678946875,4,1127.71,1,1,3,5,Hibernating
12609.0,2011-09-22 16:34:00,5488.888623391278,3,1126.85,1,1,3,5,Hibernating
14708.0,2011-12-07 08:21:00,5413.230984502006,3,1126.37,1,1,3,5,Hibernating
15436.0,2011-11-27 16:05:00,5422.908762279898,3,1122.53,1,1,3,5,Hibernating
13486.0,2011-09-22 13:13:00,5489.0282067246735,3,1122.41,1,1,3,5,Hibernating
16807.0,2011-07-20 12:00:00,5553.07890116889,3,1121.59,1,1,3,5,Hibernating
15730.0,2011-10-05 12:31:00,5476.057373390999,3,1120.88,1,1,3,5,Hibernating
14276.0,2011-09-02 09:45:00,5509.17265116889,3,1119.74,1,1,3,5,Hibernating
13064.0,2011-11-27 12:31:00,5423.057373390999,4,1119.49,1,1,3,5,Hibernating
12842.0,2011-09-30 15:33:00,5480.930984502193,2,1118.99,1,1,3,5,Hibernating
15716.0,2011-07-17 11:59:00,5556.079595613293,4,1118.81,1,1,3,5,Hibernating
17788.0,2011-09-27 10:09:00,5484.155984502286,2,1117.9,1,1,3,5,Hibernating
13591.0,2011-10-06 12:26:00,5475.06084561348,3,1117.13,1,1,3,5,Hibernating
14971.0,2011-11-04 17:07:00,5445.86570672458,3,1116.57,1,1,3,5,Hibernating
16350.0,2011-11-18 15:53:00,5431.9170956132,4,1116.47,1,1,3,5,Hibernating
12679.0,2011-10-12 12:30:00,5469.058067835402,4,1113.02,1,1,3,5,Hibernating
16049.0,2011-10-30 13:19:00,5451.0240400577895,3,1111.79,1,1,3,5,Hibernating
14161.0,2011-05-08 11:41:00,5626.09209561348,3,1110.52,1,1,3,5,Hibernating
14817.0,2011-05-23 13:35:00,5611.012928946875,2,1110.34,1,1,3,5,Hibernating
15069.0,2011-06-13 14:16:00,5589.984456724487,1,1109.53,1,1,3,5,Hibernating
12399.0,2011-08-12 13:15:00,5530.026817835402,4,1108.65,1,1,3,5,Hibernating
15933.0,2011-11-18 13:14:00,5432.027512279805,3,1107.46,1,1,3,5,Hibernating
16833.0,2011-12-08 14:39:00,5411.968484502286,4,1106.53,1,1,3,5,Hibernating
12857.0,2011-05-13 10:20:00,5621.1483456133865,2,1106.4,1,1,3,5,Hibernating
17047.0,2011-09-15 13:27:00,5496.018484502099,3,1100.9,1,1,3,5,Hibernating
15978.0,2011-09-23 15:21:00,5487.939317835495,1,1098.78,1,1,3,5,Hibernating
16533.0,2011-11-20 13:08:00,5430.031678946689,3,1095.56,1,1,3,5,Hibernating
13652.0,2011-10-25 08:51:00,5456.210151168983,3,1095.08,1,1,3,5,Hibernating
15745.0,2011-11-20 13:45:00,5430.005984502379,4,1094.59,1,1,3,5,Hibernating
15608.0,2011-11-11 13:20:00,5439.0233456133865,4,1093.68,1,1,3,5,Hibernating
13521.0,2011-12-08 13:50:00,5412.002512279898,3,1093.65,1,1,3,5,Hibernating
18189.0,2011-09-23 12:40:00,5488.051123390906,2,1090.24,1,1,3,5,Hibernating
13853.0,2011-10-13 14:18:00,5467.983067835681,1,1090.14,1,1,3,5,Hibernating
12534.0,2011-08-01 10:26:00,5541.1441789465025,1,1089.18,1,1,3,5,Hibernating
15763.0,2011-11-08 09:44:00,5442.173345613293,2,1086.92,1,1,3,5,Hibernating
13467.0,2011-11-29 10:01:00,5421.161540057976,2,1083.71,1,1,3,5,Hibernating
17041.0,2011-11-13 11:21:00,5437.105984502006,3,1081.57,1,1,3,5,Hibernating
14561.0,2011-09-25 12:39:00,5486.051817835774,3,1080.76,1,1,3,5,Hibernating
16200.0,2011-12-05 14:40:00,5414.967790057883,2,1080.62,1,1,3,5,Hibernating
13726.0,2011-11-01 10:49:00,5449.128206724301,2,1079.66,1,1,3,5,Hibernating
15197.0,2011-11-29 10:00:00,5421.162234502379,3,1079.61,1,1,3,5,Hibernating
12354.0,2011-04-21 13:11:00,5643.02959561348,1,1079.4,1,1,3,5,Hibernating
14352.0,2011-07-05 15:41:00,5567.9254289465025,4,1078.96,1,1,3,5,Hibernating
16980.0,2011-03-29 16:36:00,5665.887234502006,2,1078.96,1,1,3,5,Hibernating
16094.0,2011-11-28 12:45:00,5422.04765116889,4,1078.23,1,1,3,5,Hibernating
16563.0,2011-10-17 11:51:00,5464.085151168983,1,1077.74,1,1,3,5,Hibernating
13131.0,2011-11-16 13:21:00,5434.022651168983,3,1073.3,1,1,3,5,Hibernating
15238.0,2011-11-10 14:28:00,5439.976123391185,3,1071.99,1,1,3,5,Hibernating
13635.0,2011-10-03 10:55:00,5478.124040057883,1,1071.03,1,1,3,5,Hibernating
13761.0,2011-10-20 14:01:00,5460.994873390999,2,1070.65,1,1,3,5,Hibernating
14212.0,2011-09-11 12:45:00,5500.04765116889,1,1070.48,1,1,3,5,Hibernating
15027.0,2011-11-09 10:16:00,5441.151123390999,4,1066.15,1,1,3,5,Hibernating
17277.0,2011-04-26 12:47:00,5638.046262280084,2,1065.35,1,1,3,5,Hibernating
14488.0,2011-10-03 09:30:00,5478.183067835402,1,1064.28,1,1,3,5,Hibernating
15801.0,2011-10-24 13:52:00,5457.001123391092,3,1063.95,1,1,3,5,Hibernating
12936.0,2011-11-22 17:32:00,5427.848345613107,4,1063.9,1,1,3,5,Hibernating
12815.0,2011-07-15 10:21:00,5558.147651168983,2,1063.46,1,1,3,5,Hibernating
14411.0,2011-02-02 10:56:00,5721.12334561348,1,1063.0,1,1,3,5,Hibernating
16214.0,2011-06-22 11:30:00,5581.099734502379,3,1062.75,1,1,3,5,Hibernating
15706.0,2011-10-07 10:09:00,5474.155984502286,4,1060.56,1,1,3,5,Hibernating
17727.0,2011-11-24 17:06:00,5425.866401168983,1,1060.25,1,1,3,5,Hibernating
18130.0,2011-11-24 14:40:00,5425.967790057883,3,1059.39,1,1,3,5,Hibernating
14465.0,2011-04-07 12:38:00,5657.052512280177,3,1058.62,1,1,3,5,Hibernating
13455.0,2011-11-15 11:21:00,5435.105984502006,2,1058.34,1,1,3,5,Hibernating
15407.0,2011-11-06 11:55:00,5444.082373390906,4,1056.44,1,1,3,5,Hibernating
14514.0,2011-10-09 16:05:00,5471.908762279898,3,1055.35,1,1,3,5,Hibernating
15977.0,2011-11-22 13:29:00,5428.017095613293,2,1054.73,1,1,3,5,Hibernating
16728.0,2011-10-24 14:36:00,5456.970567835495,4,1054.67,1,1,3,5,Hibernating
12716.0,2011-12-06 08:55:00,5414.207373390906,2,1053.49,1,1,3,5,Hibernating
16416.0,2011-11-13 12:50:00,5437.044178946875,3,1051.4,1,1,3,5,Hibernating
12849.0,2011-11-08 13:41:00,5442.008762279991,2,1050.89,1,1,3,5,Hibernating
14224.0,2011-08-21 13:24:00,5521.020567835774,4,1050.12,1,1,3,5,Hibernating
15329.0,2011-10-31 15:36:00,5449.928901168983,3,1049.7,1,1,3,5,Hibernating
15464.0,2011-01-05 15:56:00,5748.915012279991,1,1048.85,1,1,3,5,Hibernating
15839.0,2011-11-06 13:54:00,5443.999734502286,3,1048.49,1,1,3,5,Hibernating
15777.0,2011-04-12 16:43:00,5651.882373391185,4,1047.11,1,1,3,5,Hibernating
16520.0,2011-06-06 13:24:00,5597.020567835774,3,1046.57,1,1,3,5,Hibernating
14293.0,2011-12-06 15:17:00,5413.942095613107,4,1046.56,1,1,3,5,Hibernating
15192.0,2011-08-12 11:41:00,5530.09209561348,3,1044.32,1,1,3,5,Hibernating
14389.0,2011-10-05 15:17:00,5475.942095613107,2,1043.46,1,1,3,5,Hibernating
15073.0,2011-11-30 10:44:00,5420.131678946782,3,1043.41,1,1,3,5,Hibernating
12497.0,2011-09-19 12:29:00,5492.058762279805,1,1043.1,1,1,3,5,Hibernating
14584.0,2011-06-23 18:33:00,5579.805984502193,4,1042.26,1,1,3,5,Hibernating
14446.0,2011-12-09 11:34:00,5411.096956724301,4,1039.58,1,1,3,5,Hibernating
16320.0,2011-06-20 15:25:00,5582.936540057883,2,1038.46,1,1,3,5,Hibernating
16175.0,2011-09-06 14:32:00,5504.973345613107,4,1037.59,1,1,3,5,Hibernating
16260.0,2011-10-20 09:40:00,5461.176123390906,1,1035.45,1,1,3,5,Hibernating
13639.0,2011-09-26 13:36:00,5485.012234502006,1,1033.34,1,1,3,5,Hibernating
17724.0,2011-09-29 15:26:00,5481.93584561348,3,1033.0,1,1,3,5,Hibernating
12724.0,2011-12-04 16:02:00,5415.910845613107,4,1031.41,1,1,3,5,Hibernating
17405.0,2011-12-08 17:12:00,5411.862234502099,3,1031.41,1,1,3,5,Hibernating
13235.0,2011-05-11 17:13:00,5622.861540057696,1,1031.07,1,1,3,5,Hibernating
12717.0,2011-07-11 14:47:00,5561.962928946596,2,1030.98,1,1,3,5,Hibernating
13253.0,2011-07-06 10:09:00,5567.155984502286,2,1030.4,1,1,3,5,Hibernating
17033.0,2011-09-14 14:34:00,5496.971956724301,3,1030.14,1,1,3,5,Hibernating
15333.0,2011-05-15 13:27:00,5619.018484502099,1,1028.56,1,1,3,5,Hibernating
15104.0,2011-05-27 12:29:00,5607.058762279805,2,1027.44,1,1,3,5,Hibernating
14904.0,2011-12-07 12:55:00,5413.040706724394,2,1025.44,1,1,3,5,Hibernating
16160.0,2011-10-05 14:19:00,5475.982373391278,2,1025.44,1,1,3,5,Hibernating
17096.0,2011-11-24 15:01:00,5425.953206724487,4,1022.13,1,1,3,5,Hibernating
14346.0,2011-08-11 09:47:00,5531.171262280084,2,1021.58,1,1,3,5,Hibernating
13165.0,2011-10-24 15:05:00,5456.950428946875,2,1021.48,1,1,3,5,Hibernating
12572.0,2011-12-01 09:20:00,5419.190012279898,2,1020.42,1,1,3,5,Hibernating
13376.0,2011-09-01 16:16:00,5509.901123390999,3,1019.76,1,1,3,5,Hibernating
18142.0,2011-07-05 13:19:00,5568.0240400577895,2,1019.52,1,1,3,5,Hibernating
12514.0,2011-03-17 16:38:00,5677.8858456132,1,1017.68,1,1,3,5,Hibernating
13867.0,2011-11-08 15:48:00,5441.920567835681,3,1015.29,1,1,3,5,Hibernating
12642.0,2011-11-14 15:03:00,5435.951817835681,3,1013.26,1,1,3,5,Hibernating
12739.0,2011-09-22 13:00:00,5489.037234502379,2,1013.04,1,1,3,5,Hibernating
17197.0,2011-11-10 10:32:00,5440.140012280084,1,1013.01,1,1,3,5,Hibernating
14195.0,2011-05-22 10:29:00,5612.142095613293,2,1012.0,1,1,3,5,Hibernating
14775.0,2011-10-12 15:27:00,5468.935151169077,3,1011.9,1,1,3,5,Hibernating
16229.0,2011-09-13 17:16:00,5497.859456724487,2,1010.6,1,1,3,5,Hibernating
13032.0,2011-10-18 15:54:00,5462.916401168797,2,1010.18,1,1,3,5,Hibernating
16572.0,2011-08-04 16:34:00,5537.888623391278,3,1009.6,1,1,3,5,Hibernating
16174.0,2011-08-05 13:26:00,5537.0191789465025,3,1009.55,1,1,3,5,Hibernating
17951.0,2011-10-31 12:30:00,5450.058067835402,3,1008.54,1,1,3,5,Hibernating
17646.0,2011-05-04 13:17:00,5630.025428946596,3,1008.39,1,1,3,5,Hibernating
14631.0,2011-10-20 11:17:00,5461.108762280084,3,1006.98,1,1,3,5,Hibernating
13429.0,2011-11-29 09:10:00,5421.196956724394,4,1006.8,1,1,3,5,Hibernating
12446.0,2011-10-13 12:50:00,5468.044178946875,1,1002.31,1,1,3,5,Hibernating
12545.0,2011-09-25 13:39:00,5486.010151168797,2,1000.39,1,1,3,5,Hibernating
18143.0,2011-08-15 12:07:00,5527.074040057603,2,1000.16,1,1,3,5,Hibernating
18237.0,2011-12-07 12:49:00,5413.044873391278,5,987.1,1,2,2,5,Lost
13117.0,2011-11-18 12:02:00,5432.077512280084,8,984.91,1,2,2,5,Lost
16907.0,2011-11-10 18:04:00,5439.826123391278,5,981.65,1,2,2,5,Lost
16085.0,2011-11-16 13:24:00,5434.020567835774,5,981.51,1,2,2,5,Lost
13509.0,2011-12-01 10:10:00,5419.155290057883,7,979.72,1,2,2,5,Lost
15132.0,2011-11-21 17:10:00,5428.863623390906,5,977.93,1,2,2,5,Lost
15860.0,2011-10-30 11:25:00,5451.103206724394,8,977.21,1,2,2,5,Lost
13026.0,2011-12-08 16:58:00,5411.8719567246735,5,975.36,1,2,2,5,Lost
16419.0,2011-08-19 12:33:00,5523.055984502193,6,972.23,1,2,2,5,Lost
13138.0,2011-11-17 16:51:00,5432.876817835495,6,962.39,1,2,2,5,Lost
17097.0,2011-12-07 17:05:00,5412.8670956133865,8,954.42,1,2,2,5,Lost
13636.0,2011-11-03 10:30:00,5447.14140116889,5,949.12,1,2,2,5,Lost
13748.0,2011-09-05 09:45:00,5506.17265116889,5,948.25,1,2,2,5,Lost
17227.0,2011-11-21 10:51:00,5429.126817835495,6,939.32,1,2,2,5,Lost
16027.0,2011-09-09 10:47:00,5502.129595613107,6,934.62,1,2,2,5,Lost
17323.0,2011-11-24 17:29:00,5425.850428946782,7,921.07,1,2,2,5,Lost
13984.0,2011-11-13 12:38:00,5437.052512280177,5,920.51,1,2,2,5,Lost
13549.0,2011-11-14 09:20:00,5436.190012279898,7,918.2,1,2,2,5,Lost
15253.0,2011-11-23 16:22:00,5426.89695672458,5,918.2,1,2,2,5,Lost
17236.0,2011-11-27 12:00:00,5423.07890116889,6,916.13,1,2,2,5,Lost
16809.0,2011-11-16 15:45:00,5433.92265116889,5,914.69,1,2,2,5,Lost
13782.0,2011-11-27 11:54:00,5423.083067835774,6,912.0,1,2,2,5,Lost
14289.0,2011-12-01 11:44:00,5419.090012279805,6,911.26,1,2,2,5,Lost
15511.0,2011-11-28 09:43:00,5422.174040057696,5,909.23,1,2,2,5,Lost
17848.0,2011-09-19 16:49:00,5491.878206724301,9,901.2,1,2,2,5,Lost
17027.0,2011-09-22 12:24:00,5489.062234502286,6,890.29,1,2,2,5,Lost
14344.0,2011-08-04 13:51:00,5538.001817835495,8,889.93,1,2,2,5,Lost
17007.0,2011-10-20 10:47:00,5461.129595613107,6,889.93,1,2,2,5,Lost
14623.0,2011-11-07 13:56:00,5442.99834561348,5,889.25,1,2,2,5,Lost
17109.0,2011-11-10 16:59:00,5439.871262279805,6,885.04,1,2,2,5,Lost
18236.0,2011-11-10 08:06:00,5440.241401168983,6,882.24,1,2,2,5,Lost
15208.0,2011-12-08 17:24:00,5411.853901168797,5,870.12,1,2,2,5,Lost
16235.0,2011-10-30 10:56:00,5451.12334561348,5,867.31,1,2,2,5,Lost
16266.0,2011-09-27 12:08:00,5484.0733456132,7,861.89,1,2,2,5,Lost
14553.0,2011-11-20 13:20:00,5430.0233456133865,5,859.27,1,2,2,5,Lost
13991.0,2011-11-27 16:18:00,5422.899734502193,6,855.97,1,2,2,5,Lost
17560.0,2011-09-06 09:18:00,5505.191401168704,5,854.95,1,2,2,5,Lost
16877.0,2011-11-27 13:47:00,5423.004595613107,6,853.72,1,2,2,5,Lost
12778.0,2011-11-20 11:30:00,5430.099734502379,6,822.23,1,2,2,5,Lost
16600.0,2011-12-05 16:00:00,5414.912234502379,6,813.52,1,2,2,5,Lost
16891.0,2011-12-08 11:15:00,5412.11015116889,5,809.7,1,2,2,5,Lost
17114.0,2011-12-04 12:17:00,5416.067095613107,8,808.62,1,2,2,5,Lost
16438.0,2011-12-04 10:51:00,5416.126817835495,5,798.35,1,2,2,5,Lost
14976.0,2011-10-13 16:37:00,5467.886540057603,7,790.86,1,2,2,5,Lost
13323.0,2011-12-06 17:12:00,5413.862234502099,5,787.85,1,2,2,5,Lost
13884.0,2011-12-02 16:30:00,5417.89140116889,5,787.6,1,2,2,5,Lost
16725.0,2011-02-10 16:52:00,5712.876123391092,7,781.02,1,2,2,5,Lost
16770.0,2011-10-13 12:21:00,5468.064317835495,5,770.1,1,2,2,5,Lost
17516.0,2011-11-24 16:51:00,5425.876817835495,5,768.08,1,2,2,5,Lost
14883.0,2011-11-21 10:23:00,5429.146262280177,6,761.59,1,2,2,5,Lost
13623.0,2011-11-09 12:00:00,5441.07890116889,5,747.78,1,2,2,5,Lost
14201.0,2011-10-10 13:27:00,5471.018484502099,7,747.44,1,2,2,5,Lost
16362.0,2011-11-07 13:01:00,5443.036540057976,5,734.77,1,2,2,5,Lost
13575.0,2011-11-16 13:14:00,5434.027512279805,5,732.07,1,2,2,5,Lost
17888.0,2011-11-18 13:45:00,5432.005984502379,8,726.05,1,2,2,5,Lost
12723.0,2011-12-06 10:19:00,5414.1490400577895,5,725.07,1,2,2,5,Lost
15400.0,2011-09-08 13:57:00,5502.997651169077,5,716.2,1,2,2,5,Lost
15855.0,2011-07-26 10:20:00,5547.1483456133865,5,712.24,1,2,2,5,Lost
15038.0,2011-10-12 11:33:00,5469.097651168704,6,705.49,1,2,2,5,Lost
15304.0,2011-10-10 10:23:00,5471.146262280177,8,694.4,1,2,2,5,Lost
17874.0,2011-06-07 12:54:00,5596.041401168797,6,683.46,1,2,2,5,Lost
18135.0,2011-11-10 19:32:00,5439.765012280084,5,681.91,1,2,2,5,Lost
13524.0,2011-10-30 12:34:00,5451.0552900577895,5,680.18,1,2,2,5,Lost
16306.0,2011-05-10 12:12:00,5624.070567835588,6,632.27,1,2,2,5,Lost
16750.0,2011-10-26 12:48:00,5455.045567835681,5,623.93,1,2,2,5,Lost
17460.0,2011-09-06 15:04:00,5504.951123391278,6,622.43,1,2,2,5,Lost
16915.0,2011-11-30 16:39:00,5419.885151168797,6,621.68,1,2,2,5,Lost
16566.0,2011-11-24 16:34:00,5425.888623391278,5,614.66,1,2,2,5,Lost
12654.0,2011-11-29 10:10:00,5421.155290057883,5,601.98,1,2,2,5,Lost
18211.0,2011-11-14 08:10:00,5436.238623390906,5,600.07,1,2,2,5,Lost
12601.0,2011-06-03 10:17:00,5600.150428946596,5,577.06,1,2,2,5,Lost
16892.0,2011-12-08 13:18:00,5412.024734502193,5,525.54,1,2,2,5,Lost
15809.0,2011-11-03 16:40:00,5446.884456724394,5,515.77,1,2,2,5,Lost
15081.0,2011-11-17 17:08:00,5432.865012280177,5,504.8,1,2,2,5,Lost
15881.0,2011-01-31 16:59:00,5722.871262279805,5,501.39,1,2,2,5,Lost
12722.0,2011-09-15 14:50:00,5495.9608456133865,4,997.63,1,1,2,4,Lost
14540.0,2011-11-30 10:15:00,5420.151817835402,3,996.26,1,1,2,4,Lost
15110.0,2011-11-16 11:16:00,5434.109456724487,4,996.1,1,1,2,4,Lost
17594.0,2011-09-15 16:34:00,5495.888623391278,2,993.18,1,1,2,4,Lost
16009.0,2011-11-17 16:51:00,5432.876817835495,4,992.71,1,1,2,4,Lost
13363.0,2011-11-22 12:40:00,5428.051123390906,2,992.5,1,1,2,4,Lost
14223.0,2011-09-08 13:38:00,5503.0108456132,3,991.13,1,1,2,4,Lost
16232.0,2011-10-27 12:16:00,5454.067790057976,4,990.88,1,1,2,4,Lost
17324.0,2011-11-22 10:34:00,5428.138623391278,4,990.23,1,1,2,4,Lost
15062.0,2011-09-29 16:51:00,5481.876817835495,4,987.86,1,1,2,4,Lost
16376.0,2011-12-01 11:38:00,5419.094178946689,2,987.01,1,1,2,4,Lost
17144.0,2011-12-08 17:57:00,5411.830984502099,2,984.57,1,1,2,4,Lost
12510.0,2011-07-20 10:15:00,5553.151817835402,2,982.57,1,1,2,4,Lost
15133.0,2011-08-04 10:44:00,5538.131678946782,3,982.42,1,1,2,4,Lost
14138.0,2011-12-08 12:44:00,5412.048345613293,2,982.38,1,1,2,4,Lost
15071.0,2011-09-07 11:43:00,5504.0907067246735,2,982.07,1,1,2,4,Lost
16188.0,2011-10-26 12:19:00,5455.065706724301,4,981.86,1,1,2,4,Lost
12541.0,2011-11-10 10:40:00,5440.134456724394,3,981.18,1,1,2,4,Lost
18170.0,2011-11-06 14:35:00,5443.971262279898,3,980.31,1,1,2,4,Lost
15506.0,2011-11-17 12:11:00,5433.071262279991,3,979.26,1,1,2,4,Lost
13350.0,2011-11-23 16:33:00,5426.889317835681,2,979.12,1,1,2,4,Lost
14920.0,2011-05-11 10:32:00,5623.140012280084,2,977.77,1,1,2,4,Lost
14522.0,2011-11-15 13:24:00,5435.020567835774,4,974.54,1,1,2,4,Lost
15449.0,2011-11-13 15:02:00,5436.952512280084,3,974.52,1,1,2,4,Lost
12994.0,2011-12-05 15:43:00,5414.924040057696,3,974.42,1,1,2,4,Lost
15747.0,2011-11-27 12:26:00,5423.06084561348,3,974.04,1,1,2,4,Lost
18194.0,2011-09-18 13:29:00,5493.017095613293,1,973.84,1,1,2,4,Lost
13155.0,2011-11-06 15:41:00,5443.9254289465025,4,971.76,1,1,2,4,Lost
17100.0,2011-11-21 16:36:00,5428.887234502006,2,971.74,1,1,2,4,Lost
17618.0,2011-12-04 11:50:00,5416.0858456133865,3,971.58,1,1,2,4,Lost
14256.0,2011-03-24 13:17:00,5671.025428946596,2,969.06,1,1,2,4,Lost
15907.0,2011-12-06 12:21:00,5414.064317835495,3,967.45,1,1,2,4,Lost
15793.0,2011-11-25 09:31:00,5425.182373390999,3,965.61,1,1,2,4,Lost
12550.0,2011-09-21 14:35:00,5489.971262279898,1,964.83,1,1,2,4,Lost
14006.0,2011-08-16 09:39:00,5526.176817835774,3,962.19,1,1,2,4,Lost
15156.0,2011-12-08 18:22:00,5411.813623391092,3,961.49,1,1,2,4,Lost
14629.0,2011-12-05 16:55:00,5414.874040057883,2,959.01,1,1,2,4,Lost
18192.0,2011-09-29 09:53:00,5482.1670956132,1,957.97,1,1,2,4,Lost
13823.0,2011-11-21 10:22:00,5429.14695672458,2,957.66,1,1,2,4,Lost
12697.0,2011-11-11 08:47:00,5439.212928946596,3,957.59,1,1,2,4,Lost
15948.0,2011-12-01 15:32:00,5418.931678946596,2,955.24,1,1,2,4,Lost
17244.0,2011-10-17 15:19:00,5463.940706724301,1,954.9,1,1,2,4,Lost
15835.0,2011-10-26 15:47:00,5454.921262280084,4,954.09,1,1,2,4,Lost
16934.0,2011-10-16 12:40:00,5465.051123390906,2,950.93,1,1,2,4,Lost
15421.0,2011-10-12 09:20:00,5469.190012279898,4,950.36,1,1,2,4,Lost
16511.0,2011-11-18 10:41:00,5432.133762279991,3,950.26,1,1,2,4,Lost
12822.0,2011-09-30 10:04:00,5481.159456724301,2,948.88,1,1,2,4,Lost
17044.0,2011-11-14 14:28:00,5435.976123391185,1,948.48,1,1,2,4,Lost
15787.0,2011-11-13 14:55:00,5436.957373390906,3,948.05,1,1,2,4,Lost
12458.0,2011-09-29 15:25:00,5481.936540057883,2,947.4,1,1,2,4,Lost
15707.0,2011-11-04 14:35:00,5445.971262279898,4,945.58,1,1,2,4,Lost
17289.0,2011-11-08 12:01:00,5442.078206724487,3,944.41,1,1,2,4,Lost
13261.0,2011-03-16 12:22:00,5679.063623391092,2,944.1,1,1,2,4,Lost
12820.0,2011-12-06 15:12:00,5413.945567835588,4,942.34,1,1,2,4,Lost
14075.0,2011-12-05 08:38:00,5415.219178946689,3,942.26,1,1,2,4,Lost
15576.0,2011-11-02 12:03:00,5448.076817835681,1,940.67,1,1,2,4,Lost
15289.0,2011-11-10 13:49:00,5440.003206724301,3,939.78,1,1,2,4,Lost
17527.0,2011-10-17 12:32:00,5464.056678946596,4,939.37,1,1,2,4,Lost
16584.0,2011-09-20 13:45:00,5491.005984502379,2,936.08,1,1,2,4,Lost
14140.0,2011-12-06 09:05:00,5414.200428946875,2,935.05,1,1,2,4,Lost
14081.0,2011-02-10 16:17:00,5712.900428946596,2,934.52,1,1,2,4,Lost
12924.0,2011-09-12 13:55:00,5498.999040057883,4,933.7,1,1,2,4,Lost
16657.0,2011-11-30 11:48:00,5420.087234502193,4,933.62,1,1,2,4,Lost
13655.0,2011-08-17 14:25:00,5524.978206724394,2,932.97,1,1,2,4,Lost
14532.0,2011-04-17 13:05:00,5647.033762279898,4,932.85,1,1,2,4,Lost
18133.0,2011-05-11 14:14:00,5622.985845613293,1,931.5,1,1,2,4,Lost
17552.0,2011-10-10 17:00:00,5470.870567835402,4,930.41,1,1,2,4,Lost
14475.0,2011-09-29 10:46:00,5482.130290057976,3,925.85,1,1,2,4,Lost
14231.0,2011-06-09 11:05:00,5594.1170956133865,3,925.71,1,1,2,4,Lost
17048.0,2011-08-14 11:49:00,5528.0865400577895,3,925.35,1,1,2,4,Lost
15312.0,2011-09-25 13:10:00,5486.030290057883,4,924.85,1,1,2,4,Lost
13805.0,2011-10-18 14:50:00,5462.9608456133865,2,924.6,1,1,2,4,Lost
15654.0,2011-11-30 13:08:00,5420.031678946689,2,922.53,1,1,2,4,Lost
13122.0,2011-09-06 15:53:00,5504.9170956132,2,922.39,1,1,2,4,Lost
16551.0,2011-09-05 09:38:00,5506.177512280177,3,922.12,1,1,2,4,Lost
13934.0,2011-03-21 08:39:00,5674.218484502286,1,922.1,1,1,2,4,Lost
13035.0,2011-09-27 08:57:00,5484.205984502099,2,921.88,1,1,2,4,Lost
17018.0,2011-10-30 11:42:00,5451.091401169077,2,920.1,1,1,2,4,Lost
12652.0,2011-01-12 15:00:00,5741.95390116889,1,919.98,1,1,2,4,Lost
13075.0,2011-08-02 10:19:00,5540.1490400577895,1,919.61,1,1,2,4,Lost
14015.0,2011-10-18 10:02:00,5463.160845613107,1,917.34,1,1,2,4,Lost
14712.0,2011-11-10 12:59:00,5440.037928946782,3,917.07,1,1,2,4,Lost
14141.0,2011-12-07 09:53:00,5413.1670956132,4,915.13,1,1,2,4,Lost
16216.0,2011-03-17 15:34:00,5677.9302900577895,1,914.93,1,1,2,4,Lost
15587.0,2011-10-20 13:37:00,5461.011540057603,4,913.68,1,1,2,4,Lost
12940.0,2011-10-16 12:09:00,5465.072651168797,2,913.54,1,1,2,4,Lost
15364.0,2011-09-05 09:46:00,5506.171956724487,2,913.19,1,1,2,4,Lost
14359.0,2011-11-20 13:17:00,5430.025428946596,3,912.18,1,1,2,4,Lost
13192.0,2011-09-05 14:13:00,5505.986540057696,2,911.94,1,1,2,4,Lost
18096.0,2011-11-28 12:44:00,5422.048345613293,3,911.15,1,1,2,4,Lost
13689.0,2011-10-07 13:21:00,5474.022651168983,1,910.0,1,1,2,4,Lost
13038.0,2011-09-20 14:37:00,5490.969873391092,3,908.46,1,1,2,4,Lost
14449.0,2011-11-21 12:06:00,5429.074734502006,4,907.1,1,1,2,4,Lost
15480.0,2011-08-15 14:32:00,5526.973345613107,1,905.5,1,1,2,4,Lost
15022.0,2011-11-28 12:35:00,5422.0545956133865,4,905.04,1,1,2,4,Lost
15807.0,2011-10-20 14:10:00,5460.988623390906,3,903.9,1,1,2,4,Lost
17566.0,2011-12-01 19:54:00,5418.749734502286,2,901.21,1,1,2,4,Lost
16716.0,2011-03-18 10:03:00,5677.160151168704,2,901.2,1,1,2,4,Lost
14625.0,2011-05-27 15:32:00,5606.931678946596,2,899.63,1,1,2,4,Lost
17886.0,2011-11-08 10:09:00,5442.155984502286,3,899.61,1,1,2,4,Lost
13662.0,2011-09-15 12:04:00,5496.076123391278,3,897.76,1,1,2,4,Lost
17537.0,2011-11-10 10:56:00,5440.12334561348,2,897.62,1,1,2,4,Lost
16361.0,2011-11-30 12:32:00,5420.056678946596,4,896.66,1,1,2,4,Lost
15079.0,2011-05-11 12:45:00,5623.04765116889,4,895.61,1,1,2,4,Lost
15865.0,2011-10-30 12:43:00,5451.049040057696,3,895.13,1,1,2,4,Lost
15211.0,2011-10-10 13:31:00,5471.015706724487,2,894.41,1,1,2,4,Lost
15066.0,2011-10-17 13:25:00,5464.019873390906,1,893.59,1,1,2,4,Lost
12772.0,2011-10-11 09:19:00,5470.190706724301,1,892.47,1,1,2,4,Lost
13515.0,2011-09-28 11:26:00,5483.102512279991,4,891.12,1,1,2,4,Lost
15255.0,2011-10-04 12:43:00,5477.049040057696,1,890.85,1,1,2,4,Lost
14240.0,2011-11-09 13:45:00,5441.005984502379,2,890.34,1,1,2,4,Lost
17829.0,2011-02-14 12:46:00,5709.046956724487,1,889.24,1,1,2,4,Lost
16347.0,2011-11-28 13:14:00,5422.027512279805,2,887.65,1,1,2,4,Lost
16900.0,2011-11-23 10:32:00,5427.140012280084,3,887.11,1,1,2,4,Lost
15822.0,2011-12-06 14:50:00,5413.9608456133865,2,885.47,1,1,2,4,Lost
17704.0,2011-06-24 09:40:00,5579.176123390906,2,885.19,1,1,2,4,Lost
15799.0,2011-09-25 12:46:00,5486.046956724487,3,884.14,1,1,2,4,Lost
14597.0,2011-11-28 13:13:00,5422.0282067246735,2,883.15,1,1,2,4,Lost
13037.0,2011-07-24 15:46:00,5548.921956724487,3,881.07,1,1,2,4,Lost
15076.0,2011-06-20 08:23:00,5583.2295956132,1,880.85,1,1,2,4,Lost
15653.0,2011-09-08 10:49:00,5503.128206724301,2,877.44,1,1,2,4,Lost
14770.0,2011-04-21 14:21:00,5642.980984502006,2,876.42,1,1,2,4,Lost
15100.0,2011-01-10 10:35:00,5744.137928946875,3,876.0,1,1,2,4,Lost
13566.0,2011-10-30 11:59:00,5451.079595613293,2,874.71,1,1,2,4,Lost
16513.0,2011-12-05 10:18:00,5415.149734502193,4,874.59,1,1,2,4,Lost
13294.0,2011-06-03 08:54:00,5600.208067835774,2,873.74,1,1,2,4,Lost
12847.0,2011-11-17 13:16:00,5433.026123390999,1,871.54,1,1,2,4,Lost
13200.0,2011-11-20 15:35:00,5429.9295956133865,4,870.09,1,1,2,4,Lost
13979.0,2011-09-27 13:32:00,5484.015012280084,1,869.87,1,1,2,4,Lost
12694.0,2011-09-30 13:06:00,5481.033067835495,2,869.67,1,1,2,4,Lost
13203.0,2011-11-30 10:45:00,5420.130984502379,4,869.46,1,1,2,4,Lost
17649.0,2011-07-24 15:53:00,5548.9170956132,1,868.49,1,1,2,4,Lost
14912.0,2011-11-23 09:20:00,5427.190012279898,2,867.85,1,1,2,4,Lost
14715.0,2011-11-15 12:10:00,5435.071956724394,4,867.38,1,1,2,4,Lost
16121.0,2011-10-13 12:59:00,5468.037928946782,2,867.11,1,1,2,4,Lost
14332.0,2011-11-17 11:54:00,5433.083067835774,3,866.31,1,1,2,4,Lost
16567.0,2011-05-29 13:57:00,5604.997651169077,2,865.6,1,1,2,4,Lost
13846.0,2011-11-15 12:07:00,5435.074040057603,3,865.06,1,1,2,4,Lost
16221.0,2011-11-03 11:43:00,5447.0907067246735,3,864.86,1,1,2,4,Lost
12680.0,2011-12-09 12:50:00,5411.044178946875,4,862.81,1,1,2,4,Lost
12794.0,2011-10-17 14:54:00,5463.958067835774,2,860.41,1,1,2,4,Lost
13339.0,2011-05-23 08:31:00,5611.224040057976,1,860.12,1,1,2,4,Lost
14577.0,2011-11-27 12:47:00,5423.046262280084,4,859.71,1,1,2,4,Lost
17064.0,2011-10-12 10:18:00,5469.149734502193,3,859.35,1,1,2,4,Lost
16163.0,2011-04-21 15:15:00,5642.943484502379,2,856.6,1,1,2,4,Lost
12693.0,2011-08-04 17:51:00,5537.835151168983,4,855.91,1,1,2,4,Lost
16037.0,2011-03-15 09:13:00,5680.194873391185,3,855.02,1,1,2,4,Lost
12878.0,2011-04-17 13:07:00,5647.032373391092,2,854.99,1,1,2,4,Lost
14193.0,2011-10-03 09:34:00,5478.1802900577895,2,853.39,1,1,2,4,Lost
12379.0,2011-09-19 10:09:00,5492.155984502286,2,852.24,1,1,2,4,Lost
16070.0,2011-11-17 15:50:00,5432.919178946875,2,852.15,1,1,2,4,Lost
16020.0,2011-11-23 11:18:00,5427.108067835681,3,851.01,1,1,2,4,Lost
12713.0,2011-12-09 12:16:00,5411.067790057976,1,848.55,1,1,2,4,Lost
14657.0,2011-11-22 12:47:00,5428.046262280084,4,848.22,1,1,2,4,Lost
13221.0,2011-04-13 16:58:00,5650.8719567246735,2,847.41,1,1,2,4,Lost
16924.0,2011-11-18 12:53:00,5432.0420956132,3,846.75,1,1,2,4,Lost
16222.0,2011-01-25 13:38:00,5729.0108456132,1,846.72,1,1,2,4,Lost
15965.0,2011-11-22 16:44:00,5427.881678946782,4,845.64,1,1,2,4,Lost
14803.0,2011-06-30 13:58:00,5572.9969567246735,3,845.55,1,1,2,4,Lost
17624.0,2011-11-25 10:52:00,5425.126123391092,2,843.48,1,1,2,4,Lost
15164.0,2011-10-02 12:05:00,5479.075428946875,3,843.05,1,1,2,4,Lost
17929.0,2011-11-28 16:01:00,5421.911540057976,4,843.0,1,1,2,4,Lost
13929.0,2011-06-23 15:26:00,5579.93584561348,2,842.65,1,1,2,4,Lost
16108.0,2011-09-16 11:48:00,5495.087234502193,1,842.5,1,1,2,4,Lost
16560.0,2011-11-13 10:35:00,5437.137928946875,2,841.41,1,1,2,4,Lost
14862.0,2011-11-14 10:01:00,5436.161540057976,2,841.2,1,1,2,4,Lost
17076.0,2011-11-03 17:53:00,5446.833762280177,3,841.08,1,1,2,4,Lost
13940.0,2011-11-22 15:15:00,5427.943484502379,4,839.14,1,1,2,4,Lost
17115.0,2011-12-01 14:30:00,5418.974734502379,3,837.5,1,1,2,4,Lost
16554.0,2011-10-28 14:51:00,5452.960151168983,3,837.1,1,1,2,4,Lost
15832.0,2011-03-30 15:29:00,5664.933762279805,1,836.79,1,1,2,4,Lost
12728.0,2011-09-29 15:31:00,5481.932373390999,4,836.33,1,1,2,4,Lost
16747.0,2011-11-02 11:37:00,5448.094873391092,2,836.06,1,1,2,4,Lost
17169.0,2011-10-13 10:25:00,5468.144873390906,2,835.78,1,1,2,4,Lost
17759.0,2011-11-22 16:02:00,5427.910845613107,3,834.99,1,1,2,4,Lost
13835.0,2011-11-14 15:37:00,5435.92820672458,4,834.57,1,1,2,4,Lost
17075.0,2011-11-22 11:58:00,5428.080290057696,4,834.12,1,1,2,4,Lost
16644.0,2011-06-15 12:39:00,5588.051817835774,2,833.78,1,1,2,4,Lost
15862.0,2011-12-01 13:28:00,5419.017790057696,4,832.88,1,1,2,4,Lost
14644.0,2011-10-03 08:30:00,5478.224734502379,2,830.76,1,1,2,4,Lost
13681.0,2011-11-22 11:13:00,5428.111540057696,4,827.83,1,1,2,4,Lost
12461.0,2011-09-06 16:57:00,5504.872651169077,2,826.88,1,1,2,4,Lost
12781.0,2011-10-07 10:37:00,5474.136540057603,2,826.74,1,1,2,4,Lost
16494.0,2011-02-16 12:49:00,5707.044873391278,1,826.53,1,1,2,4,Lost
17921.0,2011-10-06 18:56:00,5474.790012279991,4,826.52,1,1,2,4,Lost
15525.0,2011-12-07 14:43:00,5412.9657067246735,3,825.92,1,1,2,4,Lost
12427.0,2011-11-18 08:56:00,5432.2066789465025,3,825.8,1,1,2,4,Lost
16869.0,2011-11-17 12:02:00,5433.077512280084,4,825.42,1,1,2,4,Lost
16284.0,2011-11-08 16:12:00,5441.903901169077,2,823.97,1,1,2,4,Lost
16164.0,2011-11-22 15:04:00,5427.951123391278,3,822.48,1,1,2,4,Lost
13893.0,2011-02-15 11:30:00,5708.099734502379,1,821.1,1,1,2,4,Lost
13220.0,2011-09-22 13:38:00,5489.0108456132,4,819.29,1,1,2,4,Lost
17764.0,2011-10-20 11:03:00,5461.118484502193,2,818.82,1,1,2,4,Lost
16092.0,2011-08-17 10:46:00,5525.130290057976,3,817.86,1,1,2,4,Lost
16943.0,2011-05-12 11:57:00,5622.080984502099,3,816.73,1,1,2,4,Lost
15649.0,2011-01-07 13:34:00,5747.013623391278,2,816.0,1,1,2,4,Lost
15399.0,2011-12-08 13:04:00,5412.034456724301,3,815.77,1,1,2,4,Lost
14499.0,2011-11-13 13:01:00,5437.036540057976,3,815.32,1,1,2,4,Lost
13280.0,2011-08-09 13:14:00,5533.027512279805,3,814.86,1,1,2,4,Lost
16460.0,2011-11-11 13:46:00,5439.005290057976,3,814.72,1,1,2,4,Lost
13811.0,2011-06-09 09:54:00,5594.166401168797,3,814.5,1,1,2,4,Lost
18064.0,2011-07-29 16:39:00,5543.885151168797,2,814.0,1,1,2,4,Lost
16621.0,2011-10-19 11:38:00,5462.094178946689,4,813.48,1,1,2,4,Lost
14421.0,2011-10-13 13:24:00,5468.020567835774,2,813.11,1,1,2,4,Lost
15644.0,2011-06-26 14:54:00,5576.958067835774,4,813.0,1,1,2,4,Lost
17980.0,2011-06-27 12:01:00,5576.078206724487,3,811.45,1,1,2,4,Lost
16276.0,2011-06-16 09:34:00,5587.1802900577895,1,810.6,1,1,2,4,Lost
16624.0,2011-09-20 12:39:00,5491.051817835774,2,810.57,1,1,2,4,Lost
13637.0,2011-10-18 13:32:00,5463.015012280084,3,810.5,1,1,2,4,Lost
15533.0,2011-11-20 15:35:00,5429.9295956133865,3,807.57,1,1,2,4,Lost
12421.0,2011-11-24 09:07:00,5426.199040057603,4,807.04,1,1,2,4,Lost
15952.0,2011-11-06 11:18:00,5444.108067835681,4,806.57,1,1,2,4,Lost
13707.0,2011-03-17 18:03:00,5677.826817835681,2,806.41,1,1,2,4,Lost
12434.0,2011-09-16 12:38:00,5495.052512280177,2,806.14,1,1,2,4,Lost
16367.0,2011-11-02 13:13:00,5448.0282067246735,2,804.49,1,1,2,4,Lost
18248.0,2011-08-09 10:19:00,5533.1490400577895,2,804.02,1,1,2,4,Lost
12422.0,2011-09-05 09:48:00,5506.170567835681,3,803.56,1,1,2,4,Lost
15831.0,2011-10-12 13:14:00,5469.027512279805,3,801.76,1,1,2,4,Lost
18265.0,2011-09-28 14:10:00,5482.988623390906,2,801.51,1,1,2,4,Lost
16806.0,2011-08-28 15:27:00,5513.935151169077,4,801.49,1,1,2,4,Lost
15561.0,2011-11-28 11:07:00,5422.11570672458,4,800.59,1,1,2,4,Lost
17905.0,2011-09-29 17:33:00,5481.847651168704,4,800.24,1,1,2,4,Lost
13720.0,2011-08-15 12:46:00,5527.046956724487,4,799.9,1,1,2,4,Lost
13030.0,2011-11-28 14:30:00,5421.974734502379,2,799.48,1,1,2,4,Lost
17703.0,2011-11-04 15:51:00,5445.918484502006,3,798.74,1,1,2,4,Lost
13389.0,2011-11-28 14:01:00,5421.994873390999,3,797.96,1,1,2,4,Lost
12701.0,2011-09-21 10:47:00,5490.129595613107,2,797.71,1,1,2,4,Lost
17180.0,2011-10-14 15:46:00,5466.921956724487,4,796.03,1,1,2,4,Lost
13336.0,2011-09-23 14:05:00,5487.9920956133865,1,795.12,1,1,2,4,Lost
15990.0,2011-10-26 15:58:00,5454.913623391185,2,792.11,1,1,2,4,Lost
13167.0,2011-11-21 12:24:00,5429.062234502286,4,791.33,1,1,2,4,Lost
13016.0,2011-09-27 14:08:00,5483.990012280177,3,789.89,1,1,2,4,Lost
16759.0,2011-12-02 12:42:00,5418.049734502099,3,789.79,1,1,2,4,Lost
13329.0,2011-11-08 10:29:00,5442.142095613293,2,789.0,1,1,2,4,Lost
14557.0,2011-09-15 15:48:00,5495.920567835681,1,788.38,1,1,2,4,Lost
13212.0,2011-11-20 12:40:00,5430.051123390906,3,788.08,1,1,2,4,Lost
16546.0,2011-02-22 11:20:00,5701.106678946875,2,787.15,1,1,2,4,Lost
13109.0,2011-10-11 10:16:00,5470.151123390999,2,786.54,1,1,2,4,Lost
12628.0,2011-12-05 13:15:00,5415.026817835402,3,786.46,1,1,2,4,Lost
15806.0,2011-10-24 14:35:00,5456.971262279898,3,784.58,1,1,2,4,Lost
15743.0,2011-11-23 17:19:00,5426.857373391278,4,784.46,1,1,2,4,Lost
18136.0,2011-10-07 15:40:00,5473.926123390906,3,784.33,1,1,2,4,Lost
17387.0,2011-11-20 11:00:00,5430.120567835402,2,784.11,1,1,2,4,Lost
16054.0,2011-07-17 13:08:00,5556.031678946689,1,783.9,1,1,2,4,Lost
17006.0,2011-12-05 12:09:00,5415.072651168797,4,781.78,1,1,2,4,Lost
17341.0,2011-07-06 12:33:00,5567.055984502193,3,781.36,1,1,2,4,Lost
15679.0,2011-11-15 16:19:00,5434.8990400577895,4,781.28,1,1,2,4,Lost
13583.0,2011-07-07 10:40:00,5566.134456724394,1,781.03,1,1,2,4,Lost
15239.0,2011-11-29 14:14:00,5420.985845613293,2,780.59,1,1,2,4,Lost
17797.0,2011-11-17 13:21:00,5433.022651168983,3,780.43,1,1,2,4,Lost
18228.0,2011-10-14 09:21:00,5467.189317835495,2,779.9,1,1,2,4,Lost
12735.0,2011-01-28 13:37:00,5726.011540057603,2,779.57,1,1,2,4,Lost
17411.0,2011-11-27 14:25:00,5422.978206724394,3,778.94,1,1,2,4,Lost
13375.0,2011-09-12 10:19:00,5499.1490400577895,1,778.65,1,1,2,4,Lost
14815.0,2011-11-03 11:36:00,5447.095567835495,2,778.5,1,1,2,4,Lost
17414.0,2011-10-27 12:13:00,5454.069873391185,2,778.0,1,1,2,4,Lost
16505.0,2011-11-08 12:14:00,5442.069178946782,1,777.6,1,1,2,4,Lost
13563.0,2011-09-16 14:45:00,5494.964317835402,2,777.53,1,1,2,4,Lost
12425.0,2011-09-22 17:31:00,5488.849040057976,1,777.2,1,1,2,4,Lost
15353.0,2011-03-30 12:15:00,5665.068484502379,2,777.02,1,1,2,4,Lost
15618.0,2011-11-07 08:34:00,5443.221956724301,4,776.85,1,1,2,4,Lost
13314.0,2011-12-08 12:29:00,5412.058762279805,3,775.94,1,1,2,4,Lost
13341.0,2011-03-24 09:50:00,5671.169178946875,1,775.85,1,1,2,4,Lost
14234.0,2011-11-17 17:53:00,5432.833762280177,4,775.46,1,1,2,4,Lost
16825.0,2011-11-01 11:51:00,5449.085151168983,2,775.18,1,1,2,4,Lost
15414.0,2011-11-30 09:50:00,5420.169178946875,3,774.9,1,1,2,4,Lost
16043.0,2011-11-02 12:50:00,5448.044178946875,4,773.99,1,1,2,4,Lost
15075.0,2011-09-23 12:27:00,5488.060151169077,1,773.03,1,1,2,4,Lost
12965.0,2011-09-11 15:31:00,5499.932373390999,1,771.91,1,1,2,4,Lost
17409.0,2011-06-08 10:36:00,5595.137234502006,2,771.85,1,1,2,4,Lost
14662.0,2011-11-11 12:13:00,5439.069873391185,4,771.17,1,1,2,4,Lost
14412.0,2011-10-28 10:45:00,5453.130984502379,2,770.03,1,1,2,4,Lost
16480.0,2011-09-25 11:40:00,5486.092790057883,1,769.29,1,1,2,4,Lost
13356.0,2011-09-20 14:33:00,5490.972651168704,1,768.24,1,1,2,4,Lost
14550.0,2011-11-29 12:12:00,5421.070567835588,2,765.62,1,1,2,4,Lost
14672.0,2011-04-19 10:19:00,5645.1490400577895,2,765.55,1,1,2,4,Lost
17695.0,2011-07-31 10:40:00,5542.134456724394,2,765.34,1,1,2,4,Lost
14885.0,2011-07-31 12:05:00,5542.075428946875,1,765.32,1,1,2,4,Lost
17268.0,2011-08-24 10:06:00,5518.158067835495,4,763.64,1,1,2,4,Lost
17466.0,2011-11-29 13:15:00,5421.026817835402,2,763.28,1,1,2,4,Lost
16470.0,2011-10-19 12:11:00,5462.071262279991,4,762.39,1,1,2,4,Lost
15599.0,2011-11-13 11:44:00,5437.090012279805,2,761.74,1,1,2,4,Lost
16205.0,2011-11-09 09:32:00,5441.181678946596,4,761.38,1,1,2,4,Lost
17425.0,2011-11-20 15:30:00,5429.933067835402,2,759.17,1,1,2,4,Lost
16036.0,2011-09-13 14:53:00,5497.958762280177,2,758.92,1,1,2,4,Lost
15568.0,2011-12-07 11:27:00,5413.101817835588,3,758.29,1,1,2,4,Lost
12413.0,2011-10-04 09:00:00,5477.20390116889,3,758.1,1,1,2,4,Lost
17979.0,2011-11-04 12:05:00,5446.075428946875,4,757.71,1,1,2,4,Lost
17461.0,2011-11-17 10:21:00,5433.147651168983,3,757.46,1,1,2,4,Lost
15223.0,2011-04-28 11:31:00,5636.099040057976,2,755.75,1,1,2,4,Lost
13370.0,2010-12-03 10:26:00,5782.1441789465025,1,754.87,1,1,2,4,Lost
18104.0,2011-11-02 14:07:00,5447.99070672458,1,754.64,1,1,2,4,Lost
13730.0,2011-07-27 08:35:00,5546.221262279898,2,752.6,1,1,2,4,Lost
16256.0,2011-03-18 12:18:00,5677.066401168704,1,752.43,1,1,2,4,Lost
12908.0,2011-06-16 15:39:00,5586.926817835774,2,750.0,1,1,2,4,Lost
17146.0,2011-08-26 12:44:00,5516.048345613293,3,749.78,1,1,2,4,Lost
14923.0,2011-10-20 11:51:00,5461.085151168983,1,749.1,1,1,2,4,Lost
15074.0,2011-08-26 14:45:00,5515.964317835402,1,748.87,1,1,2,4,Lost
15656.0,2011-10-25 14:56:00,5455.9566789465025,4,748.5,1,1,2,4,Lost
16859.0,2011-07-18 12:19:00,5555.065706724301,2,747.81,1,1,2,4,Lost
16261.0,2011-11-22 17:23:00,5427.8545956132,4,746.83,1,1,2,4,Lost
14050.0,2011-11-08 10:00:00,5442.162234502379,2,746.36,1,1,2,4,Lost
17034.0,2011-11-23 15:14:00,5426.944178946782,3,745.52,1,1,2,4,Lost
13950.0,2011-11-28 14:44:00,5421.965012279805,4,745.06,1,1,2,4,Lost
14790.0,2011-11-23 09:28:00,5427.1844567246735,4,745.06,1,1,2,4,Lost
13236.0,2011-11-15 12:50:00,5435.044178946875,2,744.85,1,1,2,4,Lost
13354.0,2011-09-29 13:17:00,5482.025428946596,1,743.53,1,1,2,4,Lost
16730.0,2011-10-18 14:11:00,5462.9879289465025,3,743.11,1,1,2,4,Lost
12374.0,2011-11-14 15:37:00,5435.92820672458,1,742.93,1,1,2,4,Lost
12465.0,2011-11-22 16:34:00,5427.888623391278,2,742.19,1,1,2,4,Lost
13753.0,2011-02-25 12:48:00,5698.045567835681,1,741.26,1,1,2,4,Lost
13900.0,2011-06-09 19:26:00,5593.7691789465025,3,740.95,1,1,2,4,Lost
17692.0,2011-08-04 14:01:00,5537.994873390999,4,740.94,1,1,2,4,Lost
17974.0,2011-11-15 11:37:00,5435.094873391092,3,740.79,1,1,2,4,Lost
15252.0,2011-11-03 13:30:00,5447.01640116889,2,740.78,1,1,2,4,Lost
12603.0,2011-11-18 10:42:00,5432.133067835588,1,739.2,1,1,2,4,Lost
14756.0,2011-11-24 18:13:00,5425.819873391185,1,738.96,1,1,2,4,Lost
12976.0,2011-05-12 09:55:00,5622.165706724394,1,738.6,1,1,2,4,Lost
15045.0,2011-07-11 11:33:00,5562.097651168704,2,735.66,1,1,2,4,Lost
15215.0,2011-10-24 11:41:00,5457.09209561348,3,734.94,1,1,2,4,Lost
18156.0,2011-11-27 12:24:00,5423.062234502286,2,734.94,1,1,2,4,Lost
16146.0,2011-07-05 14:20:00,5567.981678946875,3,734.13,1,1,2,4,Lost
17812.0,2011-11-27 11:47:00,5423.087928946596,4,732.16,1,1,2,4,Lost
13736.0,2011-12-04 15:19:00,5415.940706724301,2,731.9,1,1,2,4,Lost
16099.0,2011-10-20 13:13:00,5461.0282067246735,3,731.9,1,1,2,4,Lost
16491.0,2011-10-24 10:18:00,5457.149734502193,1,731.5,1,1,2,4,Lost
14778.0,2011-08-04 15:23:00,5537.937928946689,2,730.86,1,1,2,4,Lost
18035.0,2011-11-04 12:39:00,5446.051817835774,3,730.4,1,1,2,4,Lost
12468.0,2011-06-05 11:36:00,5598.095567835495,2,729.54,1,1,2,4,Lost
13077.0,2011-12-08 19:24:00,5411.770567835774,4,729.27,1,1,2,4,Lost
17666.0,2011-12-06 09:06:00,5414.199734502006,2,728.16,1,1,2,4,Lost
14869.0,2011-12-01 12:36:00,5419.053901168983,2,725.7,1,1,2,4,Lost
14055.0,2011-08-25 15:04:00,5516.951123391278,1,725.64,1,1,2,4,Lost
16140.0,2011-10-05 12:15:00,5476.068484502379,2,725.18,1,1,2,4,Lost
15584.0,2011-11-16 10:55:00,5434.124040057883,4,725.11,1,1,2,4,Lost
15636.0,2011-09-11 11:17:00,5500.108762280084,2,724.76,1,1,2,4,Lost
12475.0,2011-10-17 10:10:00,5464.155290057883,1,723.38,1,1,2,4,Lost
17521.0,2011-11-10 11:22:00,5440.105290057603,3,723.21,1,1,2,4,Lost
15272.0,2011-10-13 12:59:00,5468.037928946782,2,721.94,1,1,2,4,Lost
18062.0,2011-06-19 14:47:00,5583.962928946596,3,720.52,1,1,2,4,Lost
16023.0,2011-10-24 16:34:00,5456.888623391278,3,719.81,1,1,2,4,Lost
14179.0,2011-10-30 12:07:00,5451.074040057603,2,719.78,1,1,2,4,Lost
14725.0,2011-11-15 12:42:00,5435.049734502099,1,718.08,1,1,2,4,Lost
17884.0,2011-12-06 11:33:00,5414.097651168704,4,717.45,1,1,2,4,Lost
15274.0,2011-12-05 16:57:00,5414.872651169077,2,716.57,1,1,2,4,Lost
12535.0,2011-09-09 08:48:00,5502.212234502193,2,716.35,1,1,2,4,Lost
17029.0,2011-08-21 11:06:00,5521.116401168983,2,716.0,1,1,2,4,Lost
15330.0,2011-11-07 17:50:00,5442.8358456133865,2,714.96,1,1,2,4,Lost
15757.0,2011-10-05 12:14:00,5476.069178946782,2,714.42,1,1,2,4,Lost
12616.0,2011-09-05 15:17:00,5505.942095613107,2,713.3,1,1,2,4,Lost
13169.0,2011-10-07 12:11:00,5474.071262279991,2,712.88,1,1,2,4,Lost
13147.0,2011-11-29 13:59:00,5420.996262279805,4,712.8,1,1,2,4,Lost
17761.0,2011-11-07 10:23:00,5443.146262280177,1,712.78,1,1,2,4,Lost
13416.0,2011-10-27 08:56:00,5454.2066789465025,2,712.5,1,1,2,4,Lost
13587.0,2011-10-07 12:31:00,5474.057373390999,1,712.4,1,1,2,4,Lost
17642.0,2011-08-12 09:11:00,5530.196262279991,2,712.29,1,1,2,4,Lost
13705.0,2011-12-02 12:32:00,5418.056678946596,3,711.86,1,1,2,4,Lost
17179.0,2011-06-14 16:48:00,5588.878901168704,3,711.79,1,1,2,4,Lost
13249.0,2011-09-08 13:26:00,5503.0191789465025,3,711.41,1,1,2,4,Lost
17472.0,2011-06-01 14:57:00,5601.955984502099,3,710.29,1,1,2,4,Lost
14867.0,2011-06-07 11:39:00,5596.093484502286,3,710.28,1,1,2,4,Lost
14127.0,2011-08-09 10:49:00,5533.128206724301,3,709.71,1,1,2,4,Lost
16136.0,2011-10-11 09:10:00,5470.196956724394,3,709.38,1,1,2,4,Lost
15951.0,2011-12-01 08:34:00,5419.221956724301,2,708.22,1,1,2,4,Lost
16449.0,2011-05-26 10:25:00,5608.144873390906,2,707.69,1,1,2,4,Lost
12453.0,2011-07-28 14:08:00,5544.990012280177,1,707.09,1,1,2,4,Lost
16364.0,2011-11-28 11:27:00,5422.101817835588,2,707.04,1,1,2,4,Lost
16309.0,2011-08-25 15:35:00,5516.9295956133865,2,706.57,1,1,2,4,Lost
14880.0,2011-09-23 13:42:00,5488.008067835588,3,706.19,1,1,2,4,Lost
14126.0,2011-12-02 11:45:00,5418.089317835402,3,706.13,1,1,2,4,Lost
16015.0,2011-12-06 10:58:00,5414.1219567246735,3,705.39,1,1,2,4,Lost
16882.0,2011-10-04 10:42:00,5477.133067835588,3,705.12,1,1,2,4,Lost
17934.0,2011-10-19 11:16:00,5462.109456724487,2,704.25,1,1,2,4,Lost
12612.0,2011-09-26 15:35:00,5484.9295956133865,1,704.04,1,1,2,4,Lost
12883.0,2011-11-15 09:32:00,5435.181678946596,4,703.47,1,1,2,4,Lost
18082.0,2011-11-14 12:45:00,5436.04765116889,1,703.37,1,1,2,4,Lost
15103.0,2011-11-08 14:53:00,5441.958762280177,2,703.36,1,1,2,4,Lost
15574.0,2011-06-15 12:01:00,5588.078206724487,4,702.25,1,1,2,4,Lost
16997.0,2011-02-24 17:28:00,5698.851123391185,3,702.0,1,1,2,4,Lost
14198.0,2011-11-21 16:35:00,5428.887928946875,4,701.4,1,1,2,4,Lost
14356.0,2011-09-21 09:18:00,5490.191401168704,2,701.23,1,1,2,4,Lost
17321.0,2011-12-01 13:41:00,5419.008762279991,2,700.86,1,1,2,4,Lost
13238.0,2011-11-22 15:37:00,5427.92820672458,4,700.73,1,1,2,4,Lost
17734.0,2011-10-17 12:33:00,5464.055984502193,3,700.63,1,1,2,4,Lost
15800.0,2011-08-24 14:23:00,5517.9795956132,2,699.08,1,1,2,4,Lost
13258.0,2011-11-28 09:31:00,5422.182373390999,3,698.58,1,1,2,4,Lost
17423.0,2011-10-24 13:36:00,5457.012234502006,2,698.41,1,1,2,4,Lost
17796.0,2011-10-30 15:38:00,5450.927512280177,4,697.9,1,1,2,4,Lost
15053.0,2011-12-05 12:08:00,5415.0733456132,3,697.79,1,1,2,4,Lost
14829.0,2011-11-10 16:16:00,5439.901123390999,4,697.55,1,1,2,4,Lost
13596.0,2011-12-04 12:01:00,5416.078206724487,2,697.04,1,1,2,4,Lost
15700.0,2011-06-20 16:53:00,5582.875428946689,2,696.68,1,1,2,4,Lost
17397.0,2011-11-17 14:08:00,5432.990012280177,2,696.41,1,1,2,4,Lost
14009.0,2011-05-25 15:47:00,5608.921262280084,2,695.61,1,1,2,4,Lost
14959.0,2011-10-06 18:23:00,5474.812928946689,4,695.42,1,1,2,4,Lost
12925.0,2011-12-05 11:11:00,5415.1129289465025,2,694.05,1,1,2,4,Lost
14643.0,2011-06-22 14:41:00,5580.96709561348,2,693.81,1,1,2,4,Lost
12410.0,2011-02-04 10:39:00,5719.135151168797,2,693.33,1,1,2,4,Lost
13601.0,2011-10-25 17:31:00,5455.849040057976,2,693.32,1,1,2,4,Lost
14111.0,2011-11-25 13:44:00,5425.006678946782,4,692.85,1,1,2,4,Lost
17198.0,2011-11-16 10:39:00,5434.135151168797,3,692.22,1,1,2,4,Lost
17733.0,2011-11-01 08:16:00,5449.234456724487,2,692.19,1,1,2,4,Lost
13838.0,2011-12-04 11:00:00,5416.120567835402,4,691.73,1,1,2,4,Lost
16212.0,2011-11-20 13:00:00,5430.037234502379,2,690.34,1,1,2,4,Lost
18085.0,2011-01-13 15:17:00,5740.942095613107,2,689.95,1,1,2,4,Lost
13023.0,2011-10-06 16:27:00,5474.893484502099,2,689.9,1,1,2,4,Lost
15181.0,2011-10-04 13:58:00,5476.9969567246735,3,689.48,1,1,2,4,Lost
18196.0,2011-09-05 16:22:00,5505.89695672458,2,689.13,1,1,2,4,Lost
17502.0,2011-11-30 13:13:00,5420.0282067246735,4,689.1,1,1,2,4,Lost
13799.0,2011-08-15 12:07:00,5527.074040057603,2,688.86,1,1,2,4,Lost
16642.0,2011-12-05 11:31:00,5415.099040057976,2,688.33,1,1,2,4,Lost
12658.0,2011-11-21 10:22:00,5429.14695672458,1,686.05,1,1,2,4,Lost
16122.0,2011-09-27 15:34:00,5483.9302900577895,4,684.42,1,1,2,4,Lost
16495.0,2011-12-06 13:20:00,5414.0233456133865,3,684.41,1,1,2,4,Lost
15669.0,2011-10-30 16:03:00,5450.910151168704,4,684.34,1,1,2,4,Lost
12942.0,2011-07-31 14:39:00,5541.968484502286,3,683.9,1,1,2,4,Lost
14222.0,2011-06-15 16:42:00,5587.883067835588,1,683.17,1,1,2,4,Lost
12838.0,2011-11-06 12:20:00,5444.065012279898,2,683.13,1,1,2,4,Lost
15582.0,2011-11-15 09:55:00,5435.165706724394,3,682.91,1,1,2,4,Lost
13548.0,2011-09-04 14:50:00,5506.9608456133865,2,682.41,1,1,2,4,Lost
12478.0,2011-12-06 09:56:00,5414.165012279991,1,680.99,1,1,2,4,Lost
16872.0,2011-09-23 16:05:00,5487.908762279898,3,680.02,1,1,2,4,Lost
15322.0,2011-09-15 09:34:00,5496.1802900577895,1,679.68,1,1,2,4,Lost
13430.0,2011-11-21 08:19:00,5429.232373391278,2,679.45,1,1,2,4,Lost
14788.0,2011-12-02 17:06:00,5417.866401168983,2,679.44,1,1,2,4,Lost
17994.0,2011-08-10 11:41:00,5532.09209561348,4,678.49,1,1,2,4,Lost
13925.0,2011-09-08 12:47:00,5503.046262280084,4,678.25,1,1,2,4,Lost
13607.0,2011-10-30 16:17:00,5450.900428946596,1,678.01,1,1,2,4,Lost
13388.0,2011-07-31 12:52:00,5542.042790057603,2,677.1,1,1,2,4,Lost
13040.0,2011-12-01 10:38:00,5419.1358456132,2,676.99,1,1,2,4,Lost
16377.0,2011-03-17 15:41:00,5677.9254289465025,1,676.2,1,1,2,4,Lost
15626.0,2011-09-26 10:03:00,5485.160151168704,2,675.8,1,1,2,4,Lost
17462.0,2011-10-10 13:56:00,5470.99834561348,2,675.69,1,1,2,4,Lost
13325.0,2011-09-19 10:36:00,5492.137234502006,1,675.3,1,1,2,4,Lost
16418.0,2011-10-26 12:39:00,5455.051817835774,3,675.27,1,1,2,4,Lost
13355.0,2011-08-09 14:48:00,5532.962234502193,1,674.7,1,1,2,4,Lost
13464.0,2011-10-12 15:01:00,5468.953206724487,1,674.68,1,1,2,4,Lost
17749.0,2011-06-14 15:45:00,5588.92265116889,2,674.52,1,1,2,4,Lost
13951.0,2011-06-16 16:43:00,5586.882373391185,3,674.45,1,1,2,4,Lost
14504.0,2011-10-23 16:00:00,5457.912234502379,4,673.26,1,1,2,4,Lost
18121.0,2011-07-13 12:53:00,5560.0420956132,2,673.1,1,1,2,4,Lost
14628.0,2011-09-09 14:58:00,5501.955290057696,2,671.96,1,1,2,4,Lost
17883.0,2011-12-06 17:49:00,5413.8365400577895,4,671.77,1,1,2,4,Lost
12638.0,2011-11-06 13:11:00,5444.02959561348,1,671.69,1,1,2,4,Lost
17299.0,2011-11-28 12:01:00,5422.078206724487,4,669.11,1,1,2,4,Lost
12418.0,2011-08-19 11:08:00,5523.115012280177,1,668.58,1,1,2,4,Lost
14342.0,2011-11-18 13:21:00,5432.022651168983,4,668.56,1,1,2,4,Lost
13741.0,2011-09-29 09:19:00,5482.190706724301,3,668.43,1,1,2,4,Lost
16383.0,2011-09-26 12:45:00,5485.04765116889,2,668.36,1,1,2,4,Lost
15031.0,2011-12-05 14:19:00,5414.982373391278,4,668.14,1,1,2,4,Lost
18022.0,2011-11-04 12:45:00,5446.04765116889,1,668.11,1,1,2,4,Lost
16268.0,2011-09-29 18:30:00,5481.808067835402,2,667.65,1,1,2,4,Lost
15969.0,2011-12-07 11:06:00,5413.116401168983,3,666.1,1,1,2,4,Lost
17777.0,2011-11-15 12:02:00,5435.077512280084,3,665.86,1,1,2,4,Lost
17105.0,2011-07-03 15:53:00,5569.9170956132,2,665.78,1,1,2,4,Lost
16056.0,2011-10-25 15:19:00,5455.940706724301,1,664.85,1,1,2,4,Lost
13963.0,2011-02-04 14:43:00,5718.9657067246735,4,664.54,1,1,2,4,Lost
16208.0,2011-10-26 11:36:00,5455.095567835495,2,664.26,1,1,2,4,Lost
15643.0,2011-06-01 07:38:00,5602.2608456132,3,664.0,1,1,2,4,Lost
14720.0,2011-12-04 12:02:00,5416.077512280084,3,663.81,1,1,2,4,Lost
13240.0,2011-09-04 14:08:00,5506.990012280177,4,663.65,1,1,2,4,Lost
16573.0,2011-09-16 09:13:00,5495.194873391185,2,663.61,1,1,2,4,Lost
14451.0,2011-10-10 13:38:00,5471.0108456132,2,662.59,1,1,2,4,Lost
16014.0,2011-11-02 12:04:00,5448.076123391278,3,662.38,1,1,2,4,Lost
18218.0,2011-05-12 12:53:00,5622.0420956132,2,662.08,1,1,2,4,Lost
16774.0,2011-10-03 12:41:00,5478.0504289465025,4,661.52,1,1,2,4,Lost
13028.0,2011-11-17 11:10:00,5433.113623390906,2,661.32,1,1,2,4,Lost
14603.0,2011-03-10 10:27:00,5685.143484502099,1,660.0,1,1,2,4,Lost
15492.0,2011-11-11 14:53:00,5438.958762280177,2,659.46,1,1,2,4,Lost
13518.0,2011-09-15 10:29:00,5496.142095613293,1,659.44,1,1,2,4,Lost
13759.0,2011-11-06 14:47:00,5443.962928946596,2,659.41,1,1,2,4,Lost
16357.0,2011-11-06 16:04:00,5443.909456724301,3,658.88,1,1,2,4,Lost
14150.0,2011-11-04 10:05:00,5446.158762279898,2,658.64,1,1,2,4,Lost
17779.0,2011-11-18 14:15:00,5431.98515116889,3,658.57,1,1,2,4,Lost
16696.0,2011-07-27 14:23:00,5545.9795956132,4,657.9,1,1,2,4,Lost
12577.0,2011-11-04 13:24:00,5446.020567835774,3,657.8,1,1,2,4,Lost
14818.0,2011-09-27 11:01:00,5484.119873390999,3,657.8,1,1,2,4,Lost
15648.0,2011-05-19 15:53:00,5614.9170956132,2,657.35,1,1,2,4,Lost
17459.0,2011-10-27 13:25:00,5454.019873390906,2,657.3,1,1,2,4,Lost
15677.0,2011-10-21 15:36:00,5459.928901168983,1,657.23,1,1,2,4,Lost
16157.0,2011-11-24 11:41:00,5426.09209561348,3,656.69,1,1,2,4,Lost
13049.0,2011-10-06 15:31:00,5474.932373390999,2,656.68,1,1,2,4,Lost
16708.0,2011-10-25 12:20:00,5456.065012279898,1,656.63,1,1,2,4,Lost
16127.0,2011-10-31 13:58:00,5449.9969567246735,1,656.25,1,1,2,4,Lost
14894.0,2011-09-15 13:51:00,5496.001817835495,1,655.75,1,1,2,4,Lost
16444.0,2011-10-24 13:50:00,5457.002512279898,4,654.67,1,1,2,4,Lost
14651.0,2011-10-03 15:52:00,5477.917790057603,2,654.6,1,1,2,4,Lost
17398.0,2011-08-17 09:48:00,5525.170567835681,3,653.38,1,1,2,4,Lost
18151.0,2011-07-28 11:35:00,5545.096262279898,2,653.35,1,1,2,4,Lost
13496.0,2011-11-29 10:58:00,5421.1219567246735,2,653.33,1,1,2,4,Lost
15205.0,2011-09-15 19:36:00,5495.762234502006,2,653.24,1,1,2,4,Lost
14044.0,2011-11-13 12:05:00,5437.075428946875,4,652.82,1,1,2,4,Lost
14548.0,2011-07-12 12:19:00,5561.065706724301,2,652.8,1,1,2,4,Lost
17523.0,2011-11-28 13:20:00,5422.0233456133865,4,652.74,1,1,2,4,Lost
14034.0,2011-11-17 14:02:00,5432.994178946596,3,651.82,1,1,2,4,Lost
16734.0,2011-10-18 13:44:00,5463.006678946782,3,650.51,1,1,2,4,Lost
15571.0,2011-11-28 10:02:00,5422.160845613107,4,650.43,1,1,2,4,Lost
16469.0,2011-11-16 12:25:00,5434.061540057883,4,650.43,1,1,2,4,Lost
16969.0,2011-10-31 13:12:00,5450.028901169077,3,650.41,1,1,2,4,Lost
17373.0,2011-10-30 15:28:00,5450.9344567246735,4,646.92,1,1,2,4,Lost
12589.0,2011-11-11 10:19:00,5439.1490400577895,2,646.68,1,1,2,4,Lost
15651.0,2011-11-03 08:41:00,5447.21709561348,3,646.3,1,1,2,4,Lost
17545.0,2011-10-27 14:04:00,5453.9927900577895,3,645.96,1,1,2,4,Lost
14855.0,2011-08-12 14:02:00,5529.994178946596,2,645.65,1,1,2,4,Lost
12719.0,2011-12-04 13:45:00,5416.005984502379,2,644.95,1,1,2,4,Lost
17312.0,2011-07-24 11:52:00,5549.08445672458,3,644.3,1,1,2,4,Lost
16431.0,2011-05-10 14:09:00,5623.989317835774,3,642.81,1,1,2,4,Lost
14020.0,2011-11-23 09:22:00,5427.188623391092,2,642.8,1,1,2,4,Lost
13034.0,2011-10-16 12:21:00,5465.064317835495,2,642.77,1,1,2,4,Lost
15384.0,2011-06-23 10:57:00,5580.122651169077,2,642.41,1,1,2,4,Lost
17046.0,2011-07-05 14:24:00,5567.978901168797,1,642.02,1,1,2,4,Lost
15297.0,2011-11-29 16:32:00,5420.890012280084,3,641.94,1,1,2,4,Lost
12365.0,2011-02-21 14:04:00,5701.9927900577895,2,641.38,1,1,2,4,Lost
12624.0,2011-08-25 15:04:00,5516.951123391278,2,641.13,1,1,2,4,Lost
13417.0,2011-12-05 08:49:00,5415.2115400577895,2,640.83,1,1,2,4,Lost
13318.0,2011-12-08 18:51:00,5411.793484502006,3,640.76,1,1,2,4,Lost
12631.0,2011-10-13 13:53:00,5468.000428946689,1,640.5,1,1,2,4,Lost
14301.0,2011-08-14 15:33:00,5527.930984502193,1,640.14,1,1,2,4,Lost
15919.0,2011-11-20 11:28:00,5430.101123391185,2,639.89,1,1,2,4,Lost
17515.0,2011-11-08 14:04:00,5441.9927900577895,4,639.02,1,1,2,4,Lost
18160.0,2011-10-13 15:50:00,5467.919178946875,2,638.06,1,1,2,4,Lost
14754.0,2011-10-26 12:01:00,5455.078206724487,2,638.05,1,1,2,4,Lost
14664.0,2011-11-20 10:59:00,5430.121262279805,2,637.89,1,1,2,4,Lost
14128.0,2011-10-10 12:00:00,5471.07890116889,2,637.5,1,1,2,4,Lost
14481.0,2011-06-28 10:38:00,5575.1358456132,2,636.51,1,1,2,4,Lost
15829.0,2011-09-01 16:45:00,5509.880984502379,2,636.14,1,1,2,4,Lost
15773.0,2011-12-04 12:48:00,5416.045567835681,1,635.68,1,1,2,4,Lost
14000.0,2011-05-12 16:50:00,5621.877512279898,1,635.66,1,1,2,4,Lost
16139.0,2011-11-21 08:37:00,5429.219873391092,3,635.41,1,1,2,4,Lost
17985.0,2011-11-17 14:24:00,5432.978901168797,1,634.95,1,1,2,4,Lost
13892.0,2011-11-13 11:50:00,5437.0858456133865,4,632.97,1,1,2,4,Lost
14220.0,2011-04-06 13:23:00,5658.021262280177,2,632.4,1,1,2,4,Lost
18183.0,2011-04-26 15:26:00,5637.93584561348,2,632.07,1,1,2,4,Lost
13822.0,2011-12-04 12:13:00,5416.069873391185,2,632.0,1,1,2,4,Lost
14021.0,2011-07-07 15:46:00,5565.921956724487,3,631.9,1,1,2,4,Lost
15244.0,2011-10-05 13:19:00,5476.0240400577895,2,631.57,1,1,2,4,Lost
13539.0,2011-09-15 10:18:00,5496.149734502193,3,631.34,1,1,2,4,Lost
17990.0,2011-04-17 11:44:00,5647.090012279805,3,630.84,1,1,2,4,Lost
13046.0,2011-11-09 08:36:00,5441.220567835495,2,629.31,1,1,2,4,Lost
13525.0,2011-11-25 12:01:00,5425.078206724487,2,628.78,1,1,2,4,Lost
14687.0,2011-08-25 11:59:00,5517.079595613293,1,628.38,1,1,2,4,Lost
16022.0,2011-03-24 13:16:00,5671.026123390999,1,628.28,1,1,2,4,Lost
15028.0,2011-12-01 14:06:00,5418.991401168983,4,627.13,1,1,2,4,Lost
13546.0,2011-11-27 14:50:00,5422.9608456133865,3,626.99,1,1,2,4,Lost
15402.0,2011-07-14 12:17:00,5559.067095613107,2,626.77,1,1,2,4,Lost
14036.0,2011-02-28 09:26:00,5695.18584561348,1,626.65,1,1,2,4,Lost
13914.0,2011-11-28 10:35:00,5422.137928946875,2,626.45,1,1,2,4,Lost
14382.0,2011-11-13 16:18:00,5436.899734502193,1,626.07,1,1,2,4,Lost
16718.0,2010-12-05 13:03:00,5780.035151168704,1,623.75,1,1,2,4,Lost
12649.0,2011-08-24 14:41:00,5517.96709561348,3,623.51,1,1,2,4,Lost
15147.0,2011-04-13 15:57:00,5650.914317835588,1,623.5,1,1,2,4,Lost
13368.0,2011-03-28 09:59:00,5667.162928946782,2,623.4,1,1,2,4,Lost
15258.0,2011-06-24 12:30:00,5579.058067835402,2,623.16,1,1,2,4,Lost
17499.0,2011-02-23 09:14:00,5700.194178946782,1,622.88,1,1,2,4,Lost
15182.0,2011-07-08 13:37:00,5565.011540057603,2,622.85,1,1,2,4,Lost
15768.0,2011-08-16 10:48:00,5526.128901168704,3,621.83,1,1,2,4,Lost
18217.0,2011-11-10 13:18:00,5440.024734502193,2,621.75,1,1,2,4,Lost
17640.0,2011-09-14 09:13:00,5497.194873391185,1,621.66,1,1,2,4,Lost
14152.0,2011-09-25 12:54:00,5486.041401168797,2,621.29,1,1,2,4,Lost
13402.0,2011-08-04 15:51:00,5537.918484502006,2,621.23,1,1,2,4,Lost
16141.0,2011-09-12 13:11:00,5499.02959561348,1,620.4,1,1,2,4,Lost
12667.0,2011-10-12 17:00:00,5468.870567835402,1,620.13,1,1,2,4,Lost
14529.0,2011-10-10 15:27:00,5470.935151169077,3,620.04,1,1,2,4,Lost
13493.0,2011-03-09 15:35:00,5685.9295956133865,2,618.63,1,1,2,4,Lost
16613.0,2011-09-30 15:52:00,5480.917790057603,1,618.59,1,1,2,4,Lost
13145.0,2011-10-31 12:45:00,5450.04765116889,4,618.52,1,1,2,4,Lost
12596.0,2011-10-19 13:02:00,5462.035845613107,2,618.27,1,1,2,4,Lost
13301.0,2011-08-28 11:25:00,5514.103206724394,4,618.09,1,1,2,4,Lost
16134.0,2011-11-18 10:05:00,5432.158762279898,2,618.09,1,1,2,4,Lost
14593.0,2011-11-18 12:48:00,5432.045567835681,3,617.99,1,1,2,4,Lost
14377.0,2011-06-01 13:32:00,5602.015012280084,2,617.05,1,1,2,4,Lost
16442.0,2011-12-08 11:43:00,5412.0907067246735,3,616.79,1,1,2,4,Lost
16311.0,2011-11-22 08:54:00,5428.208067835774,2,616.26,1,1,2,4,Lost
14905.0,2011-07-05 12:41:00,5568.0504289465025,2,616.15,1,1,2,4,Lost
16005.0,2011-11-27 13:47:00,5423.004595613107,4,615.39,1,1,2,4,Lost
15275.0,2011-11-02 11:20:00,5448.106678946875,1,615.14,1,1,2,4,Lost
16116.0,2011-05-12 12:01:00,5622.078206724487,1,612.78,1,1,2,4,Lost
12513.0,2011-08-19 10:51:00,5523.126817835495,1,612.29,1,1,2,4,Lost
18149.0,2011-10-20 12:04:00,5461.076123391278,3,612.08,1,1,2,4,Lost
15232.0,2011-08-18 16:27:00,5523.893484502099,2,612.06,1,1,2,4,Lost
15645.0,2011-11-21 11:55:00,5429.082373390906,1,612.01,1,1,2,4,Lost
16109.0,2011-05-05 09:17:00,5629.192095613107,2,611.88,1,1,2,4,Lost
16763.0,2011-05-25 11:52:00,5609.08445672458,1,611.85,1,1,2,4,Lost
13731.0,2011-05-04 14:33:00,5629.972651168704,2,610.59,1,1,2,4,Lost
12673.0,2011-12-04 13:55:00,5415.999040057883,2,610.52,1,1,2,4,Lost
15795.0,2011-07-13 10:43:00,5560.132373391185,1,610.01,1,1,2,4,Lost
13357.0,2011-03-27 13:56:00,5667.99834561348,1,609.95,1,1,2,4,Lost
14636.0,2011-11-03 16:12:00,5446.903901169077,2,609.85,1,1,2,4,Lost
13933.0,2011-08-22 14:03:00,5519.993484502193,2,608.79,1,1,2,4,Lost
12933.0,2011-11-15 16:38:00,5434.8858456132,3,607.53,1,1,2,4,Lost
15573.0,2011-11-08 11:38:00,5442.094178946689,2,607.45,1,1,2,4,Lost
17119.0,2011-12-06 14:40:00,5413.967790057883,2,606.91,1,1,2,4,Lost
14710.0,2011-11-25 14:53:00,5424.958762280177,4,606.13,1,1,2,4,Lost
17849.0,2011-05-05 13:46:00,5629.005290057976,4,605.8,1,1,2,4,Lost
14133.0,2011-08-02 11:34:00,5540.096956724301,3,605.64,1,1,2,4,Lost
13888.0,2011-08-12 10:13:00,5530.1532067246735,2,605.63,1,1,2,4,Lost
17507.0,2011-03-23 11:48:00,5672.087234502193,2,605.58,1,1,2,4,Lost
13233.0,2011-09-26 13:25:00,5485.019873390906,2,605.12,1,1,2,4,Lost
13558.0,2011-12-04 11:24:00,5416.103901168797,4,605.06,1,1,2,4,Lost
14323.0,2011-08-17 11:37:00,5525.094873391092,2,605.06,1,1,2,4,Lost
14675.0,2011-11-23 12:58:00,5427.038623391185,1,604.75,1,1,2,4,Lost
17664.0,2011-11-21 11:29:00,5429.100428946782,2,604.64,1,1,2,4,Lost
12944.0,2011-11-04 11:04:00,5446.1177900577895,2,604.51,1,1,2,4,Lost
16732.0,2011-11-08 09:54:00,5442.166401168797,1,603.75,1,1,2,4,Lost
12556.0,2011-10-20 13:06:00,5461.033067835495,2,603.71,1,1,2,4,Lost
12707.0,2011-02-21 08:38:00,5702.219178946689,1,603.42,1,1,2,4,Lost
17259.0,2011-07-14 15:01:00,5558.953206724487,2,603.37,1,1,2,4,Lost
15366.0,2011-09-25 15:01:00,5485.953206724487,2,602.51,1,1,2,4,Lost
17890.0,2011-01-21 11:19:00,5733.107373391278,2,602.09,1,1,2,4,Lost
14609.0,2011-09-28 12:54:00,5483.041401168797,4,601.56,1,1,2,4,Lost
16654.0,2011-07-21 15:23:00,5551.937928946689,4,601.27,1,1,2,4,Lost
12420.0,2011-10-07 08:55:00,5474.207373390906,1,600.39,1,1,2,4,Lost
13243.0,2011-05-20 13:14:00,5614.027512279805,1,600.07,1,1,2,4,Lost
12872.0,2011-01-17 10:52:00,5737.126123391092,2,599.97,1,1,2,4,Lost
12521.0,2011-07-20 10:51:00,5553.126817835495,1,599.68,1,1,2,4,Lost
14965.0,2011-09-04 13:20:00,5507.0233456133865,2,599.0,1,1,2,4,Lost
17420.0,2011-10-20 14:52:00,5460.95945672458,3,598.83,1,1,2,4,Lost
14467.0,2011-11-22 12:48:00,5428.045567835681,4,598.76,1,1,2,4,Lost
15720.0,2011-11-15 14:48:00,5434.962234502193,1,598.73,1,1,2,4,Lost
13311.0,2011-12-05 12:55:00,5415.040706724394,2,598.57,1,1,2,4,Lost
13959.0,2011-09-21 15:06:00,5489.949734502006,3,598.2,1,1,2,4,Lost
16298.0,2011-11-17 11:59:00,5433.079595613293,3,598.2,1,1,2,4,Lost
14108.0,2011-11-09 10:41:00,5441.133762279991,2,597.91,1,1,2,4,Lost
17864.0,2011-11-27 11:15:00,5423.11015116889,3,597.5,1,1,2,4,Lost
16788.0,2011-08-08 14:53:00,5533.958762280177,2,597.48,1,1,2,4,Lost
14645.0,2011-07-06 09:15:00,5567.193484502379,2,597.09,1,1,2,4,Lost
15381.0,2011-05-10 11:55:00,5624.082373390906,2,596.85,1,1,2,4,Lost
18246.0,2011-11-16 11:49:00,5434.0865400577895,2,596.1,1,1,2,4,Lost
17658.0,2011-11-14 12:07:00,5436.074040057603,2,595.42,1,1,2,4,Lost
14284.0,2011-11-09 08:11:00,5441.2379289465025,2,595.25,1,1,2,4,Lost
16325.0,2011-10-24 08:48:00,5457.212234502193,3,594.24,1,1,2,4,Lost
12917.0,2011-08-03 16:42:00,5538.883067835588,1,594.0,1,1,2,4,Lost
15442.0,2011-04-05 12:24:00,5659.062234502286,1,594.0,1,1,2,4,Lost
16535.0,2011-12-04 15:18:00,5415.941401168704,1,593.75,1,1,2,4,Lost
18232.0,2011-09-19 11:49:00,5492.0865400577895,4,592.97,1,1,2,4,Lost
16203.0,2011-10-12 12:31:00,5469.057373390999,4,592.9,1,1,2,4,Lost
14692.0,2011-07-25 15:08:00,5547.9483456132,4,591.55,1,1,2,4,Lost
13276.0,2011-10-07 12:44:00,5474.048345613293,2,590.93,1,1,2,4,Lost
13270.0,2010-12-08 14:53:00,5776.958762280177,1,590.0,1,1,2,4,Lost
13452.0,2011-03-25 14:19:00,5669.982373391278,2,590.0,1,1,2,4,Lost
14882.0,2011-11-13 12:47:00,5437.046262280084,2,589.7,1,1,2,4,Lost
18123.0,2011-11-15 14:23:00,5434.9795956132,2,589.44,1,1,2,4,Lost
16723.0,2011-09-09 13:01:00,5502.036540057976,2,589.15,1,1,2,4,Lost
16838.0,2011-05-26 13:13:00,5608.0282067246735,2,588.85,1,1,2,4,Lost
14338.0,2011-07-01 14:08:00,5571.990012280177,2,588.22,1,1,2,4,Lost
15624.0,2011-08-15 11:38:00,5527.094178946689,4,588.13,1,1,2,4,Lost
17351.0,2011-11-03 18:45:00,5446.79765116889,3,587.15,1,1,2,4,Lost
17014.0,2011-12-01 14:09:00,5418.989317835774,3,586.33,1,1,2,4,Lost
17360.0,2011-11-22 13:11:00,5428.02959561348,3,585.79,1,1,2,4,Lost
12384.0,2011-11-11 08:39:00,5439.218484502286,2,585.27,1,1,2,4,Lost
15222.0,2011-01-25 08:03:00,5729.243484502193,1,585.0,1,1,2,4,Lost
16384.0,2011-09-11 11:19:00,5500.107373391278,2,584.5,1,1,2,4,Lost
16072.0,2011-02-24 14:32:00,5698.973345613107,1,584.32,1,1,2,4,Lost
14023.0,2011-12-02 13:58:00,5417.9969567246735,2,584.07,1,1,2,4,Lost
13557.0,2011-11-11 15:24:00,5438.937234502286,2,584.06,1,1,2,4,Lost
15762.0,2011-10-05 16:15:00,5475.901817835402,2,583.75,1,1,2,4,Lost
12426.0,2011-05-29 12:26:00,5605.06084561348,1,582.73,1,1,2,4,Lost
13427.0,2011-11-20 13:02:00,5430.035845613107,3,582.6,1,1,2,4,Lost
17970.0,2011-05-12 20:03:00,5621.743484502193,1,582.59,1,1,2,4,Lost
12695.0,2011-12-02 13:22:00,5418.02195672458,4,582.1,1,1,2,4,Lost
18095.0,2011-01-31 12:50:00,5723.044178946875,2,580.05,1,1,2,4,Lost
16906.0,2011-09-19 11:49:00,5492.0865400577895,4,579.77,1,1,2,4,Lost
17142.0,2011-04-14 18:22:00,5649.813623391092,1,579.0,1,1,2,4,Lost
13292.0,2011-11-01 10:04:00,5449.159456724301,2,578.94,1,1,2,4,Lost
17540.0,2011-11-15 11:56:00,5435.0816789465025,2,578.9,1,1,2,4,Lost
14176.0,2011-02-15 13:12:00,5708.028901169077,4,576.9,1,1,2,4,Lost
16916.0,2011-11-16 12:08:00,5434.0733456132,2,576.26,1,1,2,4,Lost
15830.0,2011-11-02 10:40:00,5448.134456724394,1,576.0,1,1,2,4,Lost
15550.0,2011-12-05 15:38:00,5414.927512280177,4,575.63,1,1,2,4,Lost
16345.0,2011-10-26 16:03:00,5454.910151168704,1,575.41,1,1,2,4,Lost
13487.0,2011-10-13 12:07:00,5468.074040057603,3,575.4,1,1,2,4,Lost
14167.0,2011-10-31 14:29:00,5449.975428946782,4,574.84,1,1,2,4,Lost
14400.0,2011-07-13 15:50:00,5559.919178946875,1,574.7,1,1,2,4,Lost
12784.0,2011-11-30 15:38:00,5419.927512280177,2,574.42,1,1,2,4,Lost
15339.0,2011-10-04 12:51:00,5477.043484502006,2,574.07,1,1,2,4,Lost
15303.0,2011-02-22 13:59:00,5700.996262279805,1,574.02,1,1,2,4,Lost
12879.0,2011-10-26 12:24:00,5455.062234502286,3,573.22,1,1,2,4,Lost
15415.0,2011-01-30 14:13:00,5723.986540057696,1,572.81,1,1,2,4,Lost
13379.0,2011-11-13 13:45:00,5437.005984502379,3,572.56,1,1,2,4,Lost
13405.0,2011-09-26 17:01:00,5484.869873390999,3,572.45,1,1,2,4,Lost
12816.0,2011-09-05 12:41:00,5506.0504289465025,2,572.2,1,1,2,4,Lost
13816.0,2011-11-16 08:38:00,5434.219178946689,2,571.67,1,1,2,4,Lost
17616.0,2011-06-19 10:11:00,5584.15459561348,3,571.2,1,1,2,4,Lost
15821.0,2011-10-26 15:48:00,5454.920567835681,2,570.96,1,1,2,4,Lost
15315.0,2011-10-06 12:51:00,5475.043484502006,2,570.5,1,1,2,4,Lost
14592.0,2011-11-04 16:35:00,5445.887928946875,3,570.46,1,1,2,4,Lost
16667.0,2011-10-02 15:26:00,5478.93584561348,2,570.13,1,1,2,4,Lost
13939.0,2011-11-16 13:33:00,5434.014317835681,3,568.55,1,1,2,4,Lost
13321.0,2011-09-28 15:24:00,5482.937234502286,2,567.36,1,1,2,4,Lost
17897.0,2011-06-20 11:23:00,5583.1045956132,3,566.6,1,1,2,4,Lost
18150.0,2011-11-07 16:49:00,5442.878206724301,3,566.58,1,1,2,4,Lost
16278.0,2011-08-31 17:12:00,5510.862234502099,1,566.38,1,1,2,4,Lost
13894.0,2011-11-16 09:44:00,5434.173345613293,3,564.62,1,1,2,4,Lost
15344.0,2011-12-09 10:45:00,5411.130984502379,3,563.94,1,1,2,4,Lost
16933.0,2011-12-08 12:54:00,5412.041401168797,2,563.23,1,1,2,4,Lost
14753.0,2011-09-13 14:50:00,5497.9608456133865,1,563.15,1,1,2,4,Lost
17265.0,2011-07-24 10:49:00,5549.128206724301,2,562.9,1,1,2,4,Lost
12414.0,2011-05-06 14:51:00,5627.960151168983,3,562.41,1,1,2,4,Lost
12559.0,2011-02-02 09:49:00,5721.169873391278,2,561.71,1,1,2,4,Lost
13946.0,2011-09-21 13:33:00,5490.014317835681,3,561.57,1,1,2,4,Lost
15655.0,2011-04-10 15:25:00,5653.936540057883,1,560.67,1,1,2,4,Lost
13044.0,2011-02-21 15:20:00,5701.940012279898,1,560.47,1,1,2,4,Lost
14273.0,2011-10-19 13:20:00,5462.0233456133865,4,559.97,1,1,2,4,Lost
16275.0,2011-05-27 12:41:00,5607.0504289465025,1,559.87,1,1,2,4,Lost
18043.0,2011-11-15 12:48:00,5435.045567835681,3,559.51,1,1,2,4,Lost
14177.0,2011-09-14 15:11:00,5496.946262279991,4,559.41,1,1,2,4,Lost
12866.0,2011-03-01 14:11:00,5693.9879289465025,1,559.12,1,1,2,4,Lost
17503.0,2011-12-07 09:18:00,5413.191401168704,2,558.96,1,1,2,4,Lost
12987.0,2011-09-27 12:03:00,5484.076817835681,2,558.7,1,1,2,4,Lost
13800.0,2011-02-03 12:27:00,5720.060151169077,1,558.32,1,1,2,4,Lost
13260.0,2011-10-09 13:21:00,5472.022651168983,1,557.62,1,1,2,4,Lost
17955.0,2011-05-25 12:00:00,5609.07890116889,4,557.3,1,1,2,4,Lost
17295.0,2011-11-11 10:49:00,5439.128206724301,3,556.95,1,1,2,4,Lost
16385.0,2011-10-10 13:12:00,5471.028901169077,3,555.89,1,1,2,4,Lost
14805.0,2011-11-24 16:20:00,5425.8983456133865,4,554.65,1,1,2,4,Lost
14891.0,2011-07-14 18:08:00,5558.8233456132,2,554.38,1,1,2,4,Lost
14618.0,2011-11-30 13:45:00,5420.005984502379,3,553.44,1,1,2,4,Lost
15068.0,2011-10-24 14:47:00,5456.962928946596,2,553.36,1,1,2,4,Lost
12363.0,2011-08-22 10:18:00,5520.149734502193,2,552.0,1,1,2,4,Lost
17674.0,2011-09-26 13:35:00,5485.012928946875,2,551.04,1,1,2,4,Lost
17291.0,2011-02-04 13:04:00,5719.034456724301,1,550.8,1,1,2,4,Lost
17235.0,2011-11-14 15:51:00,5435.918484502006,2,550.06,1,1,2,4,Lost
12390.0,2011-09-21 09:33:00,5490.180984502193,1,549.84,1,1,2,4,Lost
16340.0,2011-08-24 14:53:00,5517.958762280177,1,549.07,1,1,2,4,Lost
16536.0,2011-08-21 15:54:00,5520.916401168797,1,548.97,1,1,2,4,Lost
16031.0,2011-09-08 13:07:00,5503.032373391092,2,548.94,1,1,2,4,Lost
14474.0,2011-10-24 13:26:00,5457.0191789465025,1,547.66,1,1,2,4,Lost
16811.0,2011-12-05 11:39:00,5415.093484502286,2,547.07,1,1,2,4,Lost
17637.0,2011-11-08 12:51:00,5442.043484502006,2,547.06,1,1,2,4,Lost
16211.0,2011-09-12 12:11:00,5499.071262279991,1,547.02,1,1,2,4,Lost
17520.0,2011-10-17 12:04:00,5464.076123391278,1,546.81,1,1,2,4,Lost
12743.0,2011-07-28 16:21:00,5544.897651168983,2,546.43,1,1,2,4,Lost
14997.0,2011-10-24 13:28:00,5457.017790057696,3,546.2,1,1,2,4,Lost
17806.0,2011-11-28 14:12:00,5421.987234502099,1,546.04,1,1,2,4,Lost
12793.0,2011-01-09 12:12:00,5745.070567835588,2,545.48,1,1,2,4,Lost
16475.0,2011-09-12 14:37:00,5498.969873391092,4,544.3,1,1,2,4,Lost
13617.0,2011-10-30 13:50:00,5451.002512279898,3,544.18,1,1,2,4,Lost
13390.0,2011-09-26 08:38:00,5485.219178946689,1,544.08,1,1,2,4,Lost
16927.0,2011-08-16 11:10:00,5526.113623390906,3,543.05,1,1,2,4,Lost
13278.0,2011-10-30 11:49:00,5451.0865400577895,1,542.73,1,1,2,4,Lost
16230.0,2011-06-03 10:06:00,5600.158067835495,2,542.03,1,1,2,4,Lost
17447.0,2011-10-30 14:18:00,5450.983067835681,2,541.53,1,1,2,4,Lost
17557.0,2011-11-25 12:57:00,5425.039317835588,3,541.46,1,1,2,4,Lost
13874.0,2010-12-16 18:20:00,5768.815012279898,1,540.45,1,1,2,4,Lost
13812.0,2011-10-28 14:27:00,5452.976817835588,3,539.0,1,1,2,4,Lost
14496.0,2011-02-01 09:01:00,5722.203206724487,2,538.81,1,1,2,4,Lost
15452.0,2011-11-10 12:13:00,5440.069873391185,3,538.73,1,1,2,4,Lost
15469.0,2011-10-20 16:21:00,5460.897651168983,2,538.55,1,1,2,4,Lost
15539.0,2011-12-02 13:36:00,5418.012234502006,1,538.46,1,1,2,4,Lost
17062.0,2011-01-30 11:01:00,5724.119873390999,4,538.37,1,1,2,4,Lost
17345.0,2011-11-24 15:03:00,5425.951817835681,4,537.74,1,1,2,4,Lost
14539.0,2011-11-24 09:50:00,5426.169178946875,2,537.48,1,1,2,4,Lost
16206.0,2011-10-16 10:41:00,5465.133762279991,4,537.06,1,1,2,4,Lost
15043.0,2011-11-08 14:26:00,5441.977512279991,1,537.0,1,1,2,4,Lost
16804.0,2011-11-16 16:43:00,5433.882373391185,3,536.99,1,1,2,4,Lost
16233.0,2011-09-29 17:27:00,5481.851817835588,3,536.68,1,1,2,4,Lost
15535.0,2011-06-19 16:02:00,5583.910845613107,4,536.4,1,1,2,4,Lost
16142.0,2011-04-04 10:16:00,5660.151123390999,1,535.34,1,1,2,4,Lost
12988.0,2011-02-20 14:31:00,5702.974040057976,1,535.32,1,1,2,4,Lost
13000.0,2011-08-25 10:43:00,5517.132373391185,3,534.85,1,1,2,4,Lost
13385.0,2011-01-14 09:52:00,5740.167790057603,1,534.57,1,1,2,4,Lost
13434.0,2011-09-26 14:30:00,5484.974734502379,2,534.24,1,1,2,4,Lost
17443.0,2011-05-04 10:47:00,5630.129595613107,1,534.24,1,1,2,4,Lost
13217.0,2011-08-09 15:32:00,5532.931678946596,3,533.98,1,1,2,4,Lost
15433.0,2011-05-10 10:45:00,5624.130984502379,2,533.3,1,1,2,4,Lost
15756.0,2011-10-09 13:30:00,5472.01640116889,4,532.96,1,1,2,4,Lost
15825.0,2011-06-20 13:27:00,5583.018484502099,1,532.94,1,1,2,4,Lost
16706.0,2011-11-02 13:50:00,5448.002512279898,3,531.35,1,1,2,4,Lost
14265.0,2011-08-22 13:32:00,5520.015012280084,2,530.18,1,1,2,4,Lost
18159.0,2011-02-11 14:26:00,5711.977512279991,1,530.15,1,1,2,4,Lost
14002.0,2011-07-28 15:55:00,5544.915706724394,2,529.73,1,1,2,4,Lost
14463.0,2011-09-02 15:20:00,5508.940012279898,3,529.62,1,1,2,4,Lost
16185.0,2011-11-23 09:41:00,5427.1754289465025,2,529.41,1,1,2,4,Lost
17631.0,2011-12-08 09:47:00,5412.171262280084,3,528.33,1,1,2,4,Lost
16602.0,2011-11-03 15:54:00,5446.916401168797,1,528.08,1,1,2,4,Lost
12479.0,2011-11-28 13:26:00,5422.0191789465025,1,527.2,1,1,2,4,Lost
17623.0,2011-11-07 11:32:00,5443.098345613107,1,527.05,1,1,2,4,Lost
18252.0,2011-10-20 12:43:00,5461.049040057696,2,526.67,1,1,2,4,Lost
17290.0,2011-12-06 12:38:00,5414.052512280177,2,525.24,1,1,2,4,Lost
17429.0,2011-08-03 13:22:00,5539.02195672458,3,524.92,1,1,2,4,Lost
15467.0,2011-11-30 14:17:00,5419.983762280084,3,524.88,1,1,2,4,Lost
15891.0,2011-04-27 12:35:00,5637.0545956133865,1,524.52,1,1,2,4,Lost
13721.0,2011-11-03 14:05:00,5446.9920956133865,1,524.14,1,1,2,4,Lost
17329.0,2011-11-25 14:24:00,5424.978901168797,2,523.11,1,1,2,4,Lost
18017.0,2011-09-19 16:15:00,5491.901817835402,3,523.0,1,1,2,4,Lost
17712.0,2011-10-26 12:28:00,5455.0594567246735,1,522.91,1,1,2,4,Lost
14871.0,2011-12-06 13:42:00,5414.008067835588,4,522.38,1,1,2,4,Lost
12863.0,2011-10-18 14:15:00,5462.98515116889,1,521.2,1,1,2,4,Lost
15149.0,2011-07-29 10:58:00,5544.1219567246735,1,520.8,1,1,2,4,Lost
14873.0,2011-05-13 13:52:00,5621.001123391092,1,519.68,1,1,2,4,Lost
12571.0,2011-10-31 10:19:00,5450.1490400577895,2,519.61,1,1,2,4,Lost
13643.0,2011-11-08 15:37:00,5441.92820672458,3,519.44,1,1,2,4,Lost
16955.0,2011-06-08 10:36:00,5595.137234502006,4,518.67,1,1,2,4,Lost
16650.0,2011-09-29 09:51:00,5482.168484502006,1,518.42,1,1,2,4,Lost
15030.0,2011-09-29 10:50:00,5482.127512279898,2,518.28,1,1,2,4,Lost
16135.0,2011-03-22 12:30:00,5673.058067835402,1,517.55,1,1,2,4,Lost
17454.0,2011-05-31 13:58:00,5602.9969567246735,4,517.53,1,1,2,4,Lost
18205.0,2011-11-03 13:22:00,5447.02195672458,2,517.36,1,1,2,4,Lost
13043.0,2011-03-11 14:52:00,5683.95945672458,1,516.42,1,1,2,4,Lost
15882.0,2011-05-25 11:35:00,5609.096262279898,4,516.36,1,1,2,4,Lost
12811.0,2011-03-24 09:42:00,5671.174734502099,3,514.85,1,1,2,4,Lost
15246.0,2011-04-15 14:45:00,5648.964317835402,2,514.15,1,1,2,4,Lost
13005.0,2011-06-19 10:53:00,5584.125428946689,2,513.7,1,1,2,4,Lost
17513.0,2011-09-28 16:42:00,5482.883067835588,1,513.2,1,1,2,4,Lost
17805.0,2011-09-27 11:49:00,5484.0865400577895,1,512.31,1,1,2,4,Lost
17480.0,2011-09-23 11:39:00,5488.093484502286,1,511.82,1,1,2,4,Lost
12582.0,2011-04-15 08:45:00,5649.214317835402,2,511.36,1,1,2,4,Lost
14851.0,2011-11-16 14:20:00,5433.981678946875,2,511.35,1,1,2,4,Lost
16561.0,2011-12-04 11:50:00,5416.0858456133865,2,511.12,1,1,2,4,Lost
15406.0,2011-11-08 13:22:00,5442.02195672458,2,510.71,1,1,2,4,Lost
12904.0,2011-11-21 14:34:00,5428.971956724301,2,509.58,1,1,2,4,Lost
12436.0,2011-09-01 12:09:00,5510.072651168797,1,509.01,1,1,2,4,Lost
16898.0,2011-11-13 15:44:00,5436.923345613293,3,508.81,1,1,2,4,Lost
15417.0,2011-09-15 15:26:00,5495.93584561348,1,508.8,1,1,2,4,Lost
17391.0,2011-06-29 09:58:00,5574.163623391185,2,508.8,1,1,2,4,Lost
14317.0,2011-10-06 10:44:00,5475.131678946782,1,508.58,1,1,2,4,Lost
17958.0,2011-08-15 12:19:00,5527.065706724301,1,508.46,1,1,2,4,Lost
17415.0,2011-09-21 12:50:00,5490.044178946875,1,507.84,1,1,2,4,Lost
14158.0,2011-10-30 15:08:00,5450.9483456132,1,507.66,1,1,2,4,Lost
14820.0,2011-11-18 15:41:00,5431.9254289465025,4,507.29,1,1,2,4,Lost
15721.0,2011-11-28 12:14:00,5422.069178946782,1,507.08,1,1,2,4,Lost
16960.0,2011-11-01 11:35:00,5449.096262279898,3,507.05,1,1,2,4,Lost
13885.0,2011-06-03 15:07:00,5599.949040057603,2,506.8,1,1,2,4,Lost
16614.0,2011-06-10 11:36:00,5593.095567835495,1,506.19,1,1,2,4,Lost
14014.0,2011-09-23 13:18:00,5488.024734502193,1,505.18,1,1,2,4,Lost
12991.0,2011-11-16 15:34:00,5433.9302900577895,2,503.76,1,1,2,4,Lost
17630.0,2011-06-23 11:58:00,5580.080290057696,2,503.6,1,1,2,4,Lost
16863.0,2011-11-08 15:26:00,5441.93584561348,2,502.8,1,1,2,4,Lost
15006.0,2011-10-19 15:08:00,5461.9483456132,1,502.09,1,1,2,4,Lost
13865.0,2011-10-12 13:31:00,5469.015706724487,4,501.56,1,1,2,4,Lost
13116.0,2011-07-24 14:33:00,5548.972651168704,1,501.14,1,1,2,4,Lost
13247.0,2011-11-22 10:59:00,5428.121262279805,4,501.12,1,1,2,4,Lost
16616.0,2011-11-24 16:31:00,5425.890706724487,2,500.42,1,1,2,4,Lost
15389.0,2011-06-20 16:18:00,5582.899734502193,1,500.0,1,1,2,4,Lost
14077.0,2011-10-30 12:35:00,5451.0545956133865,5,499.42,1,2,1,4,Lost
13092.0,2011-09-30 11:18:00,5481.108067835681,5,477.83,1,2,1,4,Lost
17869.0,2011-08-24 16:16:00,5517.901123390999,5,428.18,1,2,1,4,Lost
15938.0,2011-08-19 12:56:00,5523.040012279991,5,404.58,1,2,1,4,Lost
16500.0,2011-12-05 12:04:00,5415.076123391278,6,400.86,1,2,1,4,Lost
16321.0,2011-09-28 14:55:00,5482.957373390906,5,373.65,1,2,1,4,Lost
15107.0,2011-02-01 14:46:00,5721.963623390999,6,319.5,1,2,1,4,Lost
17912.0,2011-02-02 14:25:00,5720.978206724394,5,311.01,1,2,1,4,Lost
16668.0,2011-11-24 17:43:00,5425.8407067246735,6,306.72,1,2,1,4,Lost
13079.0,2011-12-05 16:53:00,5414.875428946689,5,220.1,1,2,1,4,Lost
17988.0,2011-11-28 11:00:00,5422.120567835402,7,201.12,1,2,1,4,Lost
18037.0,2011-07-08 13:39:00,5565.010151168797,6,70.02,1,2,1,4,Lost
14958.0,2011-07-15 14:20:00,5557.981678946875,3,499.68,1,1,1,3,Lost
15193.0,2011-10-10 08:23:00,5471.2295956132,1,499.32,1,1,1,3,Lost
14681.0,2011-09-29 15:52:00,5481.917790057603,3,498.95,1,1,1,3,Lost
16488.0,2011-11-06 13:42:00,5444.008067835588,3,498.8,1,1,1,3,Lost
15142.0,2011-10-24 12:51:00,5457.043484502006,1,498.74,1,1,1,3,Lost
17053.0,2011-08-01 10:23:00,5541.146262280177,1,498.48,1,1,1,3,Lost
17298.0,2011-08-30 16:43:00,5511.882373391185,2,498.42,1,1,1,3,Lost
16820.0,2011-09-05 12:06:00,5506.074734502006,1,497.61,1,1,1,3,Lost
17495.0,2011-12-02 12:08:00,5418.0733456132,2,497.56,1,1,1,3,Lost
16368.0,2011-12-07 13:12:00,5413.028901169077,2,497.43,1,1,1,3,Lost
15300.0,2011-10-06 17:08:00,5474.865012280177,1,496.44,1,1,1,3,Lost
15018.0,2011-11-01 12:47:00,5449.046262280084,3,496.21,1,1,1,3,Lost
17374.0,2011-05-05 09:05:00,5629.200428946875,2,495.77,1,1,1,3,Lost
15448.0,2011-01-31 10:42:00,5723.133067835588,1,494.64,1,1,1,3,Lost
16352.0,2011-11-22 10:32:00,5428.140012280084,2,494.44,1,1,1,3,Lost
17333.0,2011-09-15 10:11:00,5496.15459561348,1,494.25,1,1,1,3,Lost
12763.0,2011-07-24 14:12:00,5548.987234502099,2,494.08,1,1,1,3,Lost
15877.0,2011-12-08 11:53:00,5412.083762280177,2,493.28,1,1,1,3,Lost
13176.0,2011-10-24 15:43:00,5456.924040057696,1,492.84,1,1,1,3,Lost
14270.0,2011-01-12 09:33:00,5742.180984502193,1,492.65,1,1,1,3,Lost
15507.0,2011-06-21 11:19:00,5582.107373391278,1,492.36,1,1,1,3,Lost
13732.0,2011-11-11 15:49:00,5438.919873391278,1,491.86,1,1,1,3,Lost
14236.0,2011-09-20 09:13:00,5491.194873391185,2,490.86,1,1,1,3,Lost
15000.0,2011-10-23 11:42:00,5458.091401169077,1,490.52,1,1,1,3,Lost
14416.0,2011-11-17 15:22:00,5432.938623391092,2,490.22,1,1,1,3,Lost
18074.0,2010-12-01 09:53:00,5784.1670956132,1,489.6,1,1,1,3,Lost
12809.0,2011-06-15 10:51:00,5588.126817835495,1,489.31,1,1,1,3,Lost
17361.0,2011-10-21 15:43:00,5459.924040057696,3,488.2,1,1,1,3,Lost
14396.0,2011-10-05 16:09:00,5475.905984502286,2,487.99,1,1,1,3,Lost
15165.0,2010-12-01 14:03:00,5783.993484502193,1,487.75,1,1,1,3,Lost
16643.0,2011-04-08 08:24:00,5656.228901168797,1,487.51,1,1,1,3,Lost
13338.0,2011-07-05 09:06:00,5568.199734502006,1,487.02,1,1,1,3,Lost
13675.0,2011-07-11 12:57:00,5562.039317835588,2,486.82,1,1,1,3,Lost
17453.0,2011-11-22 09:42:00,5428.174734502099,2,486.72,1,1,1,3,Lost
15287.0,2011-11-17 15:34:00,5432.9302900577895,2,486.69,1,1,1,3,Lost
13153.0,2011-12-04 12:14:00,5416.069178946782,1,486.22,1,1,1,3,Lost
12639.0,2011-04-15 12:48:00,5649.045567835681,1,486.1,1,1,1,3,Lost
15109.0,2011-04-08 09:58:00,5656.163623391185,1,484.95,1,1,1,3,Lost
16999.0,2011-11-16 13:53:00,5434.000428946689,2,484.82,1,1,1,3,Lost
16504.0,2011-11-14 15:18:00,5435.941401168704,1,484.38,1,1,1,3,Lost
16518.0,2011-10-09 15:04:00,5471.951123391278,2,484.32,1,1,1,3,Lost
14130.0,2011-01-24 16:05:00,5729.908762279898,1,483.86,1,1,1,3,Lost
13531.0,2011-05-18 16:56:00,5615.87334561348,2,483.8,1,1,1,3,Lost
12808.0,2011-11-03 10:05:00,5447.158762279898,3,483.65,1,1,1,3,Lost
14147.0,2011-09-22 18:10:00,5488.821956724394,2,483.4,1,1,1,3,Lost
17555.0,2011-11-20 12:22:00,5430.063623391092,2,483.26,1,1,1,3,Lost
14450.0,2011-06-12 10:46:00,5591.130290057976,3,483.25,1,1,1,3,Lost
16603.0,2011-09-26 10:06:00,5485.158067835495,2,482.47,1,1,1,3,Lost
17950.0,2011-09-28 15:18:00,5482.941401168704,3,482.2,1,1,1,3,Lost
12504.0,2011-11-21 16:02:00,5428.910845613107,2,482.05,1,1,1,3,Lost
16693.0,2011-10-02 11:10:00,5479.113623390906,2,482.01,1,1,1,3,Lost
18216.0,2011-11-08 16:55:00,5441.874040057883,1,481.75,1,1,1,3,Lost
15091.0,2011-10-03 12:47:00,5478.046262280084,1,480.71,1,1,1,3,Lost
16812.0,2010-12-14 12:35:00,5771.0545956133865,1,479.35,1,1,1,3,Lost
16008.0,2011-11-16 10:32:00,5434.140012280084,3,478.78,1,1,1,3,Lost
15589.0,2011-03-29 09:54:00,5666.166401168797,3,478.53,1,1,1,3,Lost
16768.0,2011-10-23 10:38:00,5458.1358456132,3,478.09,1,1,1,3,Lost
12644.0,2011-08-02 10:33:00,5540.139317835681,1,477.91,1,1,1,3,Lost
14320.0,2011-05-17 09:24:00,5617.187234502286,2,477.79,1,1,1,3,Lost
12447.0,2011-04-10 13:25:00,5654.019873390906,1,476.49,1,1,1,3,Lost
18176.0,2010-12-16 15:45:00,5768.92265116889,1,476.35,1,1,1,3,Lost
14853.0,2011-11-15 16:56:00,5434.87334561348,2,475.8,1,1,1,3,Lost
14497.0,2011-02-03 17:01:00,5719.869873390999,1,475.37,1,1,1,3,Lost
15780.0,2011-06-09 12:01:00,5594.078206724487,3,475.28,1,1,1,3,Lost
15349.0,2011-07-04 16:06:00,5568.908067835495,2,473.81,1,1,1,3,Lost
15557.0,2011-11-11 12:46:00,5439.046956724487,1,473.65,1,1,1,3,Lost
16374.0,2011-10-04 15:21:00,5476.939317835495,2,473.03,1,1,1,3,Lost
14013.0,2011-08-21 15:01:00,5520.953206724487,3,473.02,1,1,1,3,Lost
16038.0,2011-12-02 12:40:00,5418.051123390906,3,471.78,1,1,1,3,Lost
17964.0,2011-11-08 10:44:00,5442.131678946782,2,471.7,1,1,1,3,Lost
16885.0,2011-11-24 13:40:00,5426.009456724394,3,471.51,1,1,1,3,Lost
13066.0,2011-11-15 12:57:00,5435.039317835588,2,470.8,1,1,1,3,Lost
15963.0,2011-11-20 11:33:00,5430.097651168704,2,470.76,1,1,1,3,Lost
14431.0,2011-02-10 10:40:00,5713.134456724394,1,470.36,1,1,1,3,Lost
15471.0,2011-12-07 14:12:00,5412.987234502099,1,469.48,1,1,1,3,Lost
15026.0,2011-09-20 13:52:00,5491.001123391092,3,469.0,1,1,1,3,Lost
14896.0,2011-05-19 10:20:00,5615.1483456133865,2,468.77,1,1,1,3,Lost
13171.0,2011-11-18 10:27:00,5432.143484502099,3,468.41,1,1,1,3,Lost
14335.0,2011-11-23 13:41:00,5427.008762279991,2,468.26,1,1,1,3,Lost
14029.0,2011-10-07 14:46:00,5473.963623390999,2,467.66,1,1,1,3,Lost
15468.0,2011-10-19 13:49:00,5462.003206724301,2,467.51,1,1,1,3,Lost
13579.0,2011-11-25 08:41:00,5425.21709561348,2,467.04,1,1,1,3,Lost
14205.0,2011-11-23 10:55:00,5427.124040057883,2,466.7,1,1,1,3,Lost
13248.0,2011-08-07 12:40:00,5535.051123390906,2,465.68,1,1,1,3,Lost
15036.0,2011-09-28 15:42:00,5482.924734502099,3,465.55,1,1,1,3,Lost
17140.0,2011-04-06 13:33:00,5658.014317835681,1,465.32,1,1,1,3,Lost
16742.0,2011-10-24 12:02:00,5457.077512280084,1,464.9,1,1,1,3,Lost
13928.0,2011-11-29 10:33:00,5421.139317835681,4,464.57,1,1,1,3,Lost
16586.0,2011-04-05 09:32:00,5659.181678946596,1,463.95,1,1,1,3,Lost
14967.0,2011-10-21 11:06:00,5460.116401168983,1,463.8,1,1,1,3,Lost
12787.0,2011-11-30 08:44:00,5420.215012279805,3,463.66,1,1,1,3,Lost
17418.0,2011-10-28 13:00:00,5453.037234502379,2,463.46,1,1,1,3,Lost
14489.0,2011-05-16 14:51:00,5617.960151168983,1,463.38,1,1,1,3,Lost
12945.0,2011-02-24 14:15:00,5698.98515116889,1,462.95,1,1,1,3,Lost
14331.0,2011-08-07 13:17:00,5535.025428946596,2,462.66,1,1,1,3,Lost
14470.0,2011-11-28 10:31:00,5422.140706724487,2,461.19,1,1,1,3,Lost
12391.0,2011-11-18 12:07:00,5432.074040057603,1,460.89,1,1,1,3,Lost
16824.0,2011-11-24 12:38:00,5426.052512280177,2,460.64,1,1,1,3,Lost
16805.0,2011-06-19 11:23:00,5584.1045956132,2,460.59,1,1,1,3,Lost
12491.0,2011-11-01 12:18:00,5449.066401168704,1,460.4,1,1,1,3,Lost
12355.0,2011-05-09 13:49:00,5625.003206724301,1,459.4,1,1,1,3,Lost
16589.0,2011-09-29 14:50:00,5481.9608456133865,3,459.24,1,1,1,3,Lost
17880.0,2010-12-10 10:21:00,5775.147651168983,1,458.92,1,1,1,3,Lost
15754.0,2011-10-19 14:40:00,5461.967790057883,3,458.57,1,1,1,3,Lost
13506.0,2011-01-27 13:53:00,5727.000428946689,2,458.52,1,1,1,3,Lost
17392.0,2011-02-06 12:48:00,5717.045567835681,2,457.91,1,1,1,3,Lost
15092.0,2011-05-08 14:10:00,5625.988623390906,2,457.81,1,1,1,3,Lost
15121.0,2011-10-20 14:51:00,5460.960151168983,2,457.72,1,1,1,3,Lost
12375.0,2011-11-29 10:36:00,5421.137234502006,2,457.5,1,1,1,3,Lost
13398.0,2011-05-31 13:17:00,5603.025428946596,1,457.34,1,1,1,3,Lost
12564.0,2011-03-23 14:55:00,5671.957373390906,1,456.9,1,1,1,3,Lost
12999.0,2011-05-27 13:24:00,5607.020567835774,3,455.88,1,1,1,3,Lost
14513.0,2011-08-31 11:25:00,5511.103206724394,3,455.59,1,1,1,3,Lost
15585.0,2011-06-16 08:38:00,5587.219178946689,1,455.3,1,1,1,3,Lost
16529.0,2011-06-02 17:23:00,5600.8545956132,1,455.25,1,1,1,3,Lost
13485.0,2011-04-20 13:58:00,5643.9969567246735,1,454.24,1,1,1,3,Lost
15475.0,2011-09-23 15:20:00,5487.940012279898,1,454.11,1,1,1,3,Lost
17564.0,2011-11-15 13:27:00,5435.018484502099,3,454.01,1,1,1,3,Lost
18158.0,2011-11-30 16:19:00,5419.8990400577895,2,453.4,1,1,1,3,Lost
12729.0,2011-08-18 11:40:00,5524.092790057883,1,453.01,1,1,1,3,Lost
18071.0,2011-03-27 11:59:00,5668.079595613293,2,453.0,1,1,1,3,Lost
14184.0,2011-10-04 12:43:00,5477.049040057696,1,452.89,1,1,1,3,Lost
12591.0,2011-01-26 14:35:00,5727.971262279898,1,452.85,1,1,1,3,Lost
12970.0,2011-12-02 14:30:00,5417.974734502379,4,452.24,1,1,1,3,Lost
16574.0,2011-09-29 13:39:00,5482.010151168797,1,451.44,1,1,1,3,Lost
15802.0,2011-07-20 11:38:00,5553.094178946689,1,451.42,1,1,1,3,Lost
14173.0,2011-11-29 11:54:00,5421.083067835774,4,450.84,1,1,1,3,Lost
17040.0,2011-07-25 10:19:00,5548.1490400577895,1,449.73,1,1,1,3,Lost
13489.0,2011-08-26 13:16:00,5516.026123390999,4,449.52,1,1,1,3,Lost
12448.0,2011-10-26 13:46:00,5455.005290057976,1,449.45,1,1,1,3,Lost
15739.0,2011-10-04 13:42:00,5477.008067835588,1,449.12,1,1,1,3,Lost
17579.0,2011-12-05 12:28:00,5415.0594567246735,3,448.9,1,1,1,3,Lost
14780.0,2011-10-16 12:46:00,5465.046956724487,2,447.68,1,1,1,3,Lost
15646.0,2011-07-05 09:53:00,5568.1670956132,3,447.64,1,1,1,3,Lost
15456.0,2011-03-01 13:51:00,5694.001817835495,3,447.22,1,1,1,3,Lost
15368.0,2011-11-18 14:42:00,5431.966401169077,1,446.94,1,1,1,3,Lost
15889.0,2011-07-06 11:10:00,5567.113623390906,2,446.87,1,1,1,3,Lost
14149.0,2011-05-03 09:44:00,5631.173345613293,1,446.62,1,1,1,3,Lost
17370.0,2011-09-28 10:14:00,5483.152512279805,4,446.18,1,1,1,3,Lost
17190.0,2011-10-12 11:33:00,5469.097651168704,2,444.74,1,1,1,3,Lost
18006.0,2011-11-16 16:52:00,5433.876123391092,1,444.68,1,1,1,3,Lost
14638.0,2011-10-20 10:10:00,5461.155290057883,1,443.6,1,1,1,3,Lost
16404.0,2011-09-30 14:55:00,5480.957373390906,1,443.05,1,1,1,3,Lost
18222.0,2011-09-08 10:45:00,5503.130984502379,1,443.0,1,1,1,3,Lost
14093.0,2011-11-27 16:27:00,5422.893484502099,1,442.85,1,1,1,3,Lost
12579.0,2011-09-22 17:15:00,5488.86015116889,1,440.42,1,1,1,3,Lost
14022.0,2011-04-28 14:39:00,5635.968484502286,1,440.0,1,1,1,3,Lost
15524.0,2011-11-15 12:09:00,5435.072651168797,1,440.0,1,1,1,3,Lost
18233.0,2011-01-18 08:44:00,5736.215012279805,1,440.0,1,1,1,3,Lost
13954.0,2011-12-08 12:50:00,5412.044178946875,2,439.92,1,1,1,3,Lost
16025.0,2011-11-10 11:45:00,5440.089317835402,1,439.66,1,1,1,3,Lost
13359.0,2011-10-07 09:30:00,5474.183067835402,1,439.56,1,1,1,3,Lost
16968.0,2011-12-05 15:02:00,5414.952512280084,2,439.43,1,1,1,3,Lost
13358.0,2011-03-16 11:52:00,5679.08445672458,1,439.03,1,1,1,3,Lost
14272.0,2011-09-27 10:08:00,5484.156678946689,2,437.96,1,1,1,3,Lost
12552.0,2011-11-01 10:02:00,5449.160845613107,2,437.82,1,1,1,3,Lost
16034.0,2011-05-27 16:17:00,5606.900428946596,3,437.7,1,1,1,3,Lost
12592.0,2011-09-08 15:04:00,5502.951123391278,2,437.6,1,1,1,3,Lost
15553.0,2011-10-10 14:02:00,5470.994178946596,1,437.23,1,1,1,3,Lost
16084.0,2011-02-13 16:05:00,5709.908762279898,1,436.18,1,1,1,3,Lost
15551.0,2011-11-03 12:37:00,5447.05320672458,1,436.06,1,1,1,3,Lost
16948.0,2011-07-24 12:46:00,5549.046956724487,3,435.02,1,1,1,3,Lost
14910.0,2011-12-07 10:06:00,5413.158067835495,4,434.35,1,1,1,3,Lost
14460.0,2011-08-21 14:19:00,5520.982373391278,3,434.34,1,1,1,3,Lost
12493.0,2011-06-27 10:17:00,5576.150428946596,2,433.74,1,1,1,3,Lost
17035.0,2011-04-08 11:23:00,5656.1045956132,2,433.53,1,1,1,3,Lost
14157.0,2011-11-20 11:32:00,5430.098345613107,2,432.88,1,1,1,3,Lost
16236.0,2011-09-22 14:10:00,5488.988623390906,1,432.2,1,1,1,3,Lost
16881.0,2011-10-04 10:33:00,5477.139317835681,1,432.0,1,1,1,3,Lost
15976.0,2011-06-27 13:00:00,5576.037234502379,2,430.94,1,1,1,3,Lost
18106.0,2011-01-14 12:23:00,5740.062928946689,1,430.7,1,1,1,3,Lost
12452.0,2011-11-23 10:28:00,5427.142790057696,2,430.57,1,1,1,3,Lost
13245.0,2011-10-20 11:40:00,5461.092790057883,1,430.5,1,1,1,3,Lost
12795.0,2011-11-21 10:27:00,5429.143484502099,1,430.48,1,1,1,3,Lost
12827.0,2011-12-04 12:17:00,5416.067095613107,3,430.15,1,1,1,3,Lost
14998.0,2011-06-22 17:30:00,5580.849734502379,2,429.87,1,1,1,3,Lost
15450.0,2011-11-09 17:11:00,5440.8629289465025,1,429.84,1,1,1,3,Lost
16884.0,2011-11-02 11:52:00,5448.08445672458,2,429.84,1,1,1,3,Lost
15230.0,2011-04-14 14:39:00,5649.968484502286,2,429.6,1,1,1,3,Lost
13602.0,2011-10-06 11:47:00,5475.087928946596,1,428.89,1,1,1,3,Lost
15957.0,2011-11-08 12:14:00,5442.069178946782,1,428.89,1,1,1,3,Lost
16324.0,2011-08-03 12:58:00,5539.038623391185,3,428.68,1,1,1,3,Lost
15360.0,2011-10-31 09:35:00,5450.1795956133865,1,427.93,1,1,1,3,Lost
12725.0,2010-12-03 15:45:00,5781.92265116889,1,427.8,1,1,1,3,Lost
12403.0,2011-10-21 10:51:00,5460.126817835495,1,427.7,1,1,1,3,Lost
12740.0,2011-10-07 10:44:00,5474.131678946782,1,427.6,1,1,1,3,Lost
12802.0,2011-06-06 09:36:00,5597.178901168983,1,427.58,1,1,1,3,Lost
15994.0,2011-10-16 12:28:00,5465.0594567246735,1,427.07,1,1,1,3,Lost
17223.0,2011-02-02 15:57:00,5720.914317835588,2,426.79,1,1,1,3,Lost
15930.0,2011-10-03 14:52:00,5477.95945672458,1,426.63,1,1,1,3,Lost
14288.0,2011-05-10 13:22:00,5624.02195672458,1,426.6,1,1,1,3,Lost
15639.0,2011-07-28 14:30:00,5544.974734502379,1,425.32,1,1,1,3,Lost
16780.0,2011-08-31 16:09:00,5510.905984502286,2,425.19,1,1,1,3,Lost
17134.0,2011-08-25 09:53:00,5517.1670956132,2,425.0,1,1,1,3,Lost
17371.0,2011-11-22 13:30:00,5428.01640116889,3,423.89,1,1,1,3,Lost
13140.0,2011-08-23 15:33:00,5518.930984502193,3,423.72,1,1,1,3,Lost
16119.0,2011-12-01 15:11:00,5418.946262279991,2,423.36,1,1,1,3,Lost
15012.0,2011-10-17 12:22:00,5464.063623391092,2,423.04,1,1,1,3,Lost
18034.0,2011-11-18 12:22:00,5432.063623391092,2,422.88,1,1,1,3,Lost
17525.0,2010-12-15 12:05:00,5770.075428946875,1,422.7,1,1,1,3,Lost
13473.0,2011-10-10 11:20:00,5471.106678946875,2,422.64,1,1,1,3,Lost
16689.0,2011-09-25 11:39:00,5486.093484502286,2,422.6,1,1,1,3,Lost
18240.0,2011-10-24 13:06:00,5457.033067835495,1,422.58,1,1,1,3,Lost
17232.0,2011-12-07 12:21:00,5413.064317835495,2,421.52,1,1,1,3,Lost
14757.0,2011-09-25 14:36:00,5485.970567835495,1,420.5,1,1,1,3,Lost
15206.0,2011-11-29 13:41:00,5421.008762279991,4,420.3,1,1,1,3,Lost
14124.0,2011-09-16 13:32:00,5495.015012280084,1,419.58,1,1,1,3,Lost
15361.0,2010-12-13 09:52:00,5772.167790057603,1,418.92,1,1,1,3,Lost
15967.0,2011-11-16 15:41:00,5433.9254289465025,2,418.83,1,1,1,3,Lost
12593.0,2011-08-23 12:43:00,5519.049040057696,3,418.1,1,1,1,3,Lost
17701.0,2011-04-01 12:25:00,5663.061540057883,1,417.95,1,1,1,3,Lost
16629.0,2011-09-27 10:34:00,5484.138623391278,2,417.73,1,1,1,3,Lost
13615.0,2011-01-25 08:21:00,5729.230984502006,1,417.69,1,1,1,3,Lost
16737.0,2011-10-17 13:03:00,5464.035151168704,1,417.6,1,1,1,3,Lost
12833.0,2011-07-17 13:46:00,5556.005290057976,1,417.38,1,1,1,3,Lost
18001.0,2011-11-27 16:02:00,5422.910845613107,2,417.23,1,1,1,3,Lost
13166.0,2011-03-01 15:16:00,5693.942790057976,1,417.2,1,1,1,3,Lost
16816.0,2011-08-28 14:16:00,5513.984456724487,4,417.06,1,1,1,3,Lost
13889.0,2011-09-08 09:13:00,5503.194873391185,1,416.9,1,1,1,3,Lost
15935.0,2011-04-14 13:27:00,5650.018484502099,2,416.86,1,1,1,3,Lost
16957.0,2011-04-14 13:56:00,5649.99834561348,2,416.64,1,1,1,3,Lost
13085.0,2011-07-05 12:11:00,5568.071262279991,2,416.08,1,1,1,3,Lost
14139.0,2011-10-24 13:34:00,5457.013623391278,1,415.82,1,1,1,3,Lost
15803.0,2011-10-19 14:56:00,5461.9566789465025,1,415.82,1,1,1,3,Lost
12930.0,2011-09-22 15:18:00,5488.941401168704,2,415.8,1,1,1,3,Lost
12580.0,2011-04-07 10:24:00,5657.145567835774,1,415.7,1,1,1,3,Lost
15725.0,2011-11-24 14:51:00,5425.960151168983,1,415.25,1,1,1,3,Lost
14333.0,2011-10-03 10:38:00,5478.1358456132,1,415.2,1,1,1,3,Lost
16795.0,2010-12-09 14:08:00,5775.990012280177,1,414.88,1,1,1,3,Lost
12993.0,2011-11-16 15:49:00,5433.919873391278,4,414.76,1,1,1,3,Lost
16239.0,2011-10-14 08:29:00,5467.225428946782,2,414.2,1,1,1,3,Lost
17483.0,2011-10-05 13:10:00,5476.030290057883,3,414.04,1,1,1,3,Lost
17052.0,2011-11-11 14:50:00,5438.9608456133865,1,413.75,1,1,1,3,Lost
13974.0,2011-10-21 14:41:00,5459.96709561348,1,413.59,1,1,1,3,Lost
16834.0,2011-04-26 09:37:00,5638.17820672458,1,413.46,1,1,1,3,Lost
14620.0,2011-05-18 11:58:00,5616.080290057696,2,412.78,1,1,1,3,Lost
13827.0,2011-10-13 12:38:00,5468.052512280177,3,412.05,1,1,1,3,Lost
15523.0,2011-09-16 16:29:00,5494.892095613293,1,412.01,1,1,1,3,Lost
16272.0,2011-08-15 10:54:00,5527.124734502286,1,411.7,1,1,1,3,Lost
17913.0,2011-10-12 10:45:00,5469.130984502379,2,411.6,1,1,1,3,Lost
14670.0,2011-03-04 14:13:00,5690.986540057696,2,411.53,1,1,1,3,Lost
15186.0,2011-11-25 14:58:00,5424.955290057696,2,411.41,1,1,1,3,Lost
15099.0,2011-09-16 13:13:00,5495.0282067246735,1,410.48,1,1,1,3,Lost
15695.0,2011-03-18 08:32:00,5677.223345613107,2,409.98,1,1,1,3,Lost
14048.0,2011-02-07 14:53:00,5715.958762280177,1,409.93,1,1,1,3,Lost
14348.0,2011-03-24 16:23:00,5670.896262280177,1,409.57,1,1,1,3,Lost
12990.0,2011-11-08 13:01:00,5442.036540057976,3,409.5,1,1,1,3,Lost
15225.0,2011-04-19 14:51:00,5644.960151168983,1,409.4,1,1,1,3,Lost
16243.0,2011-11-06 12:32:00,5444.056678946596,2,409.1,1,1,1,3,Lost
16018.0,2011-10-31 14:13:00,5449.986540057696,2,408.9,1,1,1,3,Lost
15269.0,2011-11-16 09:32:00,5434.181678946596,1,408.8,1,1,1,3,Lost
16399.0,2011-11-20 16:12:00,5429.903901169077,2,408.57,1,1,1,3,Lost
17931.0,2011-07-28 18:33:00,5544.805984502193,2,408.36,1,1,1,3,Lost
16010.0,2011-04-08 10:14:00,5656.152512279805,3,407.5,1,1,1,3,Lost
15184.0,2011-11-10 13:41:00,5440.008762279991,2,406.76,1,1,1,3,Lost
15127.0,2011-10-05 10:30:00,5476.14140116889,1,406.53,1,1,1,3,Lost
16947.0,2011-04-18 09:38:00,5646.177512280177,1,406.48,1,1,1,3,Lost
15342.0,2011-08-02 10:19:00,5540.1490400577895,1,406.09,1,1,1,3,Lost
14616.0,2011-04-11 09:54:00,5653.166401168797,3,406.08,1,1,1,3,Lost
16204.0,2011-11-16 13:40:00,5434.009456724394,1,405.71,1,1,1,3,Lost
18036.0,2011-11-07 14:40:00,5442.967790057883,3,405.62,1,1,1,3,Lost
12922.0,2011-07-01 15:35:00,5571.9295956133865,1,405.38,1,1,1,3,Lost
17379.0,2011-11-28 13:56:00,5421.99834561348,1,404.66,1,1,1,3,Lost
16319.0,2011-05-06 11:27:00,5628.101817835588,1,404.4,1,1,1,3,Lost
16484.0,2011-06-19 12:06:00,5584.074734502006,2,404.3,1,1,1,3,Lost
12498.0,2011-11-18 12:53:00,5432.0420956132,3,403.7,1,1,1,3,Lost
17431.0,2011-01-30 14:36:00,5723.970567835495,1,403.3,1,1,1,3,Lost
15221.0,2010-12-08 13:08:00,5777.031678946689,1,403.25,1,1,1,3,Lost
12386.0,2011-01-06 12:37:00,5748.05320672458,2,401.9,1,1,1,3,Lost
15158.0,2011-10-25 13:53:00,5456.000428946689,1,401.4,1,1,1,3,Lost
16198.0,2011-09-25 14:58:00,5485.955290057696,1,400.68,1,1,1,3,Lost
12792.0,2011-03-28 11:36:00,5667.095567835495,1,400.54,1,1,1,3,Lost
17375.0,2011-05-24 15:45:00,5609.92265116889,3,400.1,1,1,1,3,Lost
18164.0,2011-11-02 12:56:00,5448.040012279991,1,399.65,1,1,1,3,Lost
13255.0,2011-11-30 13:14:00,5420.027512279805,2,399.51,1,1,1,3,Lost
18154.0,2011-12-06 16:41:00,5413.883762279991,2,399.19,1,1,1,3,Lost
15522.0,2011-11-07 11:26:00,5443.102512279991,2,398.84,1,1,1,3,Lost
17830.0,2011-12-08 12:28:00,5412.0594567246735,3,398.7,1,1,1,3,Lost
12508.0,2011-11-13 15:37:00,5436.92820672458,2,398.27,1,1,1,3,Lost
13352.0,2011-10-10 13:55:00,5470.999040057883,1,397.98,1,1,1,3,Lost
15429.0,2011-11-13 12:28:00,5437.0594567246735,2,397.35,1,1,1,3,Lost
17926.0,2011-07-29 14:39:00,5543.968484502286,2,397.29,1,1,1,3,Lost
12824.0,2011-10-11 12:49:00,5470.044873391278,1,397.12,1,1,1,3,Lost
13594.0,2011-10-18 10:19:00,5463.1490400577895,1,396.97,1,1,1,3,Lost
13673.0,2011-11-21 12:11:00,5429.071262279991,2,396.92,1,1,1,3,Lost
17486.0,2011-03-23 14:00:00,5671.995567835402,1,396.87,1,1,1,3,Lost
15883.0,2011-12-07 17:05:00,5412.8670956133865,2,396.48,1,1,1,3,Lost
18067.0,2011-10-30 15:58:00,5450.913623391185,1,396.33,1,1,1,3,Lost
16354.0,2011-10-07 14:28:00,5473.976123391185,2,395.8,1,1,1,3,Lost
17603.0,2011-09-22 14:18:00,5488.983067835681,1,394.72,1,1,1,3,Lost
14619.0,2011-04-08 07:37:00,5656.261540057603,1,394.44,1,1,1,3,Lost
16207.0,2011-11-14 13:51:00,5436.001817835495,1,394.38,1,1,1,3,Lost
15386.0,2011-06-06 13:47:00,5597.004595613107,1,394.14,1,1,1,3,Lost
15264.0,2011-10-06 13:49:00,5475.003206724301,1,393.74,1,1,1,3,Lost
15345.0,2011-10-25 11:28:00,5456.101123391185,1,393.54,1,1,1,3,Lost
17226.0,2011-02-04 11:52:00,5719.08445672458,1,393.49,1,1,1,3,Lost
14600.0,2011-02-07 09:48:00,5716.170567835681,1,393.33,1,1,1,3,Lost
15837.0,2011-10-06 09:01:00,5475.203206724487,1,391.98,1,1,1,3,Lost
16917.0,2011-03-08 11:55:00,5687.082373390906,1,391.52,1,1,1,3,Lost
12982.0,2011-04-11 11:51:00,5653.085151168983,1,390.54,1,1,1,3,Lost
17614.0,2011-10-13 16:01:00,5467.911540057976,1,390.07,1,1,1,3,Lost
17936.0,2011-12-04 13:32:00,5416.015012280084,1,389.84,1,1,1,3,Lost
18024.0,2011-07-10 12:40:00,5563.051123390906,2,389.78,1,1,1,3,Lost
14752.0,2011-10-27 11:55:00,5454.082373390906,1,389.64,1,1,1,3,Lost
13873.0,2011-08-12 10:08:00,5530.156678946689,3,389.6,1,1,1,3,Lost
13345.0,2011-02-25 09:01:00,5698.203206724487,1,389.5,1,1,1,3,Lost
16250.0,2011-03-23 15:07:00,5671.949040057603,2,389.44,1,1,1,3,Lost
15847.0,2011-11-01 14:41:00,5448.96709561348,2,389.27,1,1,1,3,Lost
12690.0,2011-05-18 09:09:00,5616.197651168797,1,389.01,1,1,1,3,Lost
17595.0,2011-11-27 16:08:00,5422.906678946689,2,388.79,1,1,1,3,Lost
15592.0,2011-10-24 08:59:00,5457.204595613293,1,388.58,1,1,1,3,Lost
13899.0,2011-11-23 13:40:00,5427.009456724394,2,388.52,1,1,1,3,Lost
13856.0,2011-06-24 10:03:00,5579.160151168704,3,388.5,1,1,1,3,Lost
17438.0,2011-03-31 10:26:00,5664.1441789465025,1,388.45,1,1,1,3,Lost
16776.0,2011-10-10 13:04:00,5471.034456724301,1,388.28,1,1,1,3,Lost
14538.0,2011-10-06 10:31:00,5475.140706724487,2,388.25,1,1,1,3,Lost
17357.0,2011-11-15 16:30:00,5434.89140116889,2,388.14,1,1,1,3,Lost
17817.0,2011-12-05 14:39:00,5414.968484502286,3,387.68,1,1,1,3,Lost
14420.0,2011-09-01 18:07:00,5509.824040057603,1,387.52,1,1,1,3,Lost
17508.0,2011-03-04 08:10:00,5691.238623390906,1,387.31,1,1,1,3,Lost
14114.0,2011-03-11 09:42:00,5684.174734502099,2,386.53,1,1,1,3,Lost
15664.0,2011-10-20 10:57:00,5461.122651169077,1,386.43,1,1,1,3,Lost
14779.0,2011-03-04 12:42:00,5691.049734502099,3,386.15,1,1,1,3,Lost
13821.0,2011-07-18 09:49:00,5555.169873391278,2,385.64,1,1,1,3,Lost
17711.0,2011-11-29 11:40:00,5421.092790057883,2,385.1,1,1,1,3,Lost
13919.0,2011-10-11 14:24:00,5469.978901168797,2,384.81,1,1,1,3,Lost
13833.0,2011-07-03 13:27:00,5570.018484502099,1,384.8,1,1,1,3,Lost
17250.0,2011-12-06 12:15:00,5414.068484502379,2,384.52,1,1,1,3,Lost
17189.0,2011-08-25 19:39:00,5516.760151168797,2,384.4,1,1,1,3,Lost
17205.0,2011-10-17 12:46:00,5464.046956724487,1,384.08,1,1,1,3,Lost
16982.0,2011-10-10 12:28:00,5471.0594567246735,1,384.06,1,1,1,3,Lost
15048.0,2011-10-05 14:55:00,5475.957373390906,4,384.05,1,1,1,3,Lost
12733.0,2011-04-19 16:19:00,5644.8990400577895,1,383.95,1,1,1,3,Lost
12515.0,2010-12-21 15:43:00,5763.924040057696,1,383.7,1,1,1,3,Lost
15440.0,2011-10-16 12:16:00,5465.067790057976,3,383.68,1,1,1,3,Lost
14304.0,2011-05-01 11:50:00,5633.0858456133865,1,383.45,1,1,1,3,Lost
15424.0,2011-03-30 13:02:00,5665.035845613107,2,383.34,1,1,1,3,Lost
12832.0,2011-11-07 13:30:00,5443.01640116889,2,383.03,1,1,1,3,Lost
13817.0,2011-11-10 17:49:00,5439.8365400577895,2,382.98,1,1,1,3,Lost
18181.0,2011-11-15 15:08:00,5434.9483456132,1,382.8,1,1,1,3,Lost
17239.0,2011-01-31 09:41:00,5723.1754289465025,1,382.5,1,1,1,3,Lost
13657.0,2011-11-29 12:32:00,5421.056678946596,2,382.14,1,1,1,3,Lost
17999.0,2011-11-02 15:56:00,5447.915012279991,2,382.06,1,1,1,3,Lost
15090.0,2011-02-04 14:03:00,5718.993484502193,1,381.32,1,1,1,3,Lost
16441.0,2011-10-03 17:48:00,5477.837234502193,2,381.2,1,1,1,3,Lost
12871.0,2011-09-16 15:07:00,5494.949040057603,2,380.64,1,1,1,3,Lost
17573.0,2011-11-10 13:01:00,5440.036540057976,3,380.6,1,1,1,3,Lost
16930.0,2011-11-13 16:13:00,5436.9032067246735,3,380.55,1,1,1,3,Lost
17138.0,2011-03-09 11:54:00,5686.083067835774,1,380.5,1,1,1,3,Lost
12890.0,2011-11-15 17:26:00,5434.852512279991,1,380.47,1,1,1,3,Lost
16769.0,2011-03-24 13:41:00,5671.008762279991,1,380.39,1,1,1,3,Lost
17031.0,2011-11-28 10:23:00,5422.146262280177,2,380.35,1,1,1,3,Lost
14731.0,2011-10-23 15:54:00,5457.916401168797,3,380.02,1,1,1,3,Lost
14594.0,2011-12-02 13:28:00,5418.017790057696,2,379.83,1,1,1,3,Lost
16552.0,2011-04-11 10:04:00,5653.159456724301,2,379.73,1,1,1,3,Lost
13589.0,2011-11-25 12:10:00,5425.071956724394,2,379.65,1,1,1,3,Lost
13656.0,2011-06-28 10:31:00,5575.140706724487,2,379.65,1,1,1,3,Lost
17878.0,2011-10-27 11:24:00,5454.103901168797,1,379.45,1,1,1,3,Lost
15885.0,2011-09-08 10:43:00,5503.132373391185,3,379.35,1,1,1,3,Lost
16909.0,2011-09-28 16:45:00,5482.880984502379,1,379.14,1,1,1,3,Lost
13372.0,2011-09-11 12:46:00,5500.046956724487,1,378.64,1,1,1,3,Lost
17078.0,2011-11-03 19:17:00,5446.775428946596,2,378.2,1,1,1,3,Lost
17736.0,2011-11-30 15:36:00,5419.928901168983,3,377.44,1,1,1,3,Lost
15025.0,2011-11-06 15:20:00,5443.940012279898,1,377.01,1,1,1,3,Lost
17489.0,2011-10-12 08:56:00,5469.2066789465025,2,376.64,1,1,1,3,Lost
13936.0,2011-06-13 08:47:00,5590.212928946596,1,376.58,1,1,1,3,Lost
16858.0,2010-12-06 09:52:00,5779.167790057603,1,375.69,1,1,1,3,Lost
14448.0,2011-11-30 13:50:00,5420.002512279898,2,375.35,1,1,1,3,Lost
14079.0,2011-08-07 12:10:00,5535.071956724394,1,375.1,1,1,1,3,Lost
16147.0,2011-07-29 09:57:00,5544.164317835588,1,375.0,1,1,1,3,Lost
14067.0,2011-10-07 10:21:00,5474.147651168983,2,374.7,1,1,1,3,Lost
17492.0,2011-04-05 15:21:00,5658.939317835495,1,374.57,1,1,1,3,Lost
12873.0,2011-03-02 14:58:00,5692.955290057696,1,374.0,1,1,1,3,Lost
13351.0,2011-10-04 12:55:00,5477.040706724394,1,373.94,1,1,1,3,Lost
13569.0,2011-11-22 13:07:00,5428.032373391092,2,373.75,1,1,1,3,Lost
16903.0,2011-11-10 15:32:00,5439.931678946596,1,373.24,1,1,1,3,Lost
12895.0,2011-10-28 13:51:00,5453.001817835495,2,372.8,1,1,1,3,Lost
12544.0,2011-11-03 16:15:00,5446.901817835402,1,372.7,1,1,1,3,Lost
12981.0,2011-11-10 12:00:00,5440.07890116889,2,372.22,1,1,1,3,Lost
16065.0,2010-12-09 13:03:00,5776.035151168704,1,372.09,1,1,1,3,Lost
13300.0,2011-06-23 13:09:00,5580.030984502286,1,371.89,1,1,1,3,Lost
17765.0,2011-07-04 12:41:00,5569.0504289465025,3,371.88,1,1,1,3,Lost
14690.0,2011-10-26 15:39:00,5454.926817835774,2,371.7,1,1,1,3,Lost
18155.0,2011-09-25 13:32:00,5486.015012280084,3,371.62,1,1,1,3,Lost
15472.0,2011-08-18 15:17:00,5523.942095613107,1,371.56,1,1,1,3,Lost
14950.0,2011-11-20 13:48:00,5430.003901168704,1,371.2,1,1,1,3,Lost
15975.0,2011-09-16 13:33:00,5495.014317835681,1,371.01,1,1,1,3,Lost
15063.0,2011-05-10 13:25:00,5624.019873390906,1,370.8,1,1,1,3,Lost
16343.0,2011-11-23 17:45:00,5426.839317835402,2,370.48,1,1,1,3,Lost
15922.0,2010-12-01 13:51:00,5784.001817835495,1,369.5,1,1,1,3,Lost
16758.0,2011-10-05 14:47:00,5475.962928946596,1,369.34,1,1,1,3,Lost
14888.0,2011-05-16 14:58:00,5617.955290057696,1,369.2,1,1,1,3,Lost
16372.0,2011-11-06 13:08:00,5444.031678946689,2,367.93,1,1,1,3,Lost
17911.0,2011-11-30 14:52:00,5419.95945672458,1,366.23,1,1,1,3,Lost
17358.0,2011-02-09 16:57:00,5713.872651169077,2,365.85,1,1,1,3,Lost
17432.0,2011-11-21 17:33:00,5428.847651168704,2,365.76,1,1,1,3,Lost
16499.0,2010-12-14 13:31:00,5771.015706724487,2,365.45,1,1,1,3,Lost
16202.0,2010-12-14 10:43:00,5771.132373391185,1,365.27,1,1,1,3,Lost
14886.0,2011-04-01 08:56:00,5663.2066789465025,1,364.8,1,1,1,3,Lost
15949.0,2011-11-23 09:09:00,5427.197651168797,2,364.72,1,1,1,3,Lost
12373.0,2011-02-01 13:10:00,5722.030290057883,1,364.6,1,1,1,3,Lost
15343.0,2011-09-13 13:55:00,5497.999040057883,1,364.5,1,1,1,3,Lost
14528.0,2011-11-02 17:09:00,5447.864317835774,1,364.22,1,1,1,3,Lost
12538.0,2011-11-10 17:16:00,5439.859456724487,1,363.95,1,1,1,3,Lost
17330.0,2011-11-17 08:56:00,5433.2066789465025,2,363.9,1,1,1,3,Lost
15901.0,2011-11-23 12:43:00,5427.049040057696,3,363.88,1,1,1,3,Lost
14171.0,2011-09-02 16:43:00,5508.882373391185,1,363.79,1,1,1,3,Lost
16509.0,2011-02-16 09:25:00,5707.186540057883,1,363.7,1,1,1,3,Lost
12915.0,2011-07-14 11:34:00,5559.096956724301,2,363.65,1,1,1,3,Lost
16485.0,2011-09-23 15:50:00,5487.919178946875,1,363.65,1,1,1,3,Lost
18056.0,2011-02-24 14:27:00,5698.976817835588,1,363.65,1,1,1,3,Lost
14932.0,2010-12-09 11:48:00,5776.087234502193,1,363.53,1,1,1,3,Lost
14427.0,2011-10-20 14:23:00,5460.9795956132,2,363.34,1,1,1,3,Lost
16378.0,2011-04-06 15:07:00,5657.949040057603,3,362.95,1,1,1,3,Lost
16052.0,2011-10-16 15:13:00,5464.944873391185,1,362.06,1,1,1,3,Lost
13844.0,2011-11-28 13:21:00,5422.022651168983,1,361.62,1,1,1,3,Lost
16305.0,2011-07-24 12:18:00,5549.066401168704,1,361.22,1,1,1,3,Lost
13291.0,2011-07-07 10:36:00,5566.137234502006,1,361.11,1,1,1,3,Lost
15872.0,2011-11-25 11:55:00,5425.082373390906,2,360.93,1,1,1,3,Lost
16595.0,2011-10-09 13:15:00,5472.026817835402,1,360.16,1,1,1,3,Lost
13780.0,2011-12-02 13:49:00,5418.003206724301,2,360.01,1,1,1,3,Lost
13298.0,2011-12-08 13:11:00,5412.02959561348,1,360.0,1,1,1,3,Lost
15120.0,2011-07-29 09:48:00,5544.170567835681,1,358.82,1,1,1,3,Lost
17948.0,2011-07-15 12:58:00,5558.038623391185,1,358.56,1,1,1,3,Lost
16823.0,2011-04-26 15:00:00,5637.95390116889,1,358.38,1,1,1,3,Lost
13228.0,2011-09-19 14:28:00,5491.976123391185,1,358.0,1,1,1,3,Lost
13976.0,2011-05-17 09:13:00,5617.194873391185,1,357.98,1,1,1,3,Lost
16274.0,2010-12-01 15:35:00,5783.9295956133865,1,357.95,1,1,1,3,Lost
17025.0,2011-10-10 09:06:00,5471.199734502006,3,357.77,1,1,1,3,Lost
16971.0,2011-11-01 15:06:00,5448.949734502006,1,357.21,1,1,1,3,Lost
18040.0,2011-11-20 14:20:00,5429.981678946875,2,357.2,1,1,1,3,Lost
13453.0,2011-06-27 09:34:00,5576.1802900577895,2,356.98,1,1,1,3,Lost
14500.0,2011-09-12 16:45:00,5498.880984502379,3,356.85,1,1,1,3,Lost
15713.0,2011-07-19 13:34:00,5554.013623391278,2,356.7,1,1,1,3,Lost
15247.0,2011-08-09 12:52:00,5533.042790057603,1,356.0,1,1,1,3,Lost
14537.0,2011-10-13 10:54:00,5468.124734502286,1,355.56,1,1,1,3,Lost
15840.0,2011-10-12 09:08:00,5469.1983456132,2,355.56,1,1,1,3,Lost
12617.0,2011-11-10 14:39:00,5439.968484502286,1,355.53,1,1,1,3,Lost
17742.0,2011-08-18 15:28:00,5523.9344567246735,2,355.11,1,1,1,3,Lost
13642.0,2011-05-08 12:34:00,5626.0552900577895,1,354.8,1,1,1,3,Lost
17222.0,2011-10-05 13:58:00,5475.9969567246735,1,354.15,1,1,1,3,Lost
12888.0,2011-05-09 16:02:00,5624.910845613107,2,354.12,1,1,1,3,Lost
12845.0,2011-03-17 13:34:00,5678.013623391278,4,354.09,1,1,1,3,Lost
15870.0,2011-11-07 10:58:00,5443.1219567246735,1,354.09,1,1,1,3,Lost
12715.0,2011-08-25 15:22:00,5516.938623391092,1,353.86,1,1,1,3,Lost
17252.0,2011-08-15 09:45:00,5527.17265116889,2,353.86,1,1,1,3,Lost
13173.0,2011-12-05 15:51:00,5414.918484502006,2,353.65,1,1,1,3,Lost
13210.0,2011-09-07 08:18:00,5504.233067835681,1,353.48,1,1,1,3,Lost
13343.0,2011-06-15 12:24:00,5588.062234502286,1,353.43,1,1,1,3,Lost
14804.0,2011-12-01 11:20:00,5419.106678946875,1,353.27,1,1,1,3,Lost
17976.0,2010-12-02 13:49:00,5783.003206724301,1,353.19,1,1,1,3,Lost
15678.0,2011-10-18 09:25:00,5463.186540057883,1,352.7,1,1,1,3,Lost
18112.0,2011-11-27 14:43:00,5422.9657067246735,2,352.69,1,1,1,3,Lost
15334.0,2011-07-06 11:22:00,5567.105290057603,3,351.67,1,1,1,3,Lost
12566.0,2011-09-14 14:30:00,5496.974734502379,1,351.65,1,1,1,3,Lost
15789.0,2010-12-16 14:35:00,5768.971262279898,1,351.3,1,1,1,3,Lost
13923.0,2011-10-17 12:33:00,5464.055984502193,1,351.13,1,1,1,3,Lost
15900.0,2011-11-16 12:19:00,5434.065706724301,1,351.11,1,1,1,3,Lost
13332.0,2011-11-25 13:30:00,5425.01640116889,1,350.9,1,1,1,3,Lost
13740.0,2011-04-13 10:32:00,5651.140012280084,1,350.75,1,1,1,3,Lost
17835.0,2011-12-07 11:48:00,5413.087234502193,3,350.64,1,1,1,3,Lost
17795.0,2011-06-13 12:36:00,5590.053901168983,2,350.39,1,1,1,3,Lost
13108.0,2010-12-02 10:35:00,5783.137928946875,1,350.06,1,1,1,3,Lost
12532.0,2011-11-09 13:47:00,5441.004595613107,1,349.83,1,1,1,3,Lost
13670.0,2011-09-25 15:25:00,5485.936540057883,1,349.7,1,1,1,3,Lost
13887.0,2011-05-19 17:22:00,5614.855290057603,1,349.55,1,1,1,3,Lost
18250.0,2011-02-02 13:16:00,5721.026123390999,1,349.27,1,1,1,3,Lost
15405.0,2011-06-03 14:44:00,5599.965012279805,1,349.1,1,1,1,3,Lost
13927.0,2011-09-26 12:00:00,5485.07890116889,1,348.99,1,1,1,3,Lost
13790.0,2011-12-05 15:48:00,5414.920567835681,1,348.8,1,1,1,3,Lost
18127.0,2011-11-20 14:05:00,5429.9920956133865,3,348.73,1,1,1,3,Lost
12527.0,2011-09-19 11:55:00,5492.082373390906,3,348.71,1,1,1,3,Lost
15579.0,2011-10-02 12:45:00,5479.04765116889,2,348.6,1,1,1,3,Lost
16159.0,2011-03-03 12:27:00,5692.060151169077,1,348.2,1,1,1,3,Lost
13052.0,2011-05-11 14:12:00,5622.987234502099,1,348.15,1,1,1,3,Lost
14379.0,2011-10-26 16:43:00,5454.882373391185,2,348.1,1,1,1,3,Lost
13497.0,2011-03-02 09:04:00,5693.201123391278,2,348.05,1,1,1,3,Lost
17668.0,2011-12-08 13:25:00,5412.019873390906,2,347.75,1,1,1,3,Lost
13062.0,2011-06-01 15:12:00,5601.945567835588,1,346.98,1,1,1,3,Lost
13649.0,2011-03-28 11:51:00,5667.085151168983,2,346.6,1,1,1,3,Lost
16423.0,2011-11-15 09:21:00,5435.189317835495,1,346.12,1,1,1,3,Lost
13091.0,2011-11-11 15:54:00,5438.916401168797,1,345.82,1,1,1,3,Lost
15781.0,2011-11-14 14:57:00,5435.955984502099,3,345.46,1,1,1,3,Lost
17123.0,2011-07-01 10:47:00,5572.129595613107,1,345.3,1,1,1,3,Lost
13774.0,2011-09-19 12:06:00,5492.074734502006,1,345.0,1,1,1,3,Lost
14633.0,2011-03-18 17:07:00,5676.86570672458,1,344.9,1,1,1,3,Lost
16978.0,2011-09-23 12:50:00,5488.044178946875,1,344.33,1,1,1,3,Lost
17569.0,2011-01-11 14:15:00,5742.98515116889,1,344.14,1,1,1,3,Lost
13068.0,2011-11-29 15:00:00,5420.95390116889,2,344.0,1,1,1,3,Lost
15047.0,2011-03-15 10:49:00,5680.128206724301,1,343.62,1,1,1,3,Lost
15520.0,2011-12-08 10:58:00,5412.1219567246735,1,343.5,1,1,1,3,Lost
18081.0,2011-11-03 16:30:00,5446.89140116889,3,343.45,1,1,1,3,Lost
15880.0,2010-12-05 13:00:00,5780.037234502379,1,343.28,1,1,1,3,Lost
12875.0,2011-07-19 15:30:00,5553.933067835402,2,343.23,1,1,1,3,Lost
17201.0,2011-10-17 11:55:00,5464.082373390906,1,342.63,1,1,1,3,Lost
16851.0,2011-12-05 13:32:00,5415.015012280084,3,342.45,1,1,1,3,Lost
16826.0,2011-10-19 14:05:00,5461.9920956133865,1,341.7,1,1,1,3,Lost
13347.0,2011-09-30 13:28:00,5481.017790057696,1,341.36,1,1,1,3,Lost
17917.0,2011-10-25 13:20:00,5456.0233456133865,3,341.28,1,1,1,3,Lost
14491.0,2011-06-17 15:22:00,5585.938623391092,2,340.93,1,1,1,3,Lost
12519.0,2011-10-07 09:26:00,5474.18584561348,1,340.84,1,1,1,3,Lost
15115.0,2011-11-21 14:59:00,5428.954595613293,1,340.11,1,1,1,3,Lost
13737.0,2011-05-23 16:32:00,5610.890012280084,1,339.6,1,1,1,3,Lost
17045.0,2011-08-18 17:09:00,5523.864317835774,3,339.44,1,1,1,3,Lost
16545.0,2011-06-28 10:37:00,5575.136540057603,1,339.3,1,1,1,3,Lost
17697.0,2011-04-17 15:40:00,5646.926123390906,1,338.95,1,1,1,3,Lost
17839.0,2011-10-28 17:27:00,5452.851817835588,1,338.8,1,1,1,3,Lost
16183.0,2011-10-03 14:59:00,5477.954595613293,1,338.71,1,1,1,3,Lost
15652.0,2011-09-09 14:22:00,5501.980290057603,1,337.74,1,1,1,3,Lost
15942.0,2011-07-29 09:01:00,5544.203206724487,1,337.44,1,1,1,3,Lost
13930.0,2011-10-13 09:45:00,5468.17265116889,2,337.34,1,1,1,3,Lost
17973.0,2011-10-19 10:34:00,5462.138623391278,1,337.04,1,1,1,3,Lost
16105.0,2011-04-05 10:13:00,5659.1532067246735,1,336.96,1,1,1,3,Lost
17914.0,2011-12-06 11:58:00,5414.080290057696,1,336.43,1,1,1,3,Lost
15619.0,2011-11-29 08:14:00,5421.235845613293,1,336.4,1,1,1,3,Lost
17384.0,2011-11-20 15:48:00,5429.920567835681,2,336.4,1,1,1,3,Lost
14954.0,2011-11-27 14:30:00,5422.974734502379,1,336.17,1,1,1,3,Lost
18078.0,2011-05-06 14:32:00,5627.973345613107,2,336.13,1,1,1,3,Lost
15921.0,2011-06-20 11:03:00,5583.118484502193,1,336.03,1,1,1,3,Lost
18276.0,2011-10-27 10:54:00,5454.124734502286,1,335.86,1,1,1,3,Lost
14196.0,2011-08-25 10:25:00,5517.144873390906,1,335.52,1,1,1,3,Lost
16063.0,2011-03-24 14:56:00,5670.9566789465025,1,335.32,1,1,1,3,Lost
17221.0,2011-12-02 13:35:00,5418.012928946875,2,335.13,1,1,1,3,Lost
12489.0,2011-01-07 13:13:00,5747.0282067246735,1,334.93,1,1,1,3,Lost
14988.0,2011-05-12 12:05:00,5622.075428946875,1,334.54,1,1,1,3,Lost
15466.0,2011-09-15 14:08:00,5495.990012280177,1,334.53,1,1,1,3,Lost
12350.0,2011-02-02 16:01:00,5720.911540057976,1,334.4,1,1,1,3,Lost
15918.0,2011-06-02 11:42:00,5601.091401169077,2,334.23,1,1,1,3,Lost
14264.0,2011-07-08 10:20:00,5565.1483456133865,2,333.97,1,1,1,3,Lost
13216.0,2011-03-17 12:18:00,5678.066401168704,1,333.74,1,1,1,3,Lost
13727.0,2011-11-11 09:46:00,5439.171956724487,2,333.48,1,1,1,3,Lost
16625.0,2011-03-10 12:50:00,5685.044178946875,1,333.08,1,1,1,3,Lost
14902.0,2011-11-14 10:34:00,5436.138623391278,1,332.66,1,1,1,3,Lost
13904.0,2011-11-02 13:41:00,5448.008762279991,2,332.64,1,1,1,3,Lost
16850.0,2011-01-10 11:09:00,5744.114317835774,1,332.41,1,1,1,3,Lost
16803.0,2011-10-05 14:28:00,5475.976123391185,1,332.3,1,1,1,3,Lost
16177.0,2011-10-20 12:57:00,5461.039317835588,1,331.95,1,1,1,3,Lost
16030.0,2011-02-03 11:28:00,5720.101123391185,1,331.24,1,1,1,3,Lost
15210.0,2011-04-28 16:11:00,5635.90459561348,1,331.18,1,1,1,3,Lost
12891.0,2011-06-07 12:31:00,5596.057373390999,3,331.0,1,1,1,3,Lost
16478.0,2011-11-14 15:51:00,5435.918484502006,3,331.0,1,1,1,3,Lost
17862.0,2011-01-20 12:23:00,5734.062928946689,1,330.9,1,1,1,3,Lost
15714.0,2011-11-28 11:26:00,5422.102512279991,2,330.88,1,1,1,3,Lost
13706.0,2011-02-10 09:21:00,5713.189317835495,1,330.79,1,1,1,3,Lost
14517.0,2011-11-06 14:20:00,5443.981678946875,2,330.45,1,1,1,3,Lost
15130.0,2011-06-23 10:15:00,5580.151817835402,1,330.11,1,1,1,3,Lost
16593.0,2011-10-20 12:41:00,5461.0504289465025,3,330.03,1,1,1,3,Lost
12953.0,2011-11-30 09:24:00,5420.187234502286,1,329.85,1,1,1,3,Lost
14716.0,2011-10-27 17:29:00,5453.850428946782,2,329.68,1,1,1,3,Lost
17866.0,2011-07-20 11:07:00,5553.11570672458,1,329.65,1,1,1,3,Lost
17615.0,2011-08-01 14:06:00,5540.991401168983,3,329.6,1,1,1,3,Lost
13239.0,2011-03-23 10:25:00,5672.144873390906,1,329.56,1,1,1,3,Lost
17154.0,2011-09-25 13:42:00,5486.008067835588,1,329.34,1,1,1,3,Lost
15153.0,2011-11-08 17:09:00,5441.864317835774,1,329.25,1,1,1,3,Lost
14012.0,2011-03-07 12:26:00,5688.06084561348,1,328.8,1,1,1,3,Lost
16855.0,2011-11-16 12:03:00,5434.076817835681,2,328.4,1,1,1,3,Lost
15213.0,2011-01-25 12:21:00,5729.064317835495,2,328.35,1,1,1,3,Lost
14747.0,2011-04-04 14:09:00,5659.989317835774,1,328.2,1,1,1,3,Lost
14206.0,2011-04-14 16:38:00,5649.8858456132,1,328.16,1,1,1,3,Lost
16318.0,2011-11-04 13:05:00,5446.033762279898,1,328.15,1,1,1,3,Lost
15314.0,2011-05-24 14:39:00,5609.968484502286,1,327.97,1,1,1,3,Lost
14024.0,2011-08-10 11:30:00,5532.099734502379,2,327.7,1,1,1,3,Lost
16366.0,2011-11-21 08:19:00,5429.232373391278,1,327.3,1,1,1,3,Lost
14870.0,2011-03-23 10:51:00,5672.126817835495,1,327.25,1,1,1,3,Lost
16322.0,2011-12-08 15:41:00,5411.9254289465025,2,326.75,1,1,1,3,Lost
14987.0,2011-11-24 09:59:00,5426.162928946782,2,326.4,1,1,1,3,Lost
17715.0,2011-05-23 12:32:00,5611.056678946596,1,326.4,1,1,1,3,Lost
16071.0,2011-10-26 11:14:00,5455.110845613293,1,326.24,1,1,1,3,Lost
15363.0,2010-12-02 12:28:00,5783.0594567246735,1,326.0,1,1,1,3,Lost
12844.0,2011-11-10 13:31:00,5440.015706724487,2,325.96,1,1,1,3,Lost
16830.0,2011-11-01 11:35:00,5449.096262279898,1,325.91,1,1,1,3,Lost
14850.0,2011-02-01 11:21:00,5722.105984502006,1,325.75,1,1,1,3,Lost
15944.0,2011-03-08 10:33:00,5687.139317835681,1,325.1,1,1,1,3,Lost
12790.0,2011-05-31 14:14:00,5602.985845613293,1,324.92,1,1,1,3,Lost
13801.0,2011-10-04 10:15:00,5477.151817835402,1,324.8,1,1,1,3,Lost
15597.0,2011-11-04 13:26:00,5446.0191789465025,1,324.57,1,1,1,3,Lost
16685.0,2011-10-09 13:58:00,5471.9969567246735,2,324.24,1,1,1,3,Lost
18261.0,2011-10-27 15:36:00,5453.928901168983,2,324.24,1,1,1,3,Lost
14555.0,2011-10-13 16:24:00,5467.895567835774,2,324.14,1,1,1,3,Lost
15675.0,2011-09-19 13:48:00,5492.003901168704,3,323.69,1,1,1,3,Lost
17793.0,2011-11-14 14:24:00,5435.978901168797,1,323.04,1,1,1,3,Lost
16739.0,2011-06-16 09:17:00,5587.192095613107,1,323.0,1,1,1,3,Lost
13955.0,2011-07-08 17:19:00,5564.857373391278,2,322.96,1,1,1,3,Lost
16627.0,2011-09-21 14:38:00,5489.969178946689,1,322.8,1,1,1,3,Lost
16342.0,2011-09-25 14:36:00,5485.970567835495,4,322.41,1,1,1,3,Lost
14424.0,2011-11-22 11:48:00,5428.087234502193,1,322.08,1,1,1,3,Lost
15224.0,2010-12-16 15:02:00,5768.952512280084,2,322.08,1,1,1,3,Lost
14484.0,2011-10-20 14:11:00,5460.9879289465025,1,321.92,1,1,1,3,Lost
14823.0,2011-06-12 13:12:00,5591.028901169077,3,321.43,1,1,1,3,Lost
15236.0,2011-02-14 10:52:00,5709.126123391092,1,321.05,1,1,1,3,Lost
18117.0,2011-11-14 12:47:00,5436.046262280084,1,320.72,1,1,1,3,Lost
16096.0,2011-03-20 13:38:00,5675.0108456132,1,320.62,1,1,1,3,Lost
14622.0,2011-06-08 12:42:00,5595.049734502099,1,320.58,1,1,1,3,Lost
13986.0,2011-11-22 15:00:00,5427.95390116889,1,320.46,1,1,1,3,Lost
16674.0,2011-10-16 11:31:00,5465.099040057976,2,319.61,1,1,1,3,Lost
16967.0,2011-06-03 14:24:00,5599.978901168797,1,319.02,1,1,1,3,Lost
17157.0,2011-12-02 09:10:00,5418.196956724394,2,319.0,1,1,1,3,Lost
17229.0,2011-09-04 13:56:00,5506.99834561348,2,318.76,1,1,1,3,Lost
17248.0,2011-08-11 13:34:00,5531.013623391278,1,318.65,1,1,1,3,Lost
14703.0,2011-11-25 09:23:00,5425.187928946689,1,318.17,1,1,1,3,Lost
12648.0,2011-07-08 11:55:00,5565.082373390906,1,318.05,1,1,1,3,Lost
18066.0,2011-09-25 15:30:00,5485.933067835402,1,318.0,1,1,1,3,Lost
17172.0,2011-09-22 09:36:00,5489.178901168983,1,317.76,1,1,1,3,Lost
17267.0,2011-08-04 17:22:00,5537.855290057603,2,317.62,1,1,1,3,Lost
15101.0,2011-12-01 10:18:00,5419.149734502193,2,317.53,1,1,1,3,Lost
16386.0,2011-11-11 12:28:00,5439.0594567246735,2,317.2,1,1,1,3,Lost
15257.0,2011-03-01 12:58:00,5694.038623391185,1,317.15,1,1,1,3,Lost
15385.0,2011-10-30 15:11:00,5450.946262279991,1,316.88,1,1,1,3,Lost
15243.0,2011-09-26 14:12:00,5484.987234502099,1,316.68,1,1,1,3,Lost
16761.0,2011-09-04 11:15:00,5507.11015116889,1,316.62,1,1,1,3,Lost
15204.0,2010-12-17 13:49:00,5768.003206724301,1,316.58,1,1,1,3,Lost
17458.0,2011-11-24 13:01:00,5426.036540057976,1,316.5,1,1,1,3,Lost
13494.0,2011-02-01 11:58:00,5722.080290057696,1,316.26,1,1,1,3,Lost
14479.0,2011-03-31 09:07:00,5664.199040057603,2,316.25,1,1,1,3,Lost
16473.0,2011-06-28 09:10:00,5575.196956724394,3,316.11,1,1,1,3,Lost
12614.0,2011-03-07 10:22:00,5688.14695672458,1,315.6,1,1,1,3,Lost
15766.0,2011-10-06 17:03:00,5474.868484502193,1,315.06,1,1,1,3,Lost
16091.0,2011-07-08 08:45:00,5565.214317835402,2,315.06,1,1,1,3,Lost
17237.0,2011-11-28 15:02:00,5421.952512280084,2,314.69,1,1,1,3,Lost
16193.0,2011-04-17 11:45:00,5647.089317835402,1,314.45,1,1,1,3,Lost
12650.0,2011-12-06 16:34:00,5413.888623391278,1,314.44,1,1,1,3,Lost
16227.0,2011-04-28 13:33:00,5636.014317835681,1,314.22,1,1,1,3,Lost
15970.0,2011-02-09 12:08:00,5714.0733456132,1,314.1,1,1,1,3,Lost
13484.0,2011-04-12 16:30:00,5651.89140116889,1,313.8,1,1,1,3,Lost
16582.0,2011-08-18 17:02:00,5523.869178946596,1,313.62,1,1,1,3,Lost
14729.0,2010-12-01 12:43:00,5784.049040057696,1,313.49,1,1,1,3,Lost
13845.0,2011-10-06 08:25:00,5475.228206724394,1,312.98,1,1,1,3,Lost
15318.0,2011-12-06 11:30:00,5414.099734502379,1,312.62,1,1,1,3,Lost
12834.0,2011-03-02 09:49:00,5693.169873391278,1,312.38,1,1,1,3,Lost
17362.0,2011-04-14 14:43:00,5649.9657067246735,2,312.23,1,1,1,3,Lost
17070.0,2011-08-17 17:01:00,5524.869873390999,1,312.14,1,1,1,3,Lost
12785.0,2010-12-10 13:48:00,5775.003901168704,1,311.95,1,1,1,3,Lost
16450.0,2011-07-13 11:47:00,5560.087928946596,1,311.92,1,1,1,3,Lost
14142.0,2010-12-01 16:33:00,5783.889317835681,1,311.81,1,1,1,3,Lost
15326.0,2011-01-10 11:38:00,5744.094178946689,1,311.71,1,1,1,3,Lost
14951.0,2011-09-21 15:15:00,5489.943484502379,1,311.69,1,1,1,3,Lost
14327.0,2011-06-29 13:58:00,5573.9969567246735,1,311.65,1,1,1,3,Lost
12852.0,2011-02-18 08:47:00,5705.212928946596,1,311.55,1,1,1,3,Lost
13990.0,2011-05-10 15:19:00,5623.940706724301,1,311.3,1,1,1,3,Lost
17854.0,2011-06-07 16:21:00,5595.897651168983,2,311.26,1,1,1,3,Lost
16781.0,2010-12-02 14:26:00,5782.977512279991,1,311.25,1,1,1,3,Lost
13897.0,2011-10-20 14:30:00,5460.974734502379,1,311.16,1,1,1,3,Lost
17266.0,2011-12-07 14:12:00,5412.987234502099,3,310.64,1,1,1,3,Lost
15185.0,2011-09-30 14:06:00,5480.991401168983,1,310.62,1,1,1,3,Lost
15308.0,2011-03-10 13:08:00,5685.031678946689,1,310.47,1,1,1,3,Lost
14311.0,2011-04-11 10:14:00,5653.152512279805,1,310.26,1,1,1,3,Lost
14924.0,2011-04-08 09:25:00,5656.186540057883,1,310.05,1,1,1,3,Lost
15661.0,2011-01-26 13:56:00,5727.99834561348,2,309.8,1,1,1,3,Lost
15699.0,2011-11-22 08:26:00,5428.227512279991,1,309.65,1,1,1,3,Lost
16810.0,2011-05-31 15:32:00,5602.931678946596,1,309.54,1,1,1,3,Lost
14339.0,2011-04-11 11:06:00,5653.116401168983,1,309.52,1,1,1,3,Lost
14847.0,2011-07-14 10:52:00,5559.126123391092,1,309.4,1,1,1,3,Lost
17604.0,2011-05-06 13:43:00,5628.007373391185,2,309.36,1,1,1,3,Lost
12884.0,2011-09-12 13:10:00,5499.030290057883,1,309.05,1,1,1,3,Lost
13787.0,2011-09-25 12:06:00,5486.074734502006,2,309.04,1,1,1,3,Lost
15010.0,2011-11-04 12:42:00,5446.049734502099,1,308.94,1,1,1,3,Lost
16956.0,2011-11-22 08:56:00,5428.2066789465025,1,308.74,1,1,1,3,Lost
13699.0,2011-07-07 16:51:00,5565.876817835495,1,308.58,1,1,1,3,Lost
17510.0,2011-11-15 10:00:00,5435.162234502379,1,308.48,1,1,1,3,Lost
13369.0,2010-12-09 11:30:00,5776.099734502379,1,308.28,1,1,1,3,Lost
13466.0,2011-06-08 16:39:00,5594.885151168797,1,307.9,1,1,1,3,Lost
15973.0,2010-12-08 11:42:00,5777.091401169077,1,307.82,1,1,1,3,Lost
16123.0,2011-10-19 09:18:00,5462.191401168704,1,307.78,1,1,1,3,Lost
13529.0,2011-09-22 09:15:00,5489.193484502379,2,307.76,1,1,1,3,Lost
13395.0,2011-06-07 15:04:00,5595.951123391278,1,307.72,1,1,1,3,Lost
13060.0,2011-03-31 11:37:00,5664.094873391092,1,307.53,1,1,1,3,Lost
14915.0,2011-09-09 13:34:00,5502.013623391278,2,307.48,1,1,1,3,Lost
17120.0,2011-04-20 15:21:00,5643.939317835495,1,307.46,1,1,1,3,Lost
13932.0,2011-02-18 12:02:00,5705.077512280084,1,307.4,1,1,1,3,Lost
13142.0,2011-11-20 16:07:00,5429.907373391092,1,307.09,1,1,1,3,Lost
17334.0,2011-02-10 14:59:00,5712.954595613293,2,307.02,1,1,1,3,Lost
15087.0,2011-03-03 10:34:00,5692.138623391278,1,306.94,1,1,1,3,Lost
17551.0,2010-12-15 14:12:00,5769.987234502099,1,306.84,1,1,1,3,Lost
13762.0,2011-05-05 09:15:00,5629.193484502379,1,306.72,1,1,1,3,Lost
13718.0,2011-04-07 13:24:00,5657.020567835774,2,306.55,1,1,1,3,Lost
18059.0,2011-11-16 16:49:00,5433.878206724301,3,306.46,1,1,1,3,Lost
15659.0,2011-10-27 09:23:00,5454.187928946689,1,306.45,1,1,1,3,Lost
17176.0,2011-05-22 12:41:00,5612.0504289465025,1,306.13,1,1,1,3,Lost
13863.0,2011-04-06 10:20:00,5658.1483456133865,1,305.78,1,1,1,3,Lost
15219.0,2011-06-16 16:57:00,5586.872651169077,1,305.75,1,1,1,3,Lost
16796.0,2011-09-11 14:01:00,5499.994873390999,1,305.62,1,1,1,3,Lost
16181.0,2011-09-27 13:38:00,5484.0108456132,1,305.54,1,1,1,3,Lost
13045.0,2011-09-01 15:04:00,5509.951123391278,1,305.28,1,1,1,3,Lost
18220.0,2011-04-27 09:03:00,5637.201817835681,1,305.28,1,1,1,3,Lost
12623.0,2011-03-08 13:50:00,5687.002512279898,1,305.1,1,1,1,3,Lost
13667.0,2011-07-13 15:42:00,5559.924734502099,1,305.02,1,1,1,3,Lost
17941.0,2011-08-01 08:30:00,5541.224734502379,1,304.56,1,1,1,3,Lost
15163.0,2011-11-21 13:10:00,5429.030290057883,2,304.47,1,1,1,3,Lost
16217.0,2011-04-18 13:31:00,5646.015706724487,2,304.25,1,1,1,3,Lost
18185.0,2011-04-04 13:42:00,5660.008067835588,1,304.25,1,1,1,3,Lost
17732.0,2010-12-02 09:29:00,5783.183762279805,1,303.97,1,1,1,3,Lost
16400.0,2011-09-06 12:27:00,5505.060151169077,1,303.93,1,1,1,3,Lost
13083.0,2011-12-05 15:01:00,5414.953206724487,2,303.75,1,1,1,3,Lost
17433.0,2011-09-12 14:24:00,5498.978901168797,1,303.16,1,1,1,3,Lost
15060.0,2011-12-01 13:47:00,5419.004595613107,4,303.09,1,1,1,3,Lost
16425.0,2011-02-10 14:30:00,5712.974734502379,1,302.7,1,1,1,3,Lost
14248.0,2011-01-25 14:45:00,5728.964317835402,1,302.58,1,1,1,3,Lost
18165.0,2011-06-15 13:23:00,5588.021262280177,1,302.46,1,1,1,3,Lost
16104.0,2011-10-09 10:23:00,5472.146262280177,1,302.36,1,1,1,3,Lost
16292.0,2011-08-10 12:24:00,5532.062234502286,1,302.25,1,1,1,3,Lost
17506.0,2011-09-25 11:39:00,5486.093484502286,1,302.2,1,1,1,3,Lost
15054.0,2011-11-27 15:02:00,5422.952512280084,2,302.1,1,1,1,3,Lost
17094.0,2011-01-21 13:09:00,5733.030984502286,1,302.0,1,1,1,3,Lost
16297.0,2011-03-16 08:29:00,5679.225428946782,1,301.9,1,1,1,3,Lost
16715.0,2011-09-22 18:15:00,5488.818484502379,1,301.72,1,1,1,3,Lost
15667.0,2011-10-31 10:56:00,5450.12334561348,1,301.32,1,1,1,3,Lost
15148.0,2011-11-29 08:21:00,5421.230984502006,1,301.29,1,1,1,3,Lost
15623.0,2011-07-21 17:26:00,5551.852512279991,1,301.03,1,1,1,3,Lost
13479.0,2011-05-23 10:45:00,5611.130984502379,2,300.95,1,1,1,3,Lost
17978.0,2010-12-09 14:05:00,5775.9920956133865,1,300.92,1,1,1,3,Lost
16430.0,2011-10-13 14:47:00,5467.962928946596,1,300.85,1,1,1,3,Lost
16479.0,2011-11-29 13:40:00,5421.009456724394,2,300.83,1,1,1,3,Lost
14762.0,2011-03-21 08:20:00,5674.231678946875,1,300.52,1,1,1,3,Lost
13304.0,2010-12-23 14:35:00,5761.971262279898,1,300.42,1,1,1,3,Lost
15254.0,2011-08-04 15:04:00,5537.951123391278,1,300.36,1,1,1,3,Lost
13745.0,2011-06-30 16:43:00,5572.882373391185,1,300.04,1,1,1,3,Lost
18053.0,2011-09-30 09:05:00,5481.200428946875,1,300.02,1,1,1,3,Lost
16402.0,2011-03-20 12:25:00,5675.061540057883,2,299.6,1,1,1,3,Lost
18215.0,2011-09-11 16:05:00,5499.908762279898,1,299.34,1,1,1,3,Lost
17124.0,2011-06-07 14:02:00,5595.994178946596,1,298.89,1,1,1,3,Lost
15609.0,2011-06-08 13:00:00,5595.037234502379,1,298.48,1,1,1,3,Lost
17255.0,2011-10-30 12:18:00,5451.066401168704,2,298.41,1,1,1,3,Lost
17824.0,2011-10-19 14:14:00,5461.985845613293,1,298.4,1,1,1,3,Lost
17678.0,2011-03-21 11:52:00,5674.08445672458,1,298.11,1,1,1,3,Lost
12881.0,2011-03-09 11:44:00,5686.090012279805,1,298.0,1,1,1,3,Lost
15857.0,2011-11-21 12:18:00,5429.066401168704,1,297.0,1,1,1,3,Lost
13708.0,2011-03-13 13:46:00,5682.005290057976,1,296.88,1,1,1,3,Lost
14985.0,2011-05-25 14:29:00,5608.975428946782,2,296.75,1,1,1,3,Lost
17531.0,2011-06-02 19:17:00,5600.775428946596,1,296.7,1,1,1,3,Lost
13441.0,2011-09-09 09:38:00,5502.177512280177,1,296.64,1,1,1,3,Lost
15154.0,2011-09-25 16:05:00,5485.908762279898,1,296.42,1,1,1,3,Lost
13751.0,2011-02-24 15:56:00,5698.915012279991,1,296.25,1,1,1,3,Lost
13504.0,2011-10-06 13:20:00,5475.0233456133865,1,295.93,1,1,1,3,Lost
16998.0,2011-07-13 09:44:00,5560.173345613293,4,295.0,1,1,1,3,Lost
13573.0,2011-10-20 14:33:00,5460.972651168704,2,294.4,1,1,1,3,Lost
15732.0,2011-05-11 14:24:00,5622.978901168797,2,294.12,1,1,1,3,Lost
17163.0,2011-11-18 08:57:00,5432.205984502099,2,293.1,1,1,1,3,Lost
12829.0,2011-01-07 11:13:00,5747.111540057696,2,293.0,1,1,1,3,Lost
15545.0,2011-10-16 13:24:00,5465.020567835774,2,292.72,1,1,1,3,Lost
16721.0,2011-03-22 16:08:00,5672.906678946689,1,292.47,1,1,1,3,Lost
13259.0,2011-10-09 10:48:00,5472.128901168704,1,292.32,1,1,1,3,Lost
13502.0,2011-11-23 10:39:00,5427.135151168797,3,292.0,1,1,1,3,Lost
13449.0,2011-11-16 08:28:00,5434.226123391185,1,291.88,1,1,1,3,Lost
13544.0,2011-10-31 11:57:00,5450.080984502099,2,291.41,1,1,1,3,Lost
14656.0,2011-06-23 13:51:00,5580.001817835495,2,291.05,1,1,1,3,Lost
14947.0,2011-09-28 15:48:00,5482.920567835681,2,290.82,1,1,1,3,Lost
16648.0,2011-10-28 08:58:00,5453.205290057696,1,290.66,1,1,1,3,Lost
15279.0,2010-12-20 10:48:00,5765.128901168704,1,290.51,1,1,1,3,Lost
17691.0,2010-12-16 17:20:00,5768.856678946875,2,290.4,1,1,1,3,Lost
16526.0,2011-06-21 12:02:00,5582.077512280084,1,290.36,1,1,1,3,Lost
17081.0,2011-11-14 12:56:00,5436.040012279991,2,290.16,1,1,1,3,Lost
14784.0,2011-11-13 13:30:00,5437.01640116889,2,289.99,1,1,1,3,Lost
17464.0,2011-07-04 13:19:00,5569.0240400577895,1,289.96,1,1,1,3,Lost
14953.0,2011-11-14 14:59:00,5435.954595613293,1,289.82,1,1,1,3,Lost
16897.0,2011-02-13 15:02:00,5709.952512280084,2,289.78,1,1,1,3,Lost
14162.0,2011-06-19 11:36:00,5584.095567835495,2,289.36,1,1,1,3,Lost
16125.0,2010-12-07 15:48:00,5777.920567835681,1,289.35,1,1,1,3,Lost
14549.0,2011-02-01 13:47:00,5722.004595613107,1,289.24,1,1,1,3,Lost
17501.0,2011-05-03 09:47:00,5631.171262280084,2,288.6,1,1,1,3,Lost
16808.0,2011-09-01 19:34:00,5509.763623391278,2,288.42,1,1,1,3,Lost
15396.0,2011-08-19 10:56:00,5523.12334561348,1,288.18,1,1,1,3,Lost
17977.0,2011-11-10 13:28:00,5440.017790057696,1,288.14,1,1,1,3,Lost
17080.0,2011-11-17 12:59:00,5433.037928946782,2,287.62,1,1,1,3,Lost
17760.0,2011-11-18 10:56:00,5432.12334561348,2,287.59,1,1,1,3,Lost
16432.0,2011-10-06 13:59:00,5474.996262279805,1,287.4,1,1,1,3,Lost
13760.0,2011-10-16 16:13:00,5464.9032067246735,2,286.79,1,1,1,3,Lost
16555.0,2011-11-04 14:31:00,5445.974040057976,2,285.89,1,1,1,3,Lost
14660.0,2011-09-14 11:34:00,5497.096956724301,2,285.74,1,1,1,3,Lost
17636.0,2011-11-20 14:40:00,5429.967790057883,1,285.56,1,1,1,3,Lost
16429.0,2011-08-25 13:54:00,5516.999734502286,1,284.55,1,1,1,3,Lost
18190.0,2011-05-31 14:48:00,5602.962234502193,2,284.46,1,1,1,3,Lost
13121.0,2011-03-15 16:47:00,5679.879595613107,1,283.73,1,1,1,3,Lost
13439.0,2011-03-29 14:20:00,5665.981678946875,1,283.71,1,1,1,3,Lost
12703.0,2011-09-29 17:52:00,5481.83445672458,1,283.55,1,1,1,3,Lost
17783.0,2011-09-28 16:07:00,5482.907373391092,2,283.47,1,1,1,3,Lost
17251.0,2010-12-12 11:06:00,5773.116401168983,1,283.28,1,1,1,3,Lost
18270.0,2011-11-01 13:57:00,5448.997651169077,2,283.15,1,1,1,3,Lost
17694.0,2011-07-21 12:00:00,5552.07890116889,1,283.12,1,1,1,3,Lost
14350.0,2011-03-10 14:14:00,5684.985845613293,1,282.93,1,1,1,3,Lost
13754.0,2011-07-11 11:51:00,5562.085151168983,2,282.6,1,1,1,3,Lost
13177.0,2011-10-06 09:56:00,5475.165012279991,1,282.45,1,1,1,3,Lost
17247.0,2011-11-24 15:21:00,5425.939317835495,1,282.19,1,1,1,3,Lost
16557.0,2011-11-15 14:04:00,5434.9927900577895,2,281.85,1,1,1,3,Lost
17403.0,2011-11-03 15:18:00,5446.941401168704,1,281.62,1,1,1,3,Lost
16848.0,2011-10-18 08:42:00,5463.216401169077,1,281.42,1,1,1,3,Lost
14242.0,2011-04-19 11:46:00,5645.088623390999,2,280.55,1,1,1,3,Lost
13606.0,2011-11-10 17:46:00,5439.838623390999,3,280.54,1,1,1,3,Lost
16149.0,2011-12-05 11:29:00,5415.100428946782,2,280.52,1,1,1,3,Lost
14975.0,2011-10-13 14:08:00,5467.990012280177,1,279.94,1,1,1,3,Lost
15556.0,2011-11-15 16:08:00,5434.906678946689,1,279.77,1,1,1,3,Lost
14480.0,2011-11-28 16:35:00,5421.887928946875,1,279.05,1,1,1,3,Lost
17786.0,2011-09-15 12:51:00,5496.043484502006,2,278.74,1,1,1,3,Lost
14764.0,2011-10-24 11:54:00,5457.083067835774,1,278.3,1,1,1,3,Lost
14908.0,2011-09-26 12:56:00,5485.040012279991,1,277.8,1,1,1,3,Lost
17968.0,2010-12-01 12:23:00,5784.062928946689,1,277.35,1,1,1,3,Lost
13803.0,2011-03-29 12:57:00,5666.039317835588,1,277.07,1,1,1,3,Lost
15355.0,2011-11-10 13:44:00,5440.006678946782,2,277.05,1,1,1,3,Lost
16883.0,2011-06-05 12:51:00,5598.043484502006,2,276.73,1,1,1,3,Lost
13272.0,2011-11-08 14:00:00,5441.995567835402,2,276.56,1,1,1,3,Lost
14508.0,2011-11-17 19:48:00,5432.753901168704,2,276.42,1,1,1,3,Lost
12750.0,2011-08-03 09:13:00,5539.194873391185,1,275.88,1,1,1,3,Lost
14512.0,2011-06-05 12:39:00,5598.051817835774,2,275.28,1,1,1,3,Lost
16313.0,2011-12-06 13:02:00,5414.035845613107,2,274.15,1,1,1,3,Lost
16727.0,2010-12-10 13:48:00,5775.003901168704,1,272.82,1,1,1,3,Lost
17254.0,2011-12-05 12:46:00,5415.046956724487,2,272.44,1,1,1,3,Lost
17498.0,2011-09-25 12:25:00,5486.061540057883,1,272.22,1,1,1,3,Lost
14819.0,2011-10-06 13:41:00,5475.008762279991,2,272.07,1,1,1,3,Lost
13917.0,2011-10-21 09:56:00,5460.165012279991,2,272.04,1,1,1,3,Lost
14816.0,2011-05-26 13:16:00,5608.026123390999,1,271.85,1,1,1,3,Lost
13058.0,2011-11-15 12:43:00,5435.049040057696,3,271.4,1,1,1,3,Lost
13837.0,2011-05-12 12:10:00,5622.071956724394,2,271.24,1,1,1,3,Lost
17767.0,2011-11-24 14:42:00,5425.966401169077,1,271.2,1,1,1,3,Lost
17496.0,2010-12-16 08:39:00,5769.218484502286,1,271.05,1,1,1,3,Lost
18108.0,2011-03-30 13:56:00,5664.99834561348,1,271.0,1,1,1,3,Lost
17011.0,2011-11-09 13:30:00,5441.01640116889,1,270.9,1,1,1,3,Lost
15774.0,2011-10-02 12:04:00,5479.076123391278,1,270.8,1,1,1,3,Lost
13533.0,2011-06-10 11:54:00,5593.083067835774,3,270.79,1,1,1,3,Lost
14520.0,2011-12-08 09:46:00,5412.171956724487,2,270.6,1,1,1,3,Lost
13242.0,2011-08-19 12:53:00,5523.0420956132,3,270.4,1,1,1,3,Lost
12558.0,2011-12-02 10:41:00,5418.133762279991,1,269.96,1,1,1,3,Lost
14727.0,2011-03-10 14:45:00,5684.964317835402,1,268.58,1,1,1,3,Lost
15408.0,2011-03-20 15:02:00,5674.952512280084,1,267.18,1,1,1,3,Lost
17550.0,2011-05-26 14:09:00,5607.989317835774,3,267.16,1,1,1,3,Lost
15320.0,2011-10-26 13:27:00,5455.018484502099,1,267.13,1,1,1,3,Lost
17708.0,2011-06-05 10:12:00,5598.153901169077,2,267.08,1,1,1,3,Lost
15517.0,2011-04-20 14:02:00,5643.994178946596,1,267.03,1,1,1,3,Lost
16451.0,2011-09-13 09:17:00,5498.192095613107,1,266.97,1,1,1,3,Lost
14863.0,2011-11-10 15:04:00,5439.951123391278,1,266.76,1,1,1,3,Lost
15119.0,2011-04-08 09:08:00,5656.1983456132,1,266.4,1,1,1,3,Lost
12962.0,2011-12-02 15:55:00,5417.915706724394,2,266.39,1,1,1,3,Lost
15019.0,2011-03-18 12:35:00,5677.0545956133865,1,266.0,1,1,1,3,Lost
14068.0,2011-01-23 16:02:00,5730.910845613107,1,265.85,1,1,1,3,Lost
17430.0,2011-11-07 09:24:00,5443.187234502286,2,265.76,1,1,1,3,Lost
14423.0,2011-05-05 15:12:00,5628.945567835588,1,265.2,1,1,1,3,Lost
13973.0,2011-02-25 15:21:00,5697.939317835495,1,264.7,1,1,1,3,Lost
15912.0,2011-06-14 14:29:00,5588.975428946782,2,264.62,1,1,1,3,Lost
14452.0,2011-11-29 12:06:00,5421.074734502006,2,264.44,1,1,1,3,Lost
15894.0,2011-03-31 13:50:00,5664.002512279898,2,263.55,1,1,1,3,Lost
12492.0,2011-10-07 15:15:00,5473.943484502379,2,263.21,1,1,1,3,Lost
16936.0,2011-11-14 11:04:00,5436.1177900577895,1,262.68,1,1,1,3,Lost
17194.0,2011-03-11 12:05:00,5684.075428946875,2,262.62,1,1,1,3,Lost
16413.0,2011-10-14 12:08:00,5467.0733456132,1,262.2,1,1,1,3,Lost
17385.0,2011-11-25 11:02:00,5425.119178946596,1,261.11,1,1,1,3,Lost
13189.0,2011-11-21 10:39:00,5429.135151168797,2,260.68,1,1,1,3,Lost
14053.0,2011-08-07 14:27:00,5534.976817835588,2,260.25,1,1,1,3,Lost
15014.0,2011-10-27 20:07:00,5453.74070672458,2,260.17,1,1,1,3,Lost
15143.0,2011-04-28 12:03:00,5636.076817835681,1,259.45,1,1,1,3,Lost
17125.0,2011-10-20 14:41:00,5460.96709561348,1,259.35,1,1,1,3,Lost
13127.0,2011-09-23 10:26:00,5488.1441789465025,1,259.17,1,1,1,3,Lost
16447.0,2011-07-27 12:45:00,5546.04765116889,1,259.01,1,1,1,3,Lost
15577.0,2011-07-11 17:03:00,5561.868484502193,3,258.88,1,1,1,3,Lost
13277.0,2011-11-24 09:21:00,5426.189317835495,4,258.4,1,1,1,3,Lost
13227.0,2011-05-22 11:47:00,5612.087928946596,1,257.7,1,1,1,3,Lost
14375.0,2011-06-07 13:44:00,5596.006678946782,1,257.68,1,1,1,3,Lost
18009.0,2011-04-18 13:36:00,5646.012234502006,1,257.34,1,1,1,3,Lost
13626.0,2011-04-01 10:05:00,5663.158762279898,1,257.23,1,1,1,3,Lost
16048.0,2010-12-01 15:28:00,5783.9344567246735,2,256.44,1,1,1,3,Lost
12430.0,2011-10-27 15:09:00,5453.947651168797,1,256.4,1,1,1,3,Lost
13806.0,2011-10-07 11:43:00,5474.0907067246735,1,256.38,1,1,1,3,Lost
17896.0,2011-11-16 13:59:00,5433.996262279805,1,256.32,1,1,1,3,Lost
14761.0,2011-10-12 12:10:00,5469.071956724394,2,255.9,1,1,1,3,Lost
15277.0,2011-10-24 10:08:00,5457.156678946689,1,255.9,1,1,1,3,Lost
14881.0,2011-11-20 11:06:00,5430.116401168983,1,255.4,1,1,1,3,Lost
16226.0,2011-05-20 14:41:00,5613.96709561348,3,255.12,1,1,1,3,Lost
15261.0,2011-07-27 15:20:00,5545.940012279898,1,254.82,1,1,1,3,Lost
12604.0,2011-09-21 14:08:00,5489.990012280177,2,254.18,1,1,1,3,Lost
14765.0,2011-11-10 19:53:00,5439.750428946689,3,254.11,1,1,1,3,Lost
15689.0,2011-08-12 09:37:00,5530.17820672458,2,254.1,1,1,1,3,Lost
12797.0,2010-12-09 10:55:00,5776.124040057883,1,254.03,1,1,1,3,Lost
15759.0,2011-05-05 15:13:00,5628.944873391185,3,253.04,1,1,1,3,Lost
17860.0,2010-12-06 12:41:00,5779.0504289465025,1,252.8,1,1,1,3,Lost
15035.0,2011-09-11 11:08:00,5500.115012280177,1,252.73,1,1,1,3,Lost
13404.0,2011-12-08 15:37:00,5411.92820672458,2,252.49,1,1,1,3,Lost
15346.0,2011-01-11 11:18:00,5743.108067835681,1,252.42,1,1,1,3,Lost
13645.0,2011-08-11 16:11:00,5530.90459561348,1,252.1,1,1,1,3,Lost
13711.0,2011-05-05 10:31:00,5629.140706724487,2,252.06,1,1,1,3,Lost
16330.0,2011-11-22 12:24:00,5428.062234502286,3,251.91,1,1,1,3,Lost
16836.0,2011-10-31 10:05:00,5450.158762279898,2,251.87,1,1,1,3,Lost
17155.0,2011-11-22 12:38:00,5428.052512280177,2,251.7,1,1,1,3,Lost
16976.0,2011-03-17 16:33:00,5677.889317835681,1,251.52,1,1,1,3,Lost
16024.0,2011-11-27 13:26:00,5423.0191789465025,1,251.24,1,1,1,3,Lost
13512.0,2011-03-24 10:03:00,5671.160151168704,1,251.21,1,1,1,3,Lost
14501.0,2011-06-09 12:02:00,5594.077512280084,2,251.21,1,1,1,3,Lost
13207.0,2011-11-24 14:52:00,5425.95945672458,2,250.26,1,1,1,3,Lost
16596.0,2011-11-24 10:02:00,5426.160845613107,2,250.15,1,1,1,3,Lost
17303.0,2010-12-13 13:32:00,5772.015012280084,1,250.04,1,1,1,3,Lost
15510.0,2011-01-13 12:10:00,5741.071956724394,1,250.0,1,1,1,3,Lost
17456.0,2010-12-09 15:23:00,5775.937928946689,1,249.86,1,1,1,3,Lost
18005.0,2011-12-06 11:51:00,5414.085151168983,2,249.72,1,1,1,3,Lost
16124.0,2011-01-26 14:45:00,5727.964317835402,1,249.0,1,1,1,3,Lost
13061.0,2011-09-28 16:04:00,5482.909456724301,1,248.61,1,1,1,3,Lost
17111.0,2011-10-23 15:59:00,5457.912928946782,1,248.61,1,1,1,3,Lost
18212.0,2011-01-17 16:14:00,5736.902512279805,1,248.42,1,1,1,3,Lost
16510.0,2010-12-02 13:39:00,5783.010151168797,1,248.1,1,1,1,3,Lost
15097.0,2011-12-05 14:03:00,5414.993484502193,1,248.08,1,1,1,3,Lost
13592.0,2011-11-04 09:49:00,5446.169873391278,4,247.96,1,1,1,3,Lost
18072.0,2011-06-07 10:44:00,5596.131678946782,1,247.44,1,1,1,3,Lost
13349.0,2011-11-29 08:07:00,5421.24070672458,1,247.32,1,1,1,3,Lost
14658.0,2011-12-04 15:35:00,5415.9295956133865,2,247.15,1,1,1,3,Lost
17051.0,2011-05-29 14:13:00,5604.986540057696,1,247.14,1,1,1,3,Lost
15783.0,2011-11-29 09:50:00,5421.169178946875,1,246.3,1,1,1,3,Lost
17278.0,2011-04-12 13:10:00,5652.030290057883,1,246.04,1,1,1,3,Lost
16778.0,2011-09-26 13:48:00,5485.003901168704,2,245.94,1,1,1,3,Lost
17771.0,2011-10-14 11:43:00,5467.0907067246735,2,245.81,1,1,1,3,Lost
12660.0,2011-11-28 13:26:00,5422.0191789465025,1,245.1,1,1,1,3,Lost
15118.0,2011-07-28 14:54:00,5544.958067835774,1,244.8,1,1,1,3,Lost
16601.0,2011-10-30 11:09:00,5451.114317835774,1,244.8,1,1,1,3,Lost
16528.0,2011-12-06 12:45:00,5414.04765116889,1,244.41,1,1,1,3,Lost
17892.0,2011-10-14 16:49:00,5466.878206724301,3,244.1,1,1,1,3,Lost
17925.0,2010-12-02 10:10:00,5783.155290057883,1,244.08,1,1,1,3,Lost
13103.0,2011-10-31 09:38:00,5450.177512280177,1,243.94,1,1,1,3,Lost
16793.0,2011-10-13 15:08:00,5467.9483456132,1,243.84,1,1,1,3,Lost
18193.0,2011-06-27 13:58:00,5575.9969567246735,1,243.76,1,1,1,3,Lost
13886.0,2011-09-29 13:17:00,5482.025428946596,1,243.56,1,1,1,3,Lost
15634.0,2011-11-22 16:28:00,5427.892790057696,1,243.55,1,1,1,3,Lost
17339.0,2011-09-06 13:29:00,5505.017095613293,2,243.36,1,1,1,3,Lost
17908.0,2010-12-01 11:45:00,5784.089317835402,1,243.28,1,1,1,3,Lost
14647.0,2011-05-22 13:40:00,5612.009456724394,1,243.22,1,1,1,3,Lost
16215.0,2011-09-20 10:18:00,5491.149734502193,1,242.35,1,1,1,3,Lost
15776.0,2011-07-29 13:46:00,5544.005290057976,1,241.62,1,1,1,3,Lost
14523.0,2011-08-23 13:13:00,5519.0282067246735,1,241.09,1,1,1,3,Lost
16427.0,2011-03-21 17:10:00,5673.863623390906,2,241.06,1,1,1,3,Lost
15598.0,2011-10-17 16:04:00,5463.909456724301,1,240.68,1,1,1,3,Lost
15286.0,2011-10-21 11:08:00,5460.115012280177,1,240.55,1,1,1,3,Lost
13565.0,2011-11-20 14:33:00,5429.972651168704,2,240.22,1,1,1,3,Lost
17256.0,2011-08-24 13:30:00,5518.01640116889,2,240.0,1,1,1,3,Lost
17181.0,2011-10-13 14:48:00,5467.962234502193,2,239.92,1,1,1,3,Lost
15690.0,2011-12-05 15:59:00,5414.912928946782,2,239.76,1,1,1,3,Lost
13570.0,2011-04-10 13:36:00,5654.012234502006,1,239.49,1,1,1,3,Lost
17684.0,2011-10-27 11:10:00,5454.113623390906,1,239.41,1,1,1,3,Lost
16756.0,2011-05-09 09:33:00,5625.180984502193,1,239.4,1,1,1,3,Lost
12561.0,2011-02-10 11:39:00,5713.093484502286,1,238.85,1,1,1,3,Lost
15850.0,2011-11-20 14:14:00,5429.985845613293,2,238.85,1,1,1,3,Lost
12718.0,2011-09-29 16:38:00,5481.8858456132,1,238.25,1,1,1,3,Lost
17877.0,2011-06-22 13:00:00,5581.037234502379,1,237.61,1,1,1,3,Lost
14586.0,2011-03-08 10:04:00,5687.159456724301,1,237.36,1,1,1,3,Lost
15457.0,2011-03-22 15:31:00,5672.932373390999,1,237.07,1,1,1,3,Lost
18110.0,2011-11-20 12:34:00,5430.0552900577895,1,236.3,1,1,1,3,Lost
12732.0,2011-06-13 11:33:00,5590.097651168704,1,236.26,1,1,1,3,Lost
16026.0,2011-10-27 13:53:00,5454.000428946689,1,236.09,1,1,1,3,Lost
13187.0,2011-01-06 18:57:00,5747.789317835588,1,236.02,1,1,1,3,Lost
15462.0,2011-09-06 13:11:00,5505.02959561348,3,234.6,1,1,1,3,Lost
14473.0,2011-09-26 15:10:00,5484.946956724394,2,234.34,1,1,1,3,Lost
17060.0,2011-03-18 13:27:00,5677.018484502099,1,234.24,1,1,1,3,Lost
16961.0,2011-08-15 13:46:00,5527.005290057976,1,234.17,1,1,1,3,Lost
12736.0,2011-01-11 07:57:00,5743.247651169077,1,234.0,1,1,1,3,Lost
15483.0,2011-07-01 13:07:00,5572.032373391092,4,233.81,1,1,1,3,Lost
13348.0,2011-10-06 17:28:00,5474.851123391185,1,233.76,1,1,1,3,Lost
16583.0,2010-12-01 12:03:00,5784.076817835681,1,233.45,1,1,1,3,Lost
14995.0,2011-11-01 11:39:00,5449.093484502286,2,233.23,1,1,1,3,Lost
16302.0,2011-08-05 09:44:00,5537.173345613293,1,233.22,1,1,1,3,Lost
13678.0,2011-07-11 10:14:00,5562.152512279805,1,232.6,1,1,1,3,Lost
18213.0,2011-04-17 10:21:00,5647.147651168983,1,232.48,1,1,1,3,Lost
16117.0,2011-06-03 11:42:00,5600.091401169077,1,232.21,1,1,1,3,Lost
15393.0,2011-11-23 16:48:00,5426.878901168704,2,231.86,1,1,1,3,Lost
16641.0,2011-08-26 12:49:00,5516.044873391278,1,231.1,1,1,1,3,Lost
18030.0,2011-12-05 16:37:00,5414.886540057603,2,230.65,1,1,1,3,Lost
15866.0,2011-08-30 14:09:00,5511.989317835774,1,230.53,1,1,1,3,Lost
16445.0,2011-11-06 12:32:00,5444.056678946596,1,230.51,1,1,1,3,Lost
13786.0,2010-12-07 13:53:00,5778.000428946689,1,230.4,1,1,1,3,Lost
16926.0,2010-12-03 13:42:00,5782.008067835588,1,230.25,1,1,1,3,Lost
13960.0,2011-11-18 15:27:00,5431.935151169077,2,230.22,1,1,1,3,Lost
12812.0,2011-10-26 09:54:00,5455.166401168797,1,229.64,1,1,1,3,Lost
13474.0,2011-04-17 13:53:00,5647.000428946689,1,229.59,1,1,1,3,Lost
13008.0,2011-01-20 14:24:00,5733.978901168797,1,229.47,1,1,1,3,Lost
15528.0,2011-03-30 16:14:00,5664.902512279805,1,229.33,1,1,1,3,Lost
14793.0,2011-11-18 14:50:00,5431.9608456133865,1,228.99,1,1,1,3,Lost
17347.0,2011-09-14 13:12:00,5497.028901169077,1,228.96,1,1,1,3,Lost
13146.0,2011-11-13 15:29:00,5436.933762279805,1,228.91,1,1,1,3,Lost
13712.0,2011-04-07 12:33:00,5657.055984502193,1,228.84,1,1,1,3,Lost
13070.0,2011-05-31 13:45:00,5603.005984502379,1,228.8,1,1,1,3,Lost
17969.0,2011-06-26 13:00:00,5577.037234502379,2,228.2,1,1,1,3,Lost
16527.0,2011-09-19 16:21:00,5491.897651168983,1,228.06,1,1,1,3,Lost
14569.0,2011-12-08 14:58:00,5411.955290057696,1,227.39,1,1,1,3,Lost
17212.0,2011-03-31 19:42:00,5663.758067835588,1,226.85,1,1,1,3,Lost
17572.0,2011-09-29 17:53:00,5481.833762280177,4,226.75,1,1,1,3,Lost
16315.0,2011-01-13 11:57:00,5741.080984502099,1,226.37,1,1,1,3,Lost
16777.0,2011-09-20 13:41:00,5491.008762279991,2,226.35,1,1,1,3,Lost
16619.0,2011-03-21 08:18:00,5674.233067835681,1,226.21,1,1,1,3,Lost
12672.0,2011-01-14 09:20:00,5740.190012279898,1,225.9,1,1,1,3,Lost
17789.0,2011-03-03 13:14:00,5692.027512279805,1,225.9,1,1,1,3,Lost
14624.0,2011-10-13 13:44:00,5468.006678946782,2,225.85,1,1,1,3,Lost
14357.0,2011-10-27 16:23:00,5453.896262280177,1,225.77,1,1,1,3,Lost
12402.0,2011-01-20 13:49:00,5734.003206724301,1,225.6,1,1,1,3,Lost
16690.0,2011-09-28 15:02:00,5482.952512280084,2,225.58,1,1,1,3,Lost
14052.0,2011-11-20 12:30:00,5430.058067835402,1,225.36,1,1,1,3,Lost
16587.0,2011-04-21 15:51:00,5642.918484502006,1,225.15,1,1,1,3,Lost
17171.0,2011-02-23 16:37:00,5699.886540057603,1,224.91,1,1,1,3,Lost
15175.0,2011-09-29 11:31:00,5482.099040057976,1,224.14,1,1,1,3,Lost
16471.0,2011-03-10 09:41:00,5685.1754289465025,1,223.95,1,1,1,3,Lost
16753.0,2011-10-12 13:14:00,5469.027512279805,1,223.92,1,1,1,3,Lost
14929.0,2011-11-07 17:21:00,5442.855984502006,1,223.88,1,1,1,3,Lost
13926.0,2011-11-16 13:16:00,5434.026123390999,1,223.85,1,1,1,3,Lost
18101.0,2011-11-28 13:37:00,5422.011540057603,2,223.65,1,1,1,3,Lost
15637.0,2011-10-18 08:28:00,5463.226123391185,1,223.36,1,1,1,3,Lost
17534.0,2011-10-17 12:47:00,5464.046262280084,1,223.36,1,1,1,3,Lost
13382.0,2011-03-04 10:03:00,5691.160151168704,1,222.99,1,1,1,3,Lost
15897.0,2011-05-29 13:50:00,5605.002512279898,2,222.05,1,1,1,3,Lost
14598.0,2011-10-26 13:19:00,5455.0240400577895,1,221.97,1,1,1,3,Lost
14960.0,2011-12-01 12:54:00,5419.041401168797,2,221.27,1,1,1,3,Lost
16392.0,2011-03-15 12:11:00,5680.071262279991,1,221.19,1,1,1,3,Lost
13419.0,2011-10-07 12:49:00,5474.044873391278,1,221.06,1,1,1,3,Lost
15790.0,2011-11-29 14:53:00,5420.958762280177,1,220.85,1,1,1,3,Lost
16482.0,2011-11-24 12:33:00,5426.055984502193,1,220.62,1,1,1,3,Lost
18114.0,2011-02-22 13:20:00,5701.0233456133865,1,220.1,1,1,1,3,Lost
13600.0,2011-01-31 15:27:00,5722.935151169077,1,219.52,1,1,1,3,Lost
15096.0,2011-10-28 10:27:00,5453.143484502099,1,219.39,1,1,1,3,Lost
16895.0,2011-10-06 12:15:00,5475.068484502379,1,219.14,1,1,1,3,Lost
12702.0,2011-11-20 10:36:00,5430.137234502006,1,219.0,1,1,1,3,Lost
13669.0,2011-10-20 09:32:00,5461.181678946596,2,218.55,1,1,1,3,Lost
17619.0,2011-01-31 14:18:00,5722.983067835681,1,218.52,1,1,1,3,Lost
13428.0,2011-11-29 14:20:00,5420.981678946875,1,218.47,1,1,1,3,Lost
12574.0,2011-01-28 09:20:00,5726.190012279898,1,218.45,1,1,1,3,Lost
15724.0,2011-05-22 14:40:00,5611.967790057883,2,218.25,1,1,1,3,Lost
14570.0,2011-03-04 10:58:00,5691.1219567246735,2,218.06,1,1,1,3,Lost
16634.0,2011-05-01 12:09:00,5633.072651168797,2,217.9,1,1,1,3,Lost
13271.0,2011-11-02 14:31:00,5447.974040057976,1,217.38,1,1,1,3,Lost
15554.0,2011-03-07 09:00:00,5688.20390116889,1,217.2,1,1,1,3,Lost
16080.0,2011-09-19 10:42:00,5492.133067835588,2,217.16,1,1,1,3,Lost
13739.0,2011-11-21 13:35:00,5429.012928946875,1,216.9,1,1,1,3,Lost
13503.0,2011-09-29 13:23:00,5482.021262280177,1,216.85,1,1,1,3,Lost
15460.0,2010-12-20 16:08:00,5764.906678946689,1,216.76,1,1,1,3,Lost
12897.0,2011-05-19 12:13:00,5615.069873391185,2,216.5,1,1,1,3,Lost
15604.0,2011-10-18 14:47:00,5462.962928946596,1,216.39,1,1,1,3,Lost
17436.0,2011-12-08 12:30:00,5412.058067835402,2,216.3,1,1,1,3,Lost
14104.0,2011-07-08 12:50:00,5565.044178946875,2,216.21,1,1,1,3,Lost
13858.0,2011-10-13 16:17:00,5467.900428946596,1,216.17,1,1,1,3,Lost
16179.0,2011-10-10 09:41:00,5471.1754289465025,1,215.83,1,1,1,3,Lost
15052.0,2011-01-24 15:52:00,5729.917790057603,1,215.78,1,1,1,3,Lost
17580.0,2011-04-01 12:41:00,5663.0504289465025,3,215.72,1,1,1,3,Lost
14476.0,2011-03-27 15:39:00,5667.926817835774,1,215.7,1,1,1,3,Lost
16189.0,2011-11-24 11:47:00,5426.087928946596,2,215.48,1,1,1,3,Lost
16190.0,2011-10-30 15:59:00,5450.912928946782,1,215.08,1,1,1,3,Lost
16519.0,2011-11-14 15:41:00,5435.9254289465025,2,215.08,1,1,1,3,Lost
12831.0,2011-03-22 13:02:00,5673.035845613107,1,215.05,1,1,1,3,Lost
12588.0,2011-10-31 15:01:00,5449.953206724487,1,214.9,1,1,1,3,Lost
16338.0,2011-07-05 13:56:00,5567.99834561348,1,214.8,1,1,1,3,Lost
16411.0,2011-11-20 13:23:00,5430.021262280177,2,214.65,1,1,1,3,Lost
16846.0,2011-10-20 13:55:00,5460.999040057883,1,214.32,1,1,1,3,Lost
16647.0,2011-06-23 11:47:00,5580.087928946596,2,214.06,1,1,1,3,Lost
14601.0,2011-11-29 09:48:00,5421.170567835681,1,213.96,1,1,1,3,Lost
13621.0,2011-08-15 08:26:00,5527.227512279991,1,213.85,1,1,1,3,Lost
17153.0,2011-11-15 13:42:00,5435.008067835588,1,213.78,1,1,1,3,Lost
14241.0,2011-06-09 11:46:00,5594.088623390999,1,213.7,1,1,1,3,Lost
13411.0,2011-08-24 13:57:00,5517.997651169077,1,213.55,1,1,1,3,Lost
16591.0,2011-10-02 10:43:00,5479.132373391185,1,213.5,1,1,1,3,Lost
15540.0,2011-11-28 13:51:00,5422.001817835495,1,213.3,1,1,1,3,Lost
14984.0,2011-11-20 14:28:00,5429.976123391185,2,213.27,1,1,1,3,Lost
17928.0,2011-10-25 13:52:00,5456.001123391092,2,212.54,1,1,1,3,Lost
16017.0,2011-10-23 12:56:00,5458.040012279991,1,211.88,1,1,1,3,Lost
16356.0,2011-05-26 11:51:00,5608.085151168983,3,211.77,1,1,1,3,Lost
15703.0,2011-03-20 10:51:00,5675.126817835495,1,211.5,1,1,1,3,Lost
12995.0,2011-09-15 15:44:00,5495.923345613293,1,211.32,1,1,1,3,Lost
16415.0,2011-10-26 13:35:00,5455.012928946875,1,210.35,1,1,1,3,Lost
13532.0,2011-11-06 12:25:00,5444.061540057883,1,210.31,1,1,1,3,Lost
13828.0,2011-11-17 16:02:00,5432.910845613107,1,209.49,1,1,1,3,Lost
17855.0,2010-12-02 09:44:00,5783.173345613293,1,208.97,1,1,1,3,Lost
15327.0,2011-10-18 11:55:00,5463.082373390906,1,208.75,1,1,1,3,Lost
17514.0,2011-08-03 15:45:00,5538.92265116889,1,208.65,1,1,1,3,Lost
16914.0,2011-11-03 15:27:00,5446.935151169077,1,208.46,1,1,1,3,Lost
16457.0,2011-05-05 13:19:00,5629.0240400577895,1,208.36,1,1,1,3,Lost
12547.0,2011-05-26 12:38:00,5608.052512280177,2,207.8,1,1,1,3,Lost
18191.0,2011-03-23 12:08:00,5672.0733456132,1,207.8,1,1,1,3,Lost
16866.0,2011-07-22 10:06:00,5551.158067835495,3,207.74,1,1,1,3,Lost
16323.0,2011-05-27 14:48:00,5606.962234502193,1,207.5,1,1,1,3,Lost
16752.0,2010-12-02 12:18:00,5783.066401168704,1,207.5,1,1,1,3,Lost
17923.0,2011-03-02 15:15:00,5692.943484502379,1,207.5,1,1,1,3,Lost
13099.0,2011-09-01 17:40:00,5509.842790057883,1,207.36,1,1,1,3,Lost
15925.0,2011-05-29 15:35:00,5604.9295956133865,1,207.15,1,1,1,3,Lost
15820.0,2011-01-24 12:00:00,5730.07890116889,1,206.98,1,1,1,3,Lost
18126.0,2011-10-10 12:19:00,5471.065706724301,1,206.83,1,1,1,3,Lost
17166.0,2011-11-01 09:46:00,5449.171956724487,2,206.34,1,1,1,3,Lost
14964.0,2011-04-06 14:13:00,5657.986540057696,1,206.21,1,1,1,3,Lost
13065.0,2010-12-01 16:52:00,5783.876123391092,1,205.86,1,1,1,3,Lost
17670.0,2011-04-26 09:12:00,5638.195567835588,1,205.7,1,1,1,3,Lost
17843.0,2011-02-09 15:33:00,5713.930984502193,1,205.48,1,1,1,3,Lost
15307.0,2011-09-05 11:38:00,5506.094178946689,1,205.3,1,1,1,3,Lost
15758.0,2011-11-15 10:48:00,5435.128901168704,1,205.25,1,1,1,3,Lost
13513.0,2011-08-05 11:50:00,5537.0858456133865,1,205.1,1,1,1,3,Lost
15319.0,2011-03-01 12:48:00,5694.045567835681,1,204.5,1,1,1,3,Lost
17206.0,2011-10-17 13:25:00,5464.019873390906,1,204.24,1,1,1,3,Lost
13017.0,2011-12-02 15:53:00,5417.9170956132,1,204.0,1,1,1,3,Lost
18273.0,2011-12-07 13:16:00,5413.026123390999,3,204.0,1,1,1,3,Lost
17187.0,2011-04-27 12:39:00,5637.051817835774,1,203.95,1,1,1,3,Lost
17394.0,2011-05-04 13:22:00,5630.02195672458,1,203.87,1,1,1,3,Lost
17889.0,2011-05-11 16:26:00,5622.8941789465025,2,203.87,1,1,1,3,Lost
17891.0,2011-06-30 20:08:00,5572.740012280177,1,203.86,1,1,1,3,Lost
17376.0,2011-09-30 12:36:00,5481.053901168983,2,203.2,1,1,1,3,Lost
15723.0,2010-12-10 11:12:00,5775.112234502099,1,203.1,1,1,1,3,Lost
14381.0,2011-10-18 17:10:00,5462.863623390906,1,202.68,1,1,1,3,Lost
18169.0,2011-10-10 12:18:00,5471.066401168704,1,202.65,1,1,1,3,Lost
14385.0,2011-11-30 15:36:00,5419.928901168983,3,202.11,1,1,1,3,Lost
15347.0,2010-12-08 15:25:00,5776.936540057883,1,201.6,1,1,1,3,Lost
13295.0,2010-12-15 11:21:00,5770.105984502006,1,201.2,1,1,1,3,Lost
13284.0,2011-01-13 09:23:00,5741.187928946689,1,201.19,1,1,1,3,Lost
16965.0,2011-04-27 12:08:00,5637.0733456132,1,201.19,1,1,1,3,Lost
13859.0,2011-01-17 16:14:00,5736.902512279805,1,201.16,1,1,1,3,Lost
17693.0,2011-07-25 15:48:00,5547.920567835681,1,200.47,1,1,1,3,Lost
13262.0,2011-03-21 15:06:00,5673.949734502006,1,200.29,1,1,1,3,Lost
15437.0,2011-03-22 13:11:00,5673.02959561348,1,200.16,1,1,1,3,Lost
13980.0,2011-10-10 13:34:00,5471.013623391278,1,200.14,1,1,1,3,Lost
14782.0,2011-01-24 11:12:00,5730.112234502099,1,200.1,1,1,1,3,Lost
13723.0,2011-05-06 17:04:00,5627.8677900577895,1,199.85,1,1,1,3,Lost
15593.0,2011-09-30 11:46:00,5481.088623390999,1,199.8,1,1,1,3,Lost
13322.0,2011-11-22 14:21:00,5427.980984502006,1,199.48,1,1,1,3,Lost
17383.0,2011-12-05 17:36:00,5414.845567835495,1,199.29,1,1,1,3,Lost
16832.0,2011-06-08 15:36:00,5594.928901168983,3,199.15,1,1,1,3,Lost
17987.0,2011-06-07 14:22:00,5595.980290057603,1,198.57,1,1,1,3,Lost
16178.0,2011-07-24 16:05:00,5548.908762279898,1,197.9,1,1,1,3,Lost
12450.0,2011-07-06 14:41:00,5566.96709561348,2,197.88,1,1,1,3,Lost
12581.0,2011-10-31 08:56:00,5450.2066789465025,1,197.71,1,1,1,3,Lost
14185.0,2011-01-12 13:52:00,5742.001123391092,1,197.65,1,1,1,3,Lost
14789.0,2011-11-11 08:59:00,5439.204595613293,1,197.64,1,1,1,3,Lost
17301.0,2011-11-18 13:43:00,5432.007373391185,1,197.63,1,1,1,3,Lost
16829.0,2011-07-06 10:48:00,5567.128901168704,1,197.22,1,1,1,3,Lost
14830.0,2011-10-17 14:29:00,5463.975428946782,1,197.13,1,1,1,3,Lost
15234.0,2011-03-08 08:53:00,5687.208762280177,1,197.0,1,1,1,3,Lost
12586.0,2011-11-22 16:24:00,5427.895567835774,1,196.94,1,1,1,3,Lost
13436.0,2011-12-08 10:33:00,5412.139317835681,1,196.89,1,1,1,3,Lost
15746.0,2011-07-28 15:21:00,5544.939317835495,1,196.88,1,1,1,3,Lost
13978.0,2011-11-25 11:36:00,5425.095567835495,2,196.79,1,1,1,3,Lost
17660.0,2011-07-21 13:37:00,5552.011540057603,1,196.0,1,1,1,3,Lost
16112.0,2011-07-19 14:28:00,5553.976123391185,4,195.74,1,1,1,3,Lost
13792.0,2011-10-04 14:31:00,5476.974040057976,2,195.55,1,1,1,3,Lost
17010.0,2011-11-21 14:49:00,5428.9615400577895,1,195.36,1,1,1,3,Lost
14666.0,2011-11-15 12:57:00,5435.039317835588,1,195.25,1,1,1,3,Lost
15612.0,2011-11-03 14:52:00,5446.95945672458,2,195.15,1,1,1,3,Lost
14100.0,2011-07-25 11:01:00,5548.119873390999,1,194.9,1,1,1,3,Lost
16887.0,2011-11-04 14:07:00,5445.99070672458,1,194.88,1,1,1,3,Lost
14087.0,2011-12-07 12:41:00,5413.0504289465025,1,194.42,1,1,1,3,Lost
17475.0,2011-09-21 14:55:00,5489.957373390906,1,194.37,1,1,1,3,Lost
15683.0,2011-08-14 12:56:00,5528.040012279991,1,193.75,1,1,1,3,Lost
15198.0,2011-09-08 14:42:00,5502.966401169077,2,193.64,1,1,1,3,Lost
17343.0,2010-12-19 15:07:00,5765.949040057603,1,193.64,1,1,1,3,Lost
16847.0,2011-10-27 13:29:00,5454.017095613293,1,193.44,1,1,1,3,Lost
17608.0,2011-11-06 13:06:00,5444.033067835495,2,193.42,1,1,1,3,Lost
14806.0,2011-09-25 15:32:00,5485.931678946596,1,193.39,1,1,1,3,Lost
14801.0,2011-10-09 15:24:00,5471.937234502286,1,193.14,1,1,1,3,Lost
13568.0,2011-06-19 14:42:00,5583.966401169077,1,192.85,1,1,1,3,Lost
12522.0,2011-10-31 15:30:00,5449.933067835402,2,192.72,1,1,1,3,Lost
12791.0,2010-12-01 11:27:00,5784.101817835588,1,192.6,1,1,1,3,Lost
14768.0,2011-11-22 12:54:00,5428.041401168797,2,192.6,1,1,1,3,Lost
15909.0,2011-06-19 10:38:00,5584.1358456132,1,191.94,1,1,1,3,Lost
17904.0,2011-11-18 12:57:00,5432.039317835588,1,191.67,1,1,1,3,Lost
14966.0,2011-11-25 12:20:00,5425.065012279898,1,191.32,1,1,1,3,Lost
15692.0,2011-11-11 14:12:00,5438.987234502099,1,191.04,1,1,1,3,Lost
17233.0,2011-11-04 14:06:00,5445.991401168983,1,190.88,1,1,1,3,Lost
13033.0,2010-12-17 14:23:00,5767.9795956132,1,190.55,1,1,1,3,Lost
15412.0,2011-06-21 15:24:00,5581.937234502286,1,190.53,1,1,1,3,Lost
13972.0,2011-09-30 11:54:00,5481.083067835774,2,190.25,1,1,1,3,Lost
17885.0,2011-11-27 14:40:00,5422.967790057883,1,190.19,1,1,1,3,Lost
12361.0,2011-02-25 13:51:00,5698.001817835495,1,189.9,1,1,1,3,Lost
13826.0,2011-06-16 13:48:00,5587.003901168704,1,189.5,1,1,1,3,Lost
13663.0,2011-06-13 15:44:00,5589.923345613293,1,189.47,1,1,1,3,Lost
18045.0,2011-10-25 13:07:00,5456.032373391092,1,189.4,1,1,1,3,Lost
16448.0,2011-05-25 16:28:00,5608.892790057696,1,188.89,1,1,1,3,Lost
14697.0,2011-05-05 15:39:00,5628.926817835774,2,188.61,1,1,1,3,Lost
12893.0,2011-11-09 12:34:00,5441.0552900577895,1,188.14,1,1,1,3,Lost
17781.0,2011-07-03 16:00:00,5569.912234502379,2,188.02,1,1,1,3,Lost
14722.0,2011-07-15 14:58:00,5557.955290057696,1,187.92,1,1,1,3,Lost
17279.0,2011-10-13 11:58:00,5468.080290057696,1,187.83,1,1,1,3,Lost
18013.0,2011-07-07 14:11:00,5565.9879289465025,2,187.29,1,1,1,3,Lost
17440.0,2011-07-06 11:54:00,5567.083067835774,3,186.42,1,1,1,3,Lost
13672.0,2011-02-11 13:53:00,5712.000428946689,2,186.39,1,1,1,3,Lost
14551.0,2011-11-21 13:36:00,5429.012234502006,2,186.23,1,1,1,3,Lost
15567.0,2011-11-21 10:48:00,5429.128901168704,1,186.01,1,1,1,3,Lost
12641.0,2011-08-16 13:26:00,5526.0191789465025,1,185.9,1,1,1,3,Lost
17574.0,2011-04-11 09:47:00,5653.171262280084,1,185.65,1,1,1,3,Lost
14199.0,2011-05-05 13:44:00,5629.006678946782,1,185.4,1,1,1,3,Lost
16097.0,2011-04-13 13:47:00,5651.004595613107,1,185.05,1,1,1,3,Lost
13482.0,2011-04-21 17:03:00,5642.868484502193,1,184.64,1,1,1,3,Lost
17680.0,2011-11-16 12:42:00,5434.049734502099,1,184.4,1,1,1,3,Lost
16433.0,2011-11-11 14:09:00,5438.989317835774,1,184.26,1,1,1,3,Lost
15124.0,2011-11-17 10:09:00,5433.155984502286,2,184.19,1,1,1,3,Lost
14326.0,2011-04-11 15:04:00,5652.951123391278,1,183.85,1,1,1,3,Lost
16680.0,2011-10-27 17:35:00,5453.846262279898,1,183.7,1,1,1,3,Lost
14059.0,2011-03-18 10:06:00,5677.158067835495,1,183.6,1,1,1,3,Lost
13460.0,2011-11-10 17:17:00,5439.858762280084,2,183.44,1,1,1,3,Lost
13059.0,2011-04-04 10:40:00,5660.134456724394,1,183.4,1,1,1,3,Lost
17772.0,2011-11-29 11:05:00,5421.1170956133865,2,182.77,1,1,1,3,Lost
14082.0,2010-12-10 11:02:00,5775.119178946596,1,182.25,1,1,1,3,Lost
18119.0,2010-12-07 11:59:00,5778.079595613293,1,181.12,1,1,1,3,Lost
15886.0,2011-10-10 14:25:00,5470.978206724394,1,181.09,1,1,1,3,Lost
16594.0,2011-09-25 14:08:00,5485.990012280177,1,181.09,1,1,1,3,Lost
15945.0,2010-12-09 13:14:00,5776.027512279805,1,181.0,1,1,1,3,Lost
15292.0,2011-05-22 15:00:00,5611.95390116889,1,180.94,1,1,1,3,Lost
16835.0,2011-08-03 13:50:00,5539.002512279898,2,180.85,1,1,1,3,Lost
18280.0,2011-03-07 09:52:00,5688.167790057603,1,180.6,1,1,1,3,Lost
13710.0,2011-11-08 08:16:00,5442.234456724487,1,180.48,1,1,1,3,Lost
15041.0,2011-06-22 16:16:00,5580.901123390999,1,180.35,1,1,1,3,Lost
13598.0,2011-10-23 14:28:00,5457.976123391185,1,180.17,1,1,1,3,Lost
12622.0,2011-04-21 16:39:00,5642.885151168797,1,180.1,1,1,1,3,Lost
18147.0,2011-10-25 11:46:00,5456.088623390999,2,179.34,1,1,1,3,Lost
15895.0,2011-07-13 10:27:00,5560.143484502099,1,179.17,1,1,1,3,Lost
15454.0,2010-12-12 14:21:00,5772.980984502006,1,179.1,1,1,1,3,Lost
14705.0,2011-05-25 12:39:00,5609.051817835774,1,179.0,1,1,1,3,Lost
16990.0,2011-05-05 08:30:00,5629.224734502379,1,179.0,1,1,1,3,Lost
15139.0,2011-04-14 11:39:00,5650.093484502286,2,178.96,1,1,1,3,Lost
16620.0,2011-12-06 12:19:00,5414.065706724301,2,178.96,1,1,1,3,Lost
15262.0,2011-01-20 12:16:00,5734.067790057976,1,178.95,1,1,1,3,Lost
13778.0,2011-08-28 15:25:00,5513.936540057883,1,178.7,1,1,1,3,Lost
17879.0,2011-06-19 12:36:00,5584.053901168983,1,178.52,1,1,1,3,Lost
17253.0,2011-11-21 12:59:00,5429.037928946782,1,178.26,1,1,1,3,Lost
17356.0,2011-02-01 11:07:00,5722.11570672458,1,178.22,1,1,1,3,Lost
18282.0,2011-12-02 11:43:00,5418.0907067246735,2,178.05,1,1,1,3,Lost
16403.0,2011-01-31 13:39:00,5723.010151168797,1,177.5,1,1,1,3,Lost
13618.0,2011-06-19 11:09:00,5584.114317835774,1,177.34,1,1,1,3,Lost
12618.0,2011-11-18 11:10:00,5432.113623390906,1,177.31,1,1,1,3,Lost
13072.0,2011-03-18 08:12:00,5677.237234502099,1,177.15,1,1,1,3,Lost
12923.0,2011-10-06 16:20:00,5474.8983456133865,1,176.97,1,1,1,3,Lost
17947.0,2011-11-02 13:05:00,5448.033762279898,1,176.68,1,1,1,3,Lost
14287.0,2011-12-01 13:25:00,5419.019873390906,3,176.63,1,1,1,3,Lost
12509.0,2011-02-28 14:45:00,5694.964317835402,1,176.5,1,1,1,3,Lost
18274.0,2011-11-09 17:03:00,5440.868484502193,1,175.92,1,1,1,3,Lost
17582.0,2011-04-17 13:18:00,5647.024734502193,1,175.27,1,1,1,3,Lost
16144.0,2011-04-07 10:09:00,5657.155984502286,1,175.2,1,1,1,3,Lost
17331.0,2011-08-08 11:55:00,5534.082373390906,1,175.2,1,1,1,3,Lost
18010.0,2011-03-28 12:27:00,5667.060151169077,1,174.8,1,1,1,3,Lost
14355.0,2010-12-09 12:16:00,5776.067790057976,1,174.4,1,1,1,3,Lost
13560.0,2011-12-02 13:11:00,5418.02959561348,1,174.37,1,1,1,3,Lost
14518.0,2011-10-06 14:43:00,5474.9657067246735,1,174.37,1,1,1,3,Lost
15335.0,2011-10-17 12:50:00,5464.044178946875,1,173.97,1,1,1,3,Lost
18278.0,2011-09-27 11:58:00,5484.080290057696,1,173.9,1,1,1,3,Lost
16861.0,2011-10-11 09:05:00,5470.200428946875,2,173.76,1,1,1,3,Lost
14798.0,2011-10-18 10:58:00,5463.1219567246735,3,173.74,1,1,1,3,Lost
16565.0,2010-12-10 15:21:00,5774.939317835495,1,173.7,1,1,1,3,Lost
12441.0,2010-12-08 10:45:00,5777.130984502379,1,173.55,1,1,1,3,Lost
15565.0,2011-10-20 14:33:00,5460.972651168704,2,173.16,1,1,1,3,Lost
15670.0,2011-02-16 10:50:00,5707.127512279898,1,173.05,1,1,1,3,Lost
14693.0,2011-03-20 12:50:00,5675.044178946875,1,172.9,1,1,1,3,Lost
18048.0,2011-05-20 14:58:00,5613.955290057696,2,172.29,1,1,1,3,Lost
13690.0,2011-10-11 15:03:00,5469.951817835681,1,172.25,1,1,1,3,Lost
13922.0,2010-12-23 10:38:00,5762.1358456132,1,172.25,1,1,1,3,Lost
12442.0,2011-12-06 14:22:00,5413.980290057603,1,172.06,1,1,1,3,Lost
14536.0,2011-03-25 12:21:00,5670.064317835495,1,171.8,1,1,1,3,Lost
16773.0,2011-10-13 14:37:00,5467.969873391092,1,171.59,1,1,1,3,Lost
17245.0,2011-05-19 10:43:00,5615.132373391185,1,171.45,1,1,1,3,Lost
15432.0,2011-11-16 16:30:00,5433.89140116889,1,171.19,1,1,1,3,Lost
17542.0,2011-03-15 11:45:00,5680.089317835402,1,170.75,1,1,1,3,Lost
14860.0,2011-11-20 14:17:00,5429.983762280084,1,170.32,1,1,1,3,Lost
18058.0,2011-11-30 08:38:00,5420.219178946689,1,170.16,1,1,1,3,Lost
15016.0,2011-06-20 12:06:00,5583.074734502006,1,170.04,1,1,1,3,Lost
16921.0,2011-10-09 16:22:00,5471.89695672458,1,169.79,1,1,1,3,Lost
13962.0,2011-11-18 08:47:00,5432.212928946596,2,169.55,1,1,1,3,Lost
14218.0,2011-10-28 10:00:00,5453.162234502379,1,169.48,1,1,1,3,Lost
18004.0,2010-12-12 13:47:00,5773.004595613107,1,169.47,1,1,1,3,Lost
12367.0,2011-12-05 16:48:00,5414.878901168704,1,168.9,1,1,1,3,Lost
14578.0,2011-12-06 17:18:00,5413.858067835681,1,168.63,1,1,1,3,Lost
18269.0,2010-12-08 13:53:00,5777.000428946689,1,168.6,1,1,1,3,Lost
17367.0,2011-04-15 14:21:00,5648.980984502006,1,168.4,1,1,1,3,Lost
15888.0,2011-09-20 12:30:00,5491.058067835402,1,168.31,1,1,1,3,Lost
18099.0,2011-08-04 15:52:00,5537.917790057603,1,168.31,1,1,1,3,Lost
16282.0,2011-01-04 11:42:00,5750.091401169077,1,168.3,1,1,1,3,Lost
17737.0,2011-11-30 15:16:00,5419.942790057976,2,168.24,1,1,1,3,Lost
15986.0,2011-11-09 15:17:00,5440.942095613107,1,168.12,1,1,1,3,Lost
12551.0,2010-12-17 11:23:00,5768.1045956132,1,168.0,1,1,1,3,Lost
15374.0,2011-08-03 09:59:00,5539.162928946782,1,168.0,1,1,1,3,Lost
18088.0,2011-10-09 13:41:00,5472.008762279991,1,167.67,1,1,1,3,Lost
17561.0,2011-11-20 12:53:00,5430.0420956132,1,167.62,1,1,1,3,Lost
16952.0,2011-08-22 13:03:00,5520.035151168704,2,167.61,1,1,1,3,Lost
15920.0,2011-07-08 15:31:00,5564.932373390999,4,167.5,1,1,1,3,Lost
16405.0,2011-02-10 15:24:00,5712.937234502286,2,167.25,1,1,1,3,Lost
18014.0,2011-11-11 15:28:00,5438.9344567246735,1,166.42,1,1,1,3,Lost
14295.0,2011-10-30 15:50:00,5450.919178946875,1,166.2,1,1,1,3,Lost
17650.0,2011-11-18 14:52:00,5431.95945672458,1,166.08,1,1,1,3,Lost
12817.0,2011-03-03 16:28:00,5691.892790057696,1,166.04,1,1,1,3,Lost
14485.0,2011-11-01 12:25:00,5449.061540057883,1,165.75,1,1,1,3,Lost
14552.0,2011-07-11 12:49:00,5562.044873391278,1,165.07,1,1,1,3,Lost
18042.0,2011-10-17 11:49:00,5464.0865400577895,1,165.05,1,1,1,3,Lost
13470.0,2011-09-01 14:57:00,5509.955984502099,2,165.0,1,1,1,3,Lost
15316.0,2011-01-17 11:34:00,5737.096956724301,1,165.0,1,1,1,3,Lost
15904.0,2011-12-01 14:50:00,5418.9608456133865,1,164.68,1,1,1,3,Lost
17535.0,2011-03-04 15:20:00,5690.940012279898,1,164.4,1,1,1,3,Lost
13603.0,2011-11-13 15:57:00,5436.914317835588,1,164.34,1,1,1,3,Lost
12920.0,2011-11-22 15:05:00,5427.950428946875,1,164.23,1,1,1,3,Lost
18200.0,2011-08-25 18:45:00,5516.79765116889,1,163.8,1,1,1,3,Lost
14354.0,2011-12-04 11:32:00,5416.098345613107,2,163.62,1,1,1,3,Lost
17110.0,2011-06-27 12:58:00,5576.038623391185,1,163.3,1,1,1,3,Lost
13223.0,2011-05-23 13:03:00,5611.035151168704,2,163.2,1,1,1,3,Lost
16406.0,2011-11-21 11:57:00,5429.080984502099,1,163.07,1,1,1,3,Lost
15167.0,2011-01-23 12:41:00,5731.0504289465025,1,163.0,1,1,1,3,Lost
16517.0,2011-03-07 13:50:00,5688.002512279898,1,162.7,1,1,1,3,Lost
15733.0,2011-03-02 09:05:00,5693.200428946875,1,162.3,1,1,1,3,Lost
15325.0,2011-08-28 11:55:00,5514.082373390906,1,162.29,1,1,1,3,Lost
16932.0,2011-10-17 14:12:00,5463.987234502099,1,161.94,1,1,1,3,Lost
17600.0,2011-11-22 09:43:00,5428.174040057696,1,161.67,1,1,1,3,Lost
15458.0,2011-11-14 13:08:00,5436.031678946689,1,161.64,1,1,1,3,Lost
16113.0,2011-06-09 16:16:00,5593.901123390999,1,161.38,1,1,1,3,Lost
14362.0,2011-11-17 15:08:00,5432.9483456132,1,161.2,1,1,1,3,Lost
14204.0,2011-12-07 13:38:00,5413.0108456132,1,161.03,1,1,1,3,Lost
14089.0,2011-10-14 10:38:00,5467.1358456132,1,161.0,1,1,1,3,Lost
14237.0,2010-12-01 13:20:00,5784.0233456133865,1,161.0,1,1,1,3,Lost
13229.0,2011-04-28 12:07:00,5636.074040057603,1,160.95,1,1,1,3,Lost
15852.0,2011-06-06 11:22:00,5597.105290057603,2,160.71,1,1,1,3,Lost
17344.0,2011-10-24 12:56:00,5457.040012279991,1,160.57,1,1,1,3,Lost
12573.0,2011-04-26 15:52:00,5637.917790057603,1,160.54,1,1,1,3,Lost
18203.0,2011-07-05 13:07:00,5568.032373391092,1,160.42,1,1,1,3,Lost
18146.0,2011-07-22 12:08:00,5551.0733456132,2,160.35,1,1,1,3,Lost
14714.0,2011-11-15 13:07:00,5435.032373391092,1,160.19,1,1,1,3,Lost
12966.0,2011-11-30 12:38:00,5420.052512280177,1,160.18,1,1,1,3,Lost
13420.0,2011-07-13 08:48:00,5560.212234502193,2,159.85,1,1,1,3,Lost
16213.0,2011-09-22 10:03:00,5489.160151168704,1,159.0,1,1,1,3,Lost
18224.0,2011-03-21 10:30:00,5674.14140116889,1,158.95,1,1,1,3,Lost
13937.0,2011-06-23 16:35:00,5579.887928946875,1,158.85,1,1,1,3,Lost
17165.0,2011-02-28 16:39:00,5694.885151168797,1,158.68,1,1,1,3,Lost
15160.0,2010-12-17 14:15:00,5767.98515116889,1,158.16,1,1,1,3,Lost
15348.0,2011-09-28 13:17:00,5483.025428946596,1,158.04,1,1,1,3,Lost
15988.0,2011-11-20 13:23:00,5430.021262280177,1,158.03,1,1,1,3,Lost
17556.0,2011-05-18 10:48:00,5616.128901168704,1,157.9,1,1,1,3,Lost
14799.0,2011-10-19 16:16:00,5461.901123390999,1,157.7,1,1,1,3,Lost
14148.0,2011-04-20 12:02:00,5644.077512280084,1,157.2,1,1,1,3,Lost
17128.0,2011-01-09 12:02:00,5745.077512280084,1,157.09,1,1,1,3,Lost
14585.0,2011-10-20 14:33:00,5460.972651168704,1,157.05,1,1,1,3,Lost
17118.0,2011-01-26 12:19:00,5728.065706724301,1,157.02,1,1,1,3,Lost
15007.0,2011-07-03 16:00:00,5569.912234502379,1,156.91,1,1,1,3,Lost
14406.0,2011-08-12 16:54:00,5529.874734502286,1,156.75,1,1,1,3,Lost
15438.0,2011-07-31 14:19:00,5541.982373391278,1,156.58,1,1,1,3,Lost
15263.0,2011-08-25 10:26:00,5517.1441789465025,1,156.51,1,1,1,3,Lost
13898.0,2011-01-18 10:28:00,5736.142790057696,1,155.93,1,1,1,3,Lost
17871.0,2011-05-19 11:32:00,5615.098345613107,1,155.9,1,1,1,3,Lost
17899.0,2011-07-03 14:58:00,5569.955290057696,1,155.8,1,1,1,3,Lost
14813.0,2010-12-05 11:57:00,5780.080984502099,2,155.43,1,1,1,3,Lost
17832.0,2011-10-21 11:43:00,5460.0907067246735,1,155.37,1,1,1,3,Lost
12738.0,2010-12-02 18:27:00,5782.810151169077,1,155.35,1,1,1,3,Lost
16720.0,2011-11-13 16:22:00,5436.89695672458,1,155.24,1,1,1,3,Lost
15447.0,2011-01-13 11:26:00,5741.102512279991,1,155.17,1,1,1,3,Lost
13809.0,2011-02-07 13:15:00,5716.026817835402,1,155.05,1,1,1,3,Lost
14368.0,2011-01-24 09:52:00,5730.167790057603,1,155.0,1,1,1,3,Lost
14046.0,2011-02-28 14:48:00,5694.962234502193,1,154.99,1,1,1,3,Lost
17698.0,2011-03-24 11:34:00,5671.096956724301,1,154.95,1,1,1,3,Lost
15740.0,2011-10-21 14:29:00,5459.975428946782,1,154.88,1,1,1,3,Lost
17026.0,2011-06-07 14:28:00,5595.976123391185,2,154.83,1,1,1,3,Lost
15226.0,2011-02-02 11:41:00,5721.09209561348,1,154.41,1,1,1,3,Lost
17517.0,2011-02-04 11:48:00,5719.087234502193,1,153.94,1,1,1,3,Lost
17286.0,2011-11-18 12:47:00,5432.046262280084,1,153.92,1,1,1,3,Lost
16351.0,2011-01-11 10:26:00,5743.1441789465025,1,153.9,1,1,1,3,Lost
12602.0,2011-10-12 11:22:00,5469.105290057603,1,153.12,1,1,1,3,Lost
17714.0,2011-01-23 10:32:00,5731.140012280084,1,153.0,1,1,1,3,Lost
16248.0,2011-10-09 11:32:00,5472.098345613107,1,152.94,1,1,1,3,Lost
17984.0,2011-07-17 15:59:00,5555.912928946782,1,152.68,1,1,1,3,Lost
18138.0,2011-02-17 14:51:00,5705.960151168983,1,152.65,1,1,1,3,Lost
14066.0,2011-03-18 12:21:00,5677.064317835495,1,152.55,1,1,1,3,Lost
17707.0,2011-06-07 15:03:00,5595.951817835681,2,152.4,1,1,1,3,Lost
13514.0,2011-09-27 09:39:00,5484.176817835774,1,152.2,1,1,1,3,Lost
14039.0,2011-11-06 13:48:00,5444.003901168704,1,152.2,1,1,1,3,Lost
17898.0,2011-09-15 14:56:00,5495.9566789465025,2,152.06,1,1,1,3,Lost
16617.0,2011-04-18 10:35:00,5646.137928946875,1,151.85,1,1,1,3,Lost
16412.0,2011-10-17 12:35:00,5464.0545956133865,1,151.83,1,1,1,3,Lost
14208.0,2011-09-06 12:48:00,5505.045567835681,1,151.74,1,1,1,3,Lost
13462.0,2011-04-01 11:20:00,5663.106678946875,1,151.5,1,1,1,3,Lost
16461.0,2011-06-15 12:07:00,5588.074040057603,1,151.42,1,1,1,3,Lost
13697.0,2011-11-01 09:14:00,5449.194178946782,1,151.3,1,1,1,3,Lost
16337.0,2011-11-03 10:03:00,5447.160151168704,1,151.05,1,1,1,3,Lost
14073.0,2011-11-07 15:49:00,5442.919873391278,1,151.04,1,1,1,3,Lost
15717.0,2011-04-19 13:21:00,5645.022651168983,1,150.3,1,1,1,3,Lost
17234.0,2011-06-10 11:20:00,5593.106678946875,1,149.89,1,1,1,3,Lost
15869.0,2011-03-07 17:23:00,5687.8545956132,2,149.64,1,1,1,3,Lost
17946.0,2011-04-20 17:00:00,5643.870567835402,2,149.58,1,1,1,3,Lost
18262.0,2011-07-22 16:04:00,5550.909456724301,1,149.48,1,1,1,3,Lost
15748.0,2011-10-30 12:51:00,5451.043484502006,1,149.31,1,1,1,3,Lost
15435.0,2011-11-17 16:39:00,5432.885151168797,1,149.29,1,1,1,3,Lost
13003.0,2011-08-26 10:50:00,5516.127512279898,3,149.05,1,1,1,3,Lost
17549.0,2011-11-16 09:59:00,5434.162928946782,2,148.86,1,1,1,3,Lost
15526.0,2011-11-06 15:04:00,5443.951123391278,2,148.44,1,1,1,3,Lost
17859.0,2011-02-08 10:32:00,5715.140012280084,1,148.21,1,1,1,3,Lost
14968.0,2011-11-09 13:58:00,5440.9969567246735,1,147.59,1,1,1,3,Lost
14098.0,2011-11-03 10:13:00,5447.1532067246735,1,147.35,1,1,1,3,Lost
14037.0,2011-06-16 13:57:00,5586.997651169077,2,147.2,1,1,1,3,Lost
12864.0,2011-07-24 13:03:00,5549.035151168704,1,147.12,1,1,1,3,Lost
15503.0,2010-12-12 10:57:00,5773.122651169077,1,147.09,1,1,1,3,Lost
17030.0,2011-10-07 08:49:00,5474.2115400577895,1,146.87,1,1,1,3,Lost
14238.0,2011-01-17 14:40:00,5736.967790057883,1,146.85,1,1,1,3,Lost
16893.0,2010-12-08 12:06:00,5777.074734502006,1,145.93,1,1,1,3,Lost
12565.0,2011-02-24 10:34:00,5699.138623391278,1,145.92,1,1,1,3,Lost
17935.0,2011-07-24 13:18:00,5549.024734502193,2,145.79,1,1,1,3,Lost
13866.0,2011-09-26 14:54:00,5484.958067835774,1,145.67,1,1,1,3,Lost
15937.0,2011-10-06 15:48:00,5474.920567835681,1,145.35,1,1,1,3,Lost
16598.0,2011-02-27 11:42:00,5696.091401169077,1,145.05,1,1,1,3,Lost
17524.0,2010-12-13 14:32:00,5771.973345613107,1,145.0,1,1,1,3,Lost
16852.0,2011-11-29 13:22:00,5421.02195672458,2,144.91,1,1,1,3,Lost
12974.0,2011-05-26 09:33:00,5608.180984502193,1,144.8,1,1,1,3,Lost
14109.0,2011-09-28 10:18:00,5483.149734502193,1,144.2,1,1,1,3,Lost
12587.0,2011-12-02 12:47:00,5418.046262280084,1,144.0,1,1,1,3,Lost
17186.0,2011-10-24 10:20:00,5457.1483456133865,2,144.0,1,1,1,3,Lost
17578.0,2011-05-05 18:38:00,5628.802512280177,1,143.46,1,1,1,3,Lost
15705.0,2011-05-22 15:37:00,5611.92820672458,1,143.1,1,1,1,3,Lost
13299.0,2011-03-16 12:55:00,5679.040706724394,1,142.5,1,1,1,3,Lost
16287.0,2011-06-23 09:08:00,5580.1983456132,1,142.5,1,1,1,3,Lost
13584.0,2011-02-06 12:49:00,5717.044873391278,1,142.4,1,1,1,3,Lost
14386.0,2011-02-16 09:45:00,5707.17265116889,1,142.4,1,1,1,3,Lost
13561.0,2011-05-08 12:39:00,5626.051817835774,1,141.86,1,1,1,3,Lost
14041.0,2011-03-18 13:25:00,5677.019873390906,1,141.41,1,1,1,3,Lost
15388.0,2011-03-14 13:53:00,5681.000428946689,1,140.54,1,1,1,3,Lost
13483.0,2011-10-05 11:53:00,5476.083762280177,1,140.34,1,1,1,3,Lost
14494.0,2011-11-14 09:21:00,5436.189317835495,1,139.56,1,1,1,3,Lost
16483.0,2011-05-31 13:08:00,5603.031678946689,1,139.35,1,1,1,3,Lost
17718.0,2011-04-21 13:39:00,5643.010151168797,1,139.35,1,1,1,3,Lost
14772.0,2011-08-19 15:04:00,5522.951123391278,1,139.26,1,1,1,3,Lost
18209.0,2011-11-11 12:07:00,5439.074040057603,1,139.1,1,1,1,3,Lost
15135.0,2011-04-14 19:16:00,5649.776123390999,1,139.05,1,1,1,3,Lost
13273.0,2011-08-18 14:02:00,5523.994178946596,1,138.98,1,1,1,3,Lost
12902.0,2011-03-20 12:06:00,5675.074734502006,1,138.68,1,1,1,3,Lost
14581.0,2011-11-23 12:39:00,5427.051817835774,1,138.6,1,1,1,3,Lost
17122.0,2011-08-12 14:33:00,5529.972651168704,1,138.32,1,1,1,3,Lost
13716.0,2011-03-15 13:49:00,5680.003206724301,1,138.28,1,1,1,3,Lost
15663.0,2011-08-25 15:50:00,5516.919178946875,1,138.14,1,1,1,3,Lost
12512.0,2011-10-04 14:55:00,5476.957373390906,2,138.03,1,1,1,3,Lost
16050.0,2011-06-19 11:44:00,5584.090012279805,1,137.9,1,1,1,3,Lost
13279.0,2011-09-22 17:24:00,5488.853901168797,1,137.75,1,1,1,3,Lost
17709.0,2011-06-23 11:55:00,5580.082373390906,1,137.45,1,1,1,3,Lost
15836.0,2011-10-20 17:13:00,5460.861540057696,1,137.37,1,1,1,3,Lost
14483.0,2011-03-03 10:26:00,5692.1441789465025,1,137.1,1,1,1,3,Lost
17468.0,2011-11-29 15:33:00,5420.930984502193,2,137.0,1,1,1,3,Lost
15691.0,2011-04-01 15:13:00,5662.944873391185,1,136.8,1,1,1,3,Lost
14247.0,2011-03-06 15:21:00,5688.939317835495,1,136.77,1,1,1,3,Lost
17972.0,2011-04-12 12:16:00,5652.067790057976,1,136.04,1,1,1,3,Lost
16462.0,2011-09-27 10:24:00,5484.145567835774,3,136.0,1,1,1,3,Lost
12968.0,2011-08-19 15:44:00,5522.923345613293,1,135.95,1,1,1,3,Lost
15042.0,2011-05-24 16:25:00,5609.894873390906,1,135.93,1,1,1,3,Lost
14889.0,2011-01-07 15:19:00,5746.940706724301,1,135.9,1,1,1,3,Lost
15419.0,2011-11-15 09:23:00,5435.187928946689,1,135.86,1,1,1,3,Lost
15174.0,2011-01-21 09:06:00,5733.199734502006,1,135.75,1,1,1,3,Lost
16114.0,2011-06-22 10:13:00,5581.1532067246735,1,135.75,1,1,1,3,Lost
16665.0,2010-12-12 14:03:00,5772.993484502193,1,135.4,1,1,1,3,Lost
15276.0,2011-10-04 16:39:00,5476.885151168797,1,135.31,1,1,1,3,Lost
12851.0,2011-09-04 12:41:00,5507.0504289465025,1,135.18,1,1,1,3,Lost
13364.0,2011-09-29 18:13:00,5481.819873391185,1,134.96,1,1,1,3,Lost
16055.0,2011-05-03 09:26:00,5631.18584561348,1,134.8,1,1,1,3,Lost
14340.0,2011-05-05 09:44:00,5629.173345613293,1,134.7,1,1,1,3,Lost
15562.0,2010-12-23 09:55:00,5762.165706724394,1,134.55,1,1,1,3,Lost
14174.0,2011-11-06 13:17:00,5444.025428946596,1,134.46,1,1,1,3,Lost
12837.0,2011-06-19 16:07:00,5583.907373391092,1,134.1,1,1,1,3,Lost
14280.0,2011-05-27 10:37:00,5607.136540057603,1,134.04,1,1,1,3,Lost
16424.0,2011-06-01 13:40:00,5602.009456724394,1,133.56,1,1,1,3,Lost
14349.0,2011-11-29 15:39:00,5420.926817835774,1,133.5,1,1,1,3,Lost
12445.0,2011-11-17 18:43:00,5432.799040057696,1,133.4,1,1,1,3,Lost
17881.0,2011-02-08 17:16:00,5714.859456724487,1,133.35,1,1,1,3,Lost
15709.0,2011-03-01 10:38:00,5694.1358456132,1,133.25,1,1,1,3,Lost
17647.0,2011-10-05 15:38:00,5475.927512280177,1,133.06,1,1,1,3,Lost
17785.0,2011-10-17 13:43:00,5464.007373391185,1,131.94,1,1,1,3,Lost
14438.0,2011-02-06 14:56:00,5716.9566789465025,1,131.9,1,1,1,3,Lost
17297.0,2011-11-22 14:43:00,5427.9657067246735,1,131.78,1,1,1,3,Lost
17455.0,2011-05-20 12:31:00,5614.057373390999,1,131.7,1,1,1,3,Lost
14795.0,2011-06-26 13:04:00,5577.034456724301,1,131.45,1,1,1,3,Lost
15844.0,2011-10-24 15:19:00,5456.940706724301,1,130.74,1,1,1,3,Lost
16679.0,2010-12-08 13:51:00,5777.001817835495,1,129.75,1,1,1,3,Lost
16611.0,2011-06-06 15:46:00,5596.921956724487,1,129.49,1,1,1,3,Lost
16623.0,2011-04-08 10:09:00,5656.155984502286,1,129.45,1,1,1,3,Lost
16828.0,2011-09-07 15:10:00,5503.946956724394,2,128.5,1,1,1,3,Lost
15543.0,2011-02-24 15:26:00,5698.93584561348,1,127.86,1,1,1,3,Lost
17359.0,2011-11-28 14:37:00,5421.969873391092,1,127.86,1,1,1,3,Lost
13781.0,2011-04-03 12:08:00,5661.0733456132,1,127.84,1,1,1,3,Lost
15578.0,2011-06-30 13:03:00,5573.035151168704,1,127.1,1,1,1,3,Lost
15923.0,2010-12-02 12:16:00,5783.067790057976,1,127.08,1,1,1,3,Lost
14962.0,2011-03-14 09:42:00,5681.174734502099,1,126.7,1,1,1,3,Lost
16414.0,2011-11-18 09:42:00,5432.174734502099,2,126.25,1,1,1,3,Lost
15463.0,2011-11-10 12:57:00,5440.039317835588,1,126.14,1,1,1,3,Lost
16988.0,2011-12-04 16:02:00,5415.910845613107,1,126.12,1,1,1,3,Lost
12814.0,2011-08-30 12:11:00,5512.071262279991,1,125.92,1,1,1,3,Lost
13522.0,2011-11-09 15:11:00,5440.946262279991,1,125.8,1,1,1,3,Lost
14861.0,2011-10-18 12:54:00,5463.041401168797,1,125.79,1,1,1,3,Lost
14890.0,2011-03-31 11:57:00,5664.080984502099,1,125.65,1,1,1,3,Lost
15017.0,2011-11-06 10:33:00,5444.139317835681,1,125.58,1,1,1,3,Lost
12531.0,2011-11-25 11:12:00,5425.112234502099,1,125.22,1,1,1,3,Lost
17148.0,2011-10-19 09:59:00,5462.162928946782,1,124.88,1,1,1,3,Lost
16849.0,2011-06-06 09:16:00,5597.192790057976,1,124.57,1,1,1,3,Lost
16569.0,2011-12-06 15:32:00,5413.931678946596,1,124.2,1,1,1,3,Lost
14495.0,2011-10-20 12:28:00,5461.0594567246735,2,123.8,1,1,1,3,Lost
16658.0,2010-12-06 13:47:00,5779.004595613107,1,123.24,1,1,1,3,Lost
15917.0,2011-04-06 10:40:00,5658.134456724394,1,123.1,1,1,1,3,Lost
17967.0,2010-12-03 11:19:00,5782.107373391278,1,123.07,1,1,1,3,Lost
13519.0,2011-09-22 18:24:00,5488.812234502286,1,122.75,1,1,1,3,Lost
13876.0,2011-10-07 10:22:00,5474.14695672458,1,122.7,1,1,1,3,Lost
14413.0,2010-12-12 13:37:00,5773.011540057603,1,122.7,1,1,1,3,Lost
13638.0,2011-11-24 10:38:00,5426.1358456132,1,122.64,1,1,1,3,Lost
14165.0,2011-03-09 12:39:00,5686.051817835774,1,122.54,1,1,1,3,Lost
14076.0,2011-08-02 15:19:00,5539.940706724301,1,122.47,1,1,1,3,Lost
16073.0,2011-02-15 15:41:00,5707.9254289465025,1,122.4,1,1,1,3,Lost
18018.0,2011-08-23 17:37:00,5518.844873391092,2,122.14,1,1,1,3,Lost
13244.0,2011-09-08 11:46:00,5503.088623390999,1,121.74,1,1,1,3,Lost
13182.0,2011-10-25 13:46:00,5456.005290057976,1,121.18,1,1,1,3,Lost
15049.0,2011-03-11 12:13:00,5684.069873391185,1,121.17,1,1,1,3,Lost
15512.0,2011-07-07 10:20:00,5566.1483456133865,2,121.0,1,1,1,3,Lost
13002.0,2011-01-25 15:18:00,5728.941401168704,1,120.95,1,1,1,3,Lost
17446.0,2011-06-16 10:42:00,5587.133067835588,2,120.9,1,1,1,3,Lost
18015.0,2011-12-05 14:49:00,5414.9615400577895,1,120.03,1,1,1,3,Lost
14259.0,2011-07-21 10:44:00,5552.131678946782,1,120.0,1,1,1,3,Lost
14314.0,2011-08-25 10:39:00,5517.135151168797,1,120.0,1,1,1,3,Lost
14453.0,2011-06-02 14:15:00,5600.98515116889,1,119.93,1,1,1,3,Lost
16542.0,2011-10-17 10:47:00,5464.129595613107,1,119.62,1,1,1,3,Lost
15266.0,2011-01-05 13:40:00,5749.009456724394,1,119.3,1,1,1,3,Lost
16666.0,2011-11-20 14:01:00,5429.994873390999,1,118.98,1,1,1,3,Lost
15843.0,2011-02-09 10:19:00,5714.1490400577895,1,118.95,1,1,1,3,Lost
17079.0,2011-09-22 15:34:00,5488.9302900577895,1,118.8,1,1,1,3,Lost
14155.0,2011-03-18 14:13:00,5676.986540057696,1,118.75,1,1,1,3,Lost
13581.0,2011-02-03 14:41:00,5719.96709561348,1,118.0,1,1,1,3,Lost
13193.0,2011-10-09 14:30:00,5471.974734502379,1,117.88,1,1,1,3,Lost
12929.0,2011-02-01 12:08:00,5722.0733456132,1,117.85,1,1,1,3,Lost
17654.0,2011-03-07 13:17:00,5688.025428946596,1,117.55,1,1,1,3,Lost
16959.0,2011-09-13 15:03:00,5497.951817835681,1,117.35,1,1,1,3,Lost
13877.0,2011-09-14 15:49:00,5496.919873391278,1,117.24,1,1,1,3,Lost
17117.0,2011-02-24 13:54:00,5698.999734502286,1,116.2,1,1,1,3,Lost
13170.0,2011-11-13 12:19:00,5437.065706724301,1,116.01,1,1,1,3,Lost
17601.0,2011-04-14 18:02:00,5649.827512280084,1,116.01,1,1,1,3,Lost
14143.0,2011-07-29 09:48:00,5544.170567835681,1,115.8,1,1,1,3,Lost
15350.0,2010-12-01 13:33:00,5784.014317835681,1,115.65,1,1,1,3,Lost
13067.0,2011-09-18 13:38:00,5493.0108456132,1,115.46,1,1,1,3,Lost
18027.0,2011-09-02 10:38:00,5509.1358456132,1,115.31,1,1,1,3,Lost
14972.0,2011-08-03 14:54:00,5538.958067835774,1,114.77,1,1,1,3,Lost
13188.0,2011-11-28 15:28:00,5421.9344567246735,1,114.6,1,1,1,3,Lost
14632.0,2011-03-22 08:49:00,5673.2115400577895,1,114.56,1,1,1,3,Lost
16247.0,2011-06-22 14:23:00,5580.9795956132,1,114.56,1,1,1,3,Lost
14974.0,2011-11-02 13:01:00,5448.036540057976,1,114.39,1,1,1,3,Lost
17852.0,2011-11-28 12:36:00,5422.053901168983,2,114.34,1,1,1,3,Lost
17219.0,2011-11-08 11:25:00,5442.103206724394,1,114.23,1,1,1,3,Lost
14652.0,2011-09-23 14:21:00,5487.980984502006,1,114.18,1,1,1,3,Lost
12938.0,2011-11-14 11:21:00,5436.105984502006,1,114.14,1,1,1,3,Lost
14582.0,2011-10-30 11:56:00,5451.0816789465025,1,114.11,1,1,1,3,Lost
12651.0,2011-01-09 12:46:00,5745.046956724487,1,114.0,1,1,1,3,Lost
14457.0,2011-02-02 09:39:00,5721.176817835774,1,113.64,1,1,1,3,Lost
15445.0,2011-03-20 15:06:00,5674.949734502006,1,113.5,1,1,1,3,Lost
17217.0,2011-04-19 17:19:00,5644.857373391278,1,113.5,1,1,1,3,Lost
18105.0,2011-11-02 12:04:00,5448.076123391278,1,113.48,1,1,1,3,Lost
16913.0,2011-02-22 12:56:00,5701.040012279991,1,113.44,1,1,1,3,Lost
15280.0,2011-06-20 17:14:00,5582.860845613293,1,113.12,1,1,1,3,Lost
14689.0,2011-05-15 11:22:00,5619.105290057603,1,112.8,1,1,1,3,Lost
13161.0,2011-01-30 14:03:00,5723.993484502193,1,112.75,1,1,1,3,Lost
16697.0,2011-04-12 17:12:00,5651.862234502099,1,112.75,1,1,1,3,Lost
13807.0,2010-12-07 15:48:00,5777.920567835681,1,112.6,1,1,1,3,Lost
18129.0,2011-04-10 14:16:00,5653.984456724487,1,112.55,1,1,1,3,Lost
15610.0,2011-10-19 10:36:00,5462.137234502006,1,112.46,1,1,1,3,Lost
17038.0,2011-11-09 13:50:00,5441.002512279898,1,112.4,1,1,1,3,Lost
14271.0,2011-04-28 12:47:00,5636.046262280084,1,112.32,1,1,1,3,Lost
17893.0,2011-04-28 13:50:00,5636.002512279898,1,112.25,1,1,1,3,Lost
17900.0,2011-06-02 14:38:00,5600.969178946689,2,112.2,1,1,1,3,Lost
12756.0,2011-09-14 09:31:00,5497.182373390999,1,112.08,1,1,1,3,Lost
17274.0,2011-11-04 13:16:00,5446.026123390999,1,111.98,1,1,1,3,Lost
17957.0,2011-10-04 14:58:00,5476.955290057696,1,111.68,1,1,1,3,Lost
17887.0,2011-08-02 17:29:00,5539.850428946782,1,111.35,1,1,1,3,Lost
18120.0,2011-05-09 13:45:00,5625.005984502379,1,111.15,1,1,1,3,Lost
13508.0,2011-04-10 11:58:00,5654.080290057696,1,110.97,1,1,1,3,Lost
13144.0,2011-01-11 11:15:00,5743.11015116889,1,110.95,1,1,1,3,Lost
15537.0,2011-06-29 13:10:00,5574.030290057883,1,110.92,1,1,1,3,Lost
15853.0,2011-10-19 10:38:00,5462.1358456132,1,110.8,1,1,1,3,Lost
17349.0,2011-06-13 14:29:00,5589.975428946782,1,110.75,1,1,1,3,Lost
16963.0,2011-06-05 13:48:00,5598.003901168704,1,110.55,1,1,1,3,Lost
14641.0,2011-11-18 10:42:00,5432.133067835588,1,110.46,1,1,1,3,Lost
12734.0,2010-12-22 12:47:00,5763.046262280084,1,110.4,1,1,1,3,Lost
16792.0,2011-03-02 14:41:00,5692.96709561348,2,110.38,1,1,1,3,Lost
17901.0,2011-11-10 17:29:00,5439.850428946782,1,110.38,1,1,1,3,Lost
18277.0,2011-10-12 15:22:00,5468.938623391092,1,110.38,1,1,1,3,Lost
17746.0,2011-04-13 14:31:00,5650.974040057976,1,110.25,1,1,1,3,Lost
17836.0,2011-10-23 16:13:00,5457.9032067246735,1,110.21,1,1,1,3,Lost
16339.0,2011-02-28 13:41:00,5695.008762279991,1,109.95,1,1,1,3,Lost
13133.0,2011-03-11 10:31:00,5684.140706724487,2,109.8,1,1,1,3,Lost
16363.0,2011-10-17 14:14:00,5463.985845613293,1,109.36,1,1,1,3,Lost
14699.0,2011-05-09 14:54:00,5624.958067835774,1,109.13,1,1,1,3,Lost
14345.0,2011-11-01 09:51:00,5449.168484502006,1,108.98,1,1,1,3,Lost
17639.0,2011-03-08 15:22:00,5686.938623391092,1,108.5,1,1,1,3,Lost
16106.0,2011-10-05 10:37:00,5476.136540057603,1,108.38,1,1,1,3,Lost
13226.0,2011-03-11 14:35:00,5683.971262279898,1,108.21,1,1,1,3,Lost
12956.0,2011-02-06 16:08:00,5716.906678946689,1,108.07,1,1,1,3,Lost
14661.0,2011-11-13 11:51:00,5437.085151168983,1,107.95,1,1,1,3,Lost
16784.0,2011-11-20 12:20:00,5430.065012279898,1,107.6,1,1,1,3,Lost
15395.0,2011-01-18 12:40:00,5736.051123390906,1,107.45,1,1,1,3,Lost
16757.0,2011-01-25 11:59:00,5729.079595613293,1,106.83,1,1,1,3,Lost
15168.0,2011-11-14 11:26:00,5436.102512279991,1,106.56,1,1,1,3,Lost
15070.0,2010-12-02 11:23:00,5783.1045956132,1,106.2,1,1,1,3,Lost
17791.0,2011-11-10 12:09:00,5440.072651168797,1,106.1,1,1,1,3,Lost
16581.0,2011-06-10 10:05:00,5593.158762279898,1,105.84,1,1,1,3,Lost
15775.0,2011-04-08 12:56:00,5656.040012279991,1,104.9,1,1,1,3,Lost
14027.0,2011-10-10 09:01:00,5471.203206724487,1,104.82,1,1,1,3,Lost
15607.0,2011-01-07 12:44:00,5747.048345613293,1,104.76,1,1,1,3,Lost
15958.0,2011-09-26 13:41:00,5485.008762279991,1,104.35,1,1,1,3,Lost
18174.0,2011-12-02 16:56:00,5417.87334561348,1,104.0,1,1,1,3,Lost
17548.0,2011-04-20 12:01:00,5644.078206724487,1,103.3,1,1,1,3,Lost
18255.0,2011-09-11 13:16:00,5500.026123390999,1,103.3,1,1,1,3,Lost
14542.0,2011-06-07 08:19:00,5596.232373391278,1,103.25,1,1,1,3,Lost
17962.0,2011-07-20 14:16:00,5552.984456724487,1,102.83,1,1,1,3,Lost
18011.0,2010-12-01 17:35:00,5783.846262279898,1,102.79,1,1,1,3,Lost
14836.0,2011-11-29 16:45:00,5420.880984502379,3,102.45,1,1,1,3,Lost
14981.0,2011-04-07 13:45:00,5657.005984502379,1,102.12,1,1,1,3,Lost
13948.0,2010-12-14 10:18:00,5771.149734502193,1,102.0,1,1,1,3,Lost
15212.0,2011-04-12 13:45:00,5652.005984502379,1,101.8,1,1,1,3,Lost
16516.0,2011-11-09 14:59:00,5440.954595613293,1,101.7,1,1,1,3,Lost
18068.0,2011-02-23 14:50:00,5699.9608456133865,1,101.7,1,1,1,3,Lost
17643.0,2010-12-01 14:38:00,5783.969178946689,1,101.55,1,1,1,3,Lost
16006.0,2011-05-12 13:12:00,5622.028901169077,1,101.4,1,1,1,3,Lost
18086.0,2011-03-10 13:34:00,5685.013623391278,1,101.34,1,1,1,3,Lost
13101.0,2011-04-19 14:37:00,5644.969873391092,1,101.19,1,1,1,3,Lost
16344.0,2011-07-04 15:50:00,5568.919178946875,1,101.1,1,1,1,3,Lost
16498.0,2011-07-01 15:07:00,5571.949040057603,2,100.97,1,1,1,3,Lost
14946.0,2011-11-25 13:33:00,5425.014317835681,1,100.9,1,1,1,3,Lost
17427.0,2011-09-29 11:29:00,5482.100428946782,1,100.8,1,1,1,3,Lost
14371.0,2011-02-17 16:35:00,5705.887928946875,1,100.5,1,1,1,3,Lost
13703.0,2011-01-25 13:10:00,5729.030290057883,1,99.5,1,1,1,3,Lost
17939.0,2011-07-03 12:27:00,5570.060151169077,1,99.14,1,1,1,3,Lost
15256.0,2011-07-14 11:47:00,5559.087928946596,1,98.45,1,1,1,3,Lost
17538.0,2011-11-14 12:12:00,5436.070567835588,1,98.42,1,1,1,3,Lost
17895.0,2011-10-26 17:00:00,5454.870567835402,1,98.0,1,1,1,3,Lost
18033.0,2011-10-05 17:28:00,5475.851123391185,1,97.97,1,1,1,3,Lost
15422.0,2011-01-20 16:17:00,5733.900428946596,2,97.7,1,1,1,3,Lost
12984.0,2011-11-21 12:37:00,5429.05320672458,1,97.5,1,1,1,3,Lost
17325.0,2011-03-04 13:09:00,5691.030984502286,1,96.8,1,1,1,3,Lost
15216.0,2011-09-13 11:41:00,5498.09209561348,1,96.6,1,1,1,3,Lost
14642.0,2011-10-12 11:08:00,5469.115012280177,1,96.12,1,1,1,3,Lost
17024.0,2011-10-25 13:47:00,5456.004595613107,3,95.85,1,1,1,3,Lost
18249.0,2011-11-22 15:07:00,5427.949040057603,1,95.34,1,1,1,3,Lost
12548.0,2011-06-26 15:35:00,5576.9295956133865,1,95.2,1,1,1,3,Lost
16387.0,2011-01-21 11:34:00,5733.096956724301,1,94.36,1,1,1,3,Lost
13651.0,2011-11-04 14:59:00,5445.954595613293,2,94.2,1,1,1,3,Lost
15397.0,2011-02-23 09:25:00,5700.186540057883,1,94.0,1,1,1,3,Lost
15428.0,2011-11-24 16:54:00,5425.874734502286,1,93.78,1,1,1,3,Lost
18227.0,2011-05-06 12:23:00,5628.062928946689,1,93.75,1,1,1,3,Lost
13283.0,2011-10-11 09:50:00,5470.169178946875,2,93.66,1,1,1,3,Lost
17991.0,2011-04-28 15:58:00,5635.913623391185,2,93.35,1,1,1,3,Lost
12821.0,2011-05-09 15:51:00,5624.918484502006,1,92.72,1,1,1,3,Lost
14054.0,2011-10-05 15:49:00,5475.919873391278,1,92.46,1,1,1,3,Lost
12789.0,2011-10-05 13:34:00,5476.013623391278,1,91.85,1,1,1,3,Lost
13160.0,2011-11-17 13:07:00,5433.032373391092,1,91.8,1,1,1,3,Lost
13551.0,2011-01-24 14:46:00,5729.963623390999,1,91.8,1,1,1,3,Lost
12659.0,2011-11-10 11:53:00,5440.083762280177,1,91.68,1,1,1,3,Lost
15488.0,2011-09-08 10:11:00,5503.15459561348,1,91.32,1,1,1,3,Lost
13947.0,2011-10-05 14:42:00,5475.966401169077,1,90.6,1,1,1,3,Lost
14353.0,2011-05-08 16:06:00,5625.908067835495,1,90.6,1,1,1,3,Lost
18084.0,2011-11-23 13:57:00,5426.997651169077,1,90.48,1,1,1,3,Lost
16506.0,2011-11-20 12:17:00,5430.067095613107,2,90.3,1,1,1,3,Lost
15552.0,2011-05-06 14:47:00,5627.962928946596,1,90.12,1,1,1,3,Lost
16597.0,2011-12-05 15:44:00,5414.923345613293,1,90.04,1,1,1,3,Lost
14117.0,2011-07-19 09:49:00,5554.169873391278,1,90.0,1,1,1,3,Lost
14219.0,2011-12-05 16:23:00,5414.896262280177,1,89.94,1,1,1,3,Lost
14760.0,2011-02-15 16:27:00,5707.893484502099,1,89.2,1,1,1,3,Lost
12686.0,2010-12-03 09:51:00,5782.168484502006,1,89.14,1,1,1,3,Lost
14436.0,2011-09-02 10:13:00,5509.1532067246735,1,89.06,1,1,1,3,Lost
12353.0,2011-05-19 17:47:00,5614.837928946596,1,89.0,1,1,1,3,Lost
15083.0,2011-03-28 12:18:00,5667.066401168704,1,88.2,1,1,1,3,Lost
15180.0,2010-12-07 14:57:00,5777.955984502099,1,87.5,1,1,1,3,Lost
13296.0,2011-07-25 13:46:00,5548.005290057976,1,87.4,1,1,1,3,Lost
15541.0,2011-08-17 14:58:00,5524.955290057696,1,85.13,1,1,1,3,Lost
13841.0,2011-04-01 12:10:00,5663.071956724394,1,85.0,1,1,1,3,Lost
15729.0,2011-05-11 12:36:00,5623.053901168983,1,85.0,1,1,1,3,Lost
13666.0,2011-10-10 15:39:00,5470.926817835774,3,84.65,1,1,1,3,Lost
12401.0,2011-02-09 13:50:00,5714.002512279898,1,84.3,1,1,1,3,Lost
17309.0,2011-09-05 15:20:00,5505.940012279898,1,82.75,1,1,1,3,Lost
13006.0,2011-10-14 13:49:00,5467.003206724301,1,81.57,1,1,1,3,Lost
17620.0,2011-10-11 12:08:00,5470.0733456132,1,81.44,1,1,1,3,Lost
18281.0,2011-06-12 10:53:00,5591.125428946689,1,80.82,1,1,1,3,Lost
16789.0,2011-12-01 15:12:00,5418.945567835588,1,80.8,1,1,1,3,Lost
13967.0,2011-07-17 12:02:00,5556.077512280084,1,80.7,1,1,1,3,Lost
17752.0,2010-12-15 16:19:00,5769.8990400577895,1,80.64,1,1,1,3,Lost
13747.0,2010-12-01 10:37:00,5784.136540057603,1,79.6,1,1,1,3,Lost
15753.0,2011-02-08 12:41:00,5715.0504289465025,1,79.2,1,1,1,3,Lost
16078.0,2011-03-01 09:47:00,5694.171262280084,1,79.2,1,1,1,3,Lost
17942.0,2011-12-02 10:45:00,5418.130984502379,1,77.5,1,1,1,3,Lost
14785.0,2011-11-29 13:21:00,5421.022651168983,2,77.4,1,1,1,3,Lost
13132.0,2011-03-23 12:44:00,5672.048345613293,1,77.3,1,1,1,3,Lost
13992.0,2011-11-09 15:23:00,5440.937928946689,1,76.8,1,1,1,3,Lost
14373.0,2010-12-16 15:40:00,5768.926123390906,1,76.55,1,1,1,3,Lost
13106.0,2011-07-29 15:12:00,5543.945567835588,1,76.5,1,1,1,3,Lost
17536.0,2011-06-15 13:23:00,5588.021262280177,1,76.5,1,1,1,3,Lost
14090.0,2011-01-19 10:51:00,5735.126817835495,1,76.32,1,1,1,3,Lost
15668.0,2011-05-06 10:39:00,5628.135151168797,1,76.32,1,1,1,3,Lost
16148.0,2011-02-16 14:01:00,5706.994873390999,1,76.32,1,1,1,3,Lost
18113.0,2010-12-06 12:31:00,5779.057373390999,1,76.32,1,1,1,3,Lost
17995.0,2011-03-03 12:30:00,5692.058067835402,1,76.1,1,1,1,3,Lost
17628.0,2011-09-19 15:21:00,5491.939317835495,1,75.75,1,1,1,3,Lost
16610.0,2011-05-04 13:13:00,5630.0282067246735,1,75.66,1,1,1,3,Lost
13403.0,2011-11-22 08:28:00,5428.226123391185,1,75.0,1,1,1,3,Lost
16468.0,2011-09-26 14:13:00,5484.986540057696,1,74.9,1,1,1,3,Lost
13095.0,2011-09-30 12:03:00,5481.076817835681,1,74.4,1,1,1,3,Lost
18050.0,2010-12-15 14:25:00,5769.978206724394,1,74.4,1,1,1,3,Lost
17960.0,2011-06-21 14:15:00,5581.98515116889,1,73.78,1,1,1,3,Lost
12506.0,2011-04-21 08:54:00,5643.208067835774,1,73.5,1,1,1,3,Lost
18032.0,2011-01-09 15:32:00,5744.931678946596,1,73.5,1,1,1,3,Lost
16171.0,2011-10-11 14:51:00,5469.960151168983,1,73.2,1,1,1,3,Lost
17906.0,2011-04-06 17:25:00,5657.853206724394,1,72.9,1,1,1,3,Lost
13686.0,2011-06-10 09:10:00,5593.196956724394,1,72.0,1,1,1,3,Lost
13938.0,2011-11-04 14:37:00,5445.969873391092,1,71.66,1,1,1,3,Lost
13185.0,2011-03-17 11:56:00,5678.0816789465025,1,71.4,1,1,1,3,Lost
17747.0,2011-08-19 08:13:00,5523.236540057696,1,71.4,1,1,1,3,Lost
17022.0,2011-11-08 17:09:00,5441.864317835774,1,71.0,1,1,1,3,Lost
15863.0,2011-11-14 12:49:00,5436.044873391278,2,68.84,1,1,1,3,Lost
14393.0,2011-05-05 18:16:00,5628.817790057976,1,67.95,1,1,1,3,Lost
13684.0,2011-02-27 10:13:00,5696.1532067246735,1,67.23,1,1,1,3,Lost
17382.0,2011-10-05 13:05:00,5476.033762279898,1,65.4,1,1,1,3,Lost
13130.0,2011-09-06 15:30:00,5504.933067835402,1,64.0,1,1,1,3,Lost
13302.0,2011-07-07 17:56:00,5565.8316789465025,1,63.75,1,1,1,3,Lost
17263.0,2011-05-15 14:32:00,5618.973345613107,1,63.44,1,1,1,3,Lost
12665.0,2011-01-19 08:34:00,5735.221956724301,1,63.0,1,1,1,3,Lost
14437.0,2010-12-09 09:27:00,5776.185151169077,1,63.0,1,1,1,3,Lost
14840.0,2011-03-17 12:00:00,5678.07890116889,1,62.85,1,1,1,3,Lost
13218.0,2011-08-04 16:59:00,5537.871262279805,1,62.64,1,1,1,3,Lost
15516.0,2011-10-26 10:51:00,5455.126817835495,3,62.43,1,1,1,3,Lost
13194.0,2011-07-27 09:01:00,5546.203206724487,1,60.7,1,1,1,3,Lost
17174.0,2011-05-06 11:47:00,5628.087928946596,1,59.9,1,1,1,3,Lost
13391.0,2011-05-20 10:50:00,5614.127512279898,1,59.8,1,1,1,3,Lost
13682.0,2011-06-05 14:06:00,5597.991401168983,1,59.5,1,1,1,3,Lost
14957.0,2011-03-31 17:59:00,5663.829595613293,1,58.49,1,1,1,3,Lost
13080.0,2011-06-13 14:59:00,5589.954595613293,1,58.08,1,1,1,3,Lost
17775.0,2011-03-30 10:50:00,5665.127512279898,1,56.4,1,1,1,3,Lost
15899.0,2010-12-06 10:36:00,5779.137234502006,1,56.25,1,1,1,3,Lost
13366.0,2011-10-20 13:37:00,5461.011540057603,1,56.16,1,1,1,3,Lost
16349.0,2011-02-22 12:40:00,5701.051123390906,1,53.5,1,1,1,3,Lost
15504.0,2011-09-19 13:45:00,5492.005984502379,1,52.83,1,1,1,3,Lost
13832.0,2011-11-20 15:36:00,5429.928901168983,1,52.2,1,1,1,3,Lost
14865.0,2011-12-02 16:25:00,5417.894873390906,2,52.2,1,1,1,3,Lost
14682.0,2011-06-05 12:12:00,5598.070567835588,2,52.0,1,1,1,3,Lost
15313.0,2011-08-21 16:02:00,5520.910845613107,1,52.0,1,1,1,3,Lost
17844.0,2011-08-25 11:27:00,5517.101817835588,1,51.56,1,1,1,3,Lost
14351.0,2011-06-28 11:56:00,5575.0816789465025,1,51.0,1,1,1,3,Lost
13011.0,2010-12-02 17:22:00,5782.855290057603,1,50.55,1,1,1,3,Lost
18184.0,2011-11-24 15:28:00,5425.9344567246735,1,49.8,1,1,1,3,Lost
14821.0,2010-12-08 08:43:00,5777.2157067246735,1,48.8,1,1,1,3,Lost
15603.0,2011-09-22 10:04:00,5489.159456724301,1,48.48,1,1,1,3,Lost
16257.0,2011-06-16 10:11:00,5587.15459561348,1,46.95,1,1,1,3,Lost
14080.0,2011-11-07 11:09:00,5443.114317835774,1,45.6,1,1,1,3,Lost
15423.0,2011-11-01 14:01:00,5448.994873390999,1,43.5,1,1,1,3,Lost
14300.0,2011-11-21 08:57:00,5429.205984502099,1,43.2,1,1,1,3,Lost
15992.0,2011-12-06 11:00:00,5414.120567835402,1,41.99,1,1,1,3,Lost
15178.0,2011-03-24 15:12:00,5670.945567835588,1,40.5,1,1,1,3,Lost
14589.0,2010-12-03 11:42:00,5782.091401169077,1,39.75,1,1,1,3,Lost
12977.0,2011-07-06 16:40:00,5566.884456724394,1,39.24,1,1,1,3,Lost
16659.0,2011-06-03 15:03:00,5599.951817835681,1,39.12,1,1,1,3,Lost
18019.0,2011-10-19 12:10:00,5462.071956724394,1,38.45,1,1,1,3,Lost
12855.0,2010-12-02 09:37:00,5783.17820672458,1,38.1,1,1,1,3,Lost
16162.0,2011-04-01 15:03:00,5662.951817835681,1,37.4,1,1,1,3,Lost
17816.0,2011-11-03 11:34:00,5447.096956724301,4,36.56,1,1,1,3,Lost
15940.0,2011-02-01 16:18:00,5721.899734502193,1,35.8,1,1,1,3,Lost
14576.0,2010-12-02 17:51:00,5782.835151168983,1,35.4,1,1,1,3,Lost
16856.0,2011-11-25 08:59:00,5425.204595613293,1,35.4,1,1,1,3,Lost
17831.0,2011-11-06 15:09:00,5443.947651168797,1,35.4,1,1,1,3,Lost
15744.0,2011-09-23 09:52:00,5488.167790057603,1,34.8,1,1,1,3,Lost
16765.0,2011-02-18 15:41:00,5704.9254289465025,1,34.0,1,1,1,3,Lost
17408.0,2011-06-29 12:53:00,5574.0420956132,1,32.65,1,1,1,3,Lost
13120.0,2011-04-15 10:19:00,5649.1490400577895,1,30.6,1,1,1,3,Lost
15657.0,2011-11-17 12:19:00,5433.065706724301,1,30.0,1,1,1,3,Lost
17102.0,2011-03-23 10:08:00,5672.156678946689,1,25.5,1,1,1,3,Lost
18268.0,2011-07-28 19:13:00,5544.7782067246735,1,25.5,1,1,1,3,Lost
16953.0,2011-11-09 15:54:00,5440.916401168797,1,20.8,1,1,1,3,Lost
17986.0,2011-10-14 14:22:00,5466.980290057603,1,20.8,1,1,1,3,Lost
16093.0,2011-08-25 11:09:00,5517.114317835774,1,17.0,1,1,1,3,Lost
13307.0,2011-08-11 17:14:00,5530.860845613293,1,15.0,1,1,1,3,Lost
15823.0,2010-12-02 15:08:00,5782.9483456132,1,15.0,1,1,1,3,Lost
17763.0,2011-03-21 14:25:00,5673.978206724394,1,15.0,1,1,1,3,Lost
16878.0,2011-09-16 17:39:00,5494.843484502286,1,13.3,1,1,1,3,Lost
17956.0,2011-04-04 13:47:00,5660.004595613107,1,12.75,1,1,1,3,Lost
16454.0,2011-10-26 11:40:00,5455.092790057883,2,6.9,1,1,1,3,Lost
14792.0,2011-10-07 09:19:00,5474.190706724301,1,6.2,1,1,1,3,Lost
16738.0,2011-02-15 09:46:00,5708.171956724487,1,3.75,1,1,1,3,Lost
13256.0,2011-11-25 15:57:00,5424.914317835588,1,0.0,1,1,1,3,Lost
